Season,MatchDate,HomeTeam,AwayTeam,FullTimeHomeGoals,FullTimeAwayGoals,FullTimeResult,HalfTimeHomeGoals,HalfTimeAwayGoals,HalfTimeResult,HomeShots,AwayShots,HomeShotsOnTarget,AwayShotsOnTarget,HomeCorners,AwayCorners,HomeFouls,AwayFouls,HomeYellowCards,AwayYellowCards,HomeRedCards,AwayRedCards
2000/01,2000-08-19,Charlton Athletic FC,Manchester City FC,4,0,H,2,0,H,17,8,14,4,6,6,13,12,1,2,0,0
2000/01,2000-08-19,Chelsea FC,West Ham United FC,4,2,H,1,0,H,17,12,10,5,7,7,19,14,1,2,0,0
2000/01,2000-08-19,Coventry City FC,Middlesbrough FC,1,3,A,1,1,D,6,16,3,9,8,4,15,21,5,3,1,0
2000/01,2000-08-19,Derby County FC,Southampton FC,2,2,D,1,2,A,6,13,4,6,5,8,11,13,1,1,0,0
2000/01,2000-08-19,Leeds United FC,Everton FC,2,0,H,2,0,H,17,12,8,6,6,4,21,20,1,3,0,0
2000/01,2000-08-19,Leicester City FC,Aston Villa FC,0,0,D,0,0,D,5,5,4,3,5,4,12,12,2,3,0,0
2000/01,2000-08-19,Liverpool FC,Bradford City FC,1,0,H,0,0,D,16,3,10,2,6,1,8,8,1,1,0,0
2000/01,2000-08-19,Sunderland AFC,Arsenal FC,1,0,H,0,0,D,8,14,2,7,2,9,10,21,3,1,0,1
2000/01,2000-08-19,Tottenham Hotspur FC,Ipswich Town FC,3,1,H,2,1,H,20,15,6,5,3,4,14,13,0,0,0,0
2000/01,2000-08-20,Manchester United FC,Newcastle United FC,2,0,H,1,0,H,19,9,9,6,7,1,7,13,0,1,0,0
2000/01,2000-08-21,Arsenal FC,Liverpool FC,2,0,H,1,0,H,17,7,12,4,10,11,25,20,2,4,1,2
2000/01,2000-08-22,Bradford City FC,Chelsea FC,2,0,H,1,0,H,12,14,3,6,6,4,14,16,0,1,0,0
2000/01,2000-08-22,Ipswich Town FC,Manchester United FC,1,1,D,1,1,D,13,15,8,6,4,6,10,7,1,4,0,0
2000/01,2000-08-22,Middlesbrough FC,Tottenham Hotspur FC,1,1,D,0,1,A,12,11,6,4,5,5,9,18,2,1,0,0
2000/01,2000-08-23,Everton FC,Charlton Athletic FC,3,0,H,0,0,D,13,8,8,4,3,5,17,15,2,1,0,1
2000/01,2000-08-23,Manchester City FC,Sunderland AFC,4,2,H,2,0,H,15,9,10,4,7,3,24,14,3,3,0,0
2000/01,2000-08-23,Newcastle United FC,Derby County FC,3,2,H,1,1,D,9,10,4,5,9,6,23,11,0,3,1,0
2000/01,2000-08-23,Southampton FC,Coventry City FC,1,2,A,0,1,A,12,7,4,5,6,5,18,20,5,3,0,0
2000/01,2000-08-23,West Ham United FC,Leicester City FC,0,1,A,0,0,D,17,4,12,2,11,5,16,14,3,3,1,0
2000/01,2000-08-26,Arsenal FC,Charlton Athletic FC,5,3,H,1,2,A,18,7,9,4,8,3,12,15,0,1,0,0
2000/01,2000-08-26,Bradford City FC,Leicester City FC,0,0,D,0,0,D,8,13,4,8,6,8,11,12,1,2,0,0
2000/01,2000-08-26,Everton FC,Derby County FC,2,2,D,2,0,H,12,7,9,4,11,2,11,9,2,3,0,0
2000/01,2000-08-26,Ipswich Town FC,Sunderland AFC,1,0,H,0,0,D,14,9,5,3,7,6,10,12,1,1,0,0
2000/01,2000-08-26,Manchester City FC,Coventry City FC,1,2,A,0,2,A,14,9,5,8,5,5,7,12,2,3,0,0
2000/01,2000-08-26,Middlesbrough FC,Leeds United FC,1,2,A,0,2,A,15,16,8,11,4,8,12,20,2,0,0,0
2000/01,2000-08-26,Newcastle United FC,Tottenham Hotspur FC,2,0,H,1,0,H,15,10,6,2,4,2,13,10,0,0,0,0
2000/01,2000-08-26,Southampton FC,Liverpool FC,3,3,D,0,1,A,14,9,7,4,7,1,7,6,0,0,0,0
2000/01,2000-08-26,West Ham United FC,Manchester United FC,2,2,D,0,1,A,17,8,8,5,7,5,12,9,1,0,0,0
2000/01,2000-08-27,Aston Villa FC,Chelsea FC,1,1,D,1,1,D,12,11,9,7,7,10,13,12,0,1,0,0
2000/01,2000-09-05,Leeds United FC,Manchester City FC,1,2,A,0,2,A,6,8,1,3,9,4,18,24,2,2,0,0
2000/01,2000-09-05,Manchester United FC,Bradford City FC,6,0,H,2,0,H,21,6,12,4,5,1,12,10,0,1,0,0
2000/01,2000-09-05,Sunderland AFC,West Ham United FC,1,1,D,1,1,D,17,16,7,9,4,11,19,14,2,3,0,0
2000/01,2000-09-05,Tottenham Hotspur FC,Everton FC,3,2,H,1,2,A,11,11,7,6,7,5,11,10,1,2,0,0
2000/01,2000-09-06,Charlton Athletic FC,Southampton FC,1,1,D,0,0,D,8,11,6,3,10,14,14,16,3,3,1,0
2000/01,2000-09-06,Chelsea FC,Arsenal FC,2,2,D,1,0,H,12,13,5,5,7,6,16,22,3,1,0,0
2000/01,2000-09-06,Coventry City FC,Newcastle United FC,0,2,A,0,1,A,13,13,3,6,6,8,11,18,1,1,0,0
2000/01,2000-09-06,Derby County FC,Middlesbrough FC,3,3,D,0,1,A,9,5,5,4,11,5,8,10,3,2,0,0
2000/01,2000-09-06,Leicester City FC,Ipswich Town FC,2,1,H,0,0,D,12,7,6,3,6,2,12,13,1,1,0,0
2000/01,2000-09-06,Liverpool FC,Aston Villa FC,3,1,H,3,0,H,11,9,7,4,8,7,13,7,0,2,0,0
2000/01,2000-09-09,Bradford City FC,Arsenal FC,1,1,D,1,0,H,9,18,5,11,4,10,17,13,0,2,0,0
2000/01,2000-09-09,Coventry City FC,Leeds United FC,0,0,D,0,0,D,9,11,1,5,6,6,15,14,2,2,0,0
2000/01,2000-09-09,Ipswich Town FC,Aston Villa FC,1,2,A,0,1,A,15,5,5,2,5,3,9,13,1,3,0,0
2000/01,2000-09-09,Leicester City FC,Southampton FC,1,0,H,0,0,D,17,9,6,5,10,6,6,9,0,0,0,0
2000/01,2000-09-09,Liverpool FC,Manchester City FC,3,2,H,1,0,H,14,9,8,7,9,4,17,17,3,4,0,0
2000/01,2000-09-09,Manchester United FC,Sunderland AFC,3,0,H,1,0,H,15,5,7,1,4,4,18,14,1,3,0,0
2000/01,2000-09-09,Middlesbrough FC,Everton FC,1,2,A,1,0,H,9,12,5,9,7,7,16,5,3,0,0,0
2000/01,2000-09-09,Newcastle United FC,Chelsea FC,0,0,D,0,0,D,10,10,4,3,5,6,17,21,0,3,0,0
2000/01,2000-09-10,Derby County FC,Charlton Athletic FC,2,2,D,2,0,H,12,10,6,6,4,11,17,12,3,1,0,0
2000/01,2000-09-11,Tottenham Hotspur FC,West Ham United FC,1,0,H,0,0,D,15,11,7,5,11,3,14,13,1,2,0,0
2000/01,2000-09-16,Arsenal FC,Coventry City FC,2,1,H,1,0,H,18,6,13,2,8,4,5,13,1,2,0,0
2000/01,2000-09-16,Aston Villa FC,Bradford City FC,2,0,H,1,0,H,12,8,7,4,5,6,8,12,0,2,0,0
2000/01,2000-09-16,Charlton Athletic FC,Tottenham Hotspur FC,1,0,H,1,0,H,9,10,5,5,7,5,8,10,0,0,0,0
2000/01,2000-09-16,Everton FC,Manchester United FC,1,3,A,0,3,A,6,17,4,9,6,5,10,11,4,1,0,0
2000/01,2000-09-16,Leeds United FC,Ipswich Town FC,1,2,A,1,1,D,11,12,6,7,6,3,12,19,1,3,0,0
2000/01,2000-09-16,Southampton FC,Newcastle United FC,2,0,H,0,0,D,13,10,9,7,4,8,14,14,0,0,0,0
2000/01,2000-09-16,Sunderland AFC,Derby County FC,2,1,H,1,0,H,15,10,8,5,4,5,16,28,2,3,0,0
2000/01,2000-09-17,Chelsea FC,Leicester City FC,0,2,A,0,1,A,16,7,10,5,15,3,16,17,3,1,0,0
2000/01,2000-09-17,Manchester City FC,Middlesbrough FC,1,1,D,0,0,D,11,4,4,2,9,3,15,11,2,5,0,0
2000/01,2000-09-17,West Ham United FC,Liverpool FC,1,1,D,0,1,A,15,7,4,2,9,0,5,13,0,2,0,0
2000/01,2000-09-23,Bradford City FC,Southampton FC,0,1,A,0,1,A,14,6,6,4,7,5,14,18,3,1,0,0
2000/01,2000-09-23,Coventry City FC,West Ham United FC,0,3,A,0,2,A,9,12,2,10,5,6,12,11,0,1,0,0
2000/01,2000-09-23,Derby County FC,Leeds United FC,1,1,D,0,1,A,13,16,7,6,7,4,17,15,2,2,1,0
2000/01,2000-09-23,Ipswich Town FC,Arsenal FC,1,1,D,0,0,D,17,10,6,4,4,7,8,13,1,2,0,0
2000/01,2000-09-23,Liverpool FC,Sunderland AFC,1,1,D,1,1,D,11,8,6,3,12,3,14,18,2,2,0,0
2000/01,2000-09-23,Manchester United FC,Chelsea FC,3,3,D,3,2,H,11,13,5,5,8,4,15,19,3,2,0,0
2000/01,2000-09-23,Middlesbrough FC,Aston Villa FC,1,1,D,0,0,D,12,15,5,7,5,5,7,14,3,0,0,0
2000/01,2000-09-23,Newcastle United FC,Charlton Athletic FC,0,1,A,0,1,A,12,4,5,2,4,7,14,10,1,2,0,0
2000/01,2000-09-23,Tottenham Hotspur FC,Manchester City FC,0,0,D,0,0,D,18,7,5,2,5,4,10,14,0,2,0,0
2000/01,2000-09-24,Leicester City FC,Everton FC,1,1,D,1,0,H,10,9,4,3,9,3,14,13,3,1,0,0
2000/01,2000-09-30,Aston Villa FC,Derby County FC,4,1,H,2,0,H,12,11,7,6,6,6,0,1,1,1,0,0
2000/01,2000-09-30,Charlton Athletic FC,Coventry City FC,2,2,D,0,1,A,12,10,8,6,6,6,8,16,1,2,0,0
2000/01,2000-09-30,Everton FC,Ipswich Town FC,0,3,A,0,1,A,7,9,3,7,4,1,6,5,1,0,0,0
2000/01,2000-09-30,Leeds United FC,Tottenham Hotspur FC,4,3,H,0,1,A,14,10,7,5,6,4,11,20,0,2,0,0
2000/01,2000-09-30,Manchester City FC,Newcastle United FC,0,1,A,0,0,D,9,15,7,9,10,8,16,12,0,1,0,0
2000/01,2000-09-30,Southampton FC,Middlesbrough FC,1,3,A,0,2,A,16,7,8,5,6,6,6,22,2,2,0,0
2000/01,2000-09-30,West Ham United FC,Bradford City FC,1,1,D,1,0,H,14,9,6,6,7,2,14,10,3,2,0,0
2000/01,2000-10-01,Arsenal FC,Manchester United FC,1,0,H,1,0,H,7,13,5,4,3,11,18,17,2,3,0,0
2000/01,2000-10-01,Chelsea FC,Liverpool FC,3,0,H,2,0,H,11,10,5,2,3,1,14,14,1,1,0,0
2000/01,2000-10-01,Sunderland AFC,Leicester City FC,0,0,D,0,0,D,11,8,5,2,6,2,12,8,3,1,0,0
2000/01,2000-10-14,Arsenal FC,Aston Villa FC,1,0,H,0,0,D,16,8,10,3,7,4,12,20,1,4,0,1
2000/01,2000-10-14,Coventry City FC,Tottenham Hotspur FC,2,1,H,2,0,H,0,4,5,5,3,5,12,16,0,4,1,0
2000/01,2000-10-14,Everton FC,Southampton FC,1,1,D,0,0,D,7,7,3,4,9,8,16,13,1,3,0,0
2000/01,2000-10-14,Ipswich Town FC,West Ham United FC,1,1,D,1,0,H,11,7,8,2,8,5,10,11,0,4,0,0
2000/01,2000-10-14,Leeds United FC,Charlton Athletic FC,3,1,H,1,0,H,22,10,10,8,8,5,7,9,0,1,0,0
2000/01,2000-10-14,Leicester City FC,Manchester United FC,0,3,A,0,1,A,10,16,4,5,6,7,8,11,0,0,0,0
2000/01,2000-10-14,Manchester City FC,Bradford City FC,2,0,H,2,0,H,13,10,10,2,5,6,10,16,0,2,0,0
2000/01,2000-10-14,Sunderland AFC,Chelsea FC,1,0,H,0,0,D,16,11,11,2,5,0,12,18,0,1,1,1
2000/01,2000-10-15,Derby County FC,Liverpool FC,0,4,A,0,1,A,6,16,0,11,4,3,18,13,1,1,0,0
2000/01,2000-10-16,Middlesbrough FC,Newcastle United FC,1,3,A,0,1,A,8,15,2,8,6,6,8,13,2,1,0,0
2000/01,2000-10-21,Bradford City FC,Ipswich Town FC,0,2,A,0,1,A,7,12,3,3,9,1,15,14,1,0,0,0
2000/01,2000-10-21,Charlton Athletic FC,Middlesbrough FC,1,0,H,0,0,D,5,8,2,6,5,6,11,19,2,2,0,0
2000/01,2000-10-21,Chelsea FC,Coventry City FC,6,1,H,2,0,H,33,3,19,3,10,0,6,8,0,1,0,1
2000/01,2000-10-21,Liverpool FC,Leicester City FC,1,0,H,0,0,D,24,8,11,3,10,9,8,10,1,2,0,0
2000/01,2000-10-21,Manchester United FC,Leeds United FC,3,0,H,1,0,H,26,5,14,0,12,4,9,18,0,2,0,0
2000/01,2000-10-21,Newcastle United FC,Everton FC,0,1,A,0,0,D,11,9,4,4,5,4,9,12,1,3,0,0
2000/01,2000-10-21,Tottenham Hotspur FC,Derby County FC,3,1,H,2,1,H,18,8,8,7,7,4,9,16,1,2,0,0
2000/01,2000-10-21,West Ham United FC,Arsenal FC,1,2,A,0,2,A,11,13,3,5,5,4,15,11,1,0,0,0
2000/01,2000-10-22,Aston Villa FC,Sunderland AFC,0,0,D,0,0,D,17,7,4,3,7,3,11,17,1,3,0,0
2000/01,2000-10-23,Southampton FC,Manchester City FC,0,2,A,0,1,A,19,11,6,4,9,3,10,15,1,2,0,0
2000/01,2000-10-28,Arsenal FC,Manchester City FC,5,0,H,1,0,H,22,6,14,2,10,4,6,13,0,3,0,1
2000/01,2000-10-28,Aston Villa FC,Charlton Athletic FC,2,1,H,2,0,H,12,7,7,4,9,6,13,11,3,2,0,0
2000/01,2000-10-28,Chelsea FC,Tottenham Hotspur FC,3,0,H,2,0,H,9,6,7,3,2,3,12,14,3,3,0,0
2000/01,2000-10-28,Ipswich Town FC,Middlesbrough FC,2,1,H,2,0,H,19,7,11,3,6,1,8,17,0,2,0,0
2000/01,2000-10-28,Leicester City FC,Derby County FC,2,1,H,1,1,D,9,7,5,2,7,3,9,18,0,3,0,0
2000/01,2000-10-28,Manchester United FC,Southampton FC,5,0,H,2,0,H,16,12,8,5,7,7,5,9,0,0,0,0
2000/01,2000-10-28,Sunderland AFC,Coventry City FC,1,0,H,0,0,D,11,10,7,4,1,3,17,10,2,2,0,0
2000/01,2000-10-28,West Ham United FC,Newcastle United FC,1,0,H,0,0,D,11,12,4,5,3,8,15,10,3,2,0,0
2000/01,2000-10-29,Bradford City FC,Leeds United FC,1,1,D,1,0,H,11,12,6,9,5,9,15,15,3,4,0,0
2000/01,2000-10-29,Liverpool FC,Everton FC,3,1,H,1,1,D,10,9,8,7,9,6,10,10,0,1,0,1
2000/01,2000-11-04,Charlton Athletic FC,Bradford City FC,2,0,H,2,0,H,11,12,7,8,3,6,10,20,0,1,0,1
2000/01,2000-11-04,Coventry City FC,Manchester United FC,1,2,A,0,2,A,4,11,2,6,3,9,17,8,1,1,0,0
2000/01,2000-11-04,Leeds United FC,Liverpool FC,4,3,H,1,2,A,10,14,7,8,7,7,18,18,1,4,0,0
2000/01,2000-11-04,Manchester City FC,Leicester City FC,0,1,A,0,0,D,14,3,3,2,9,4,12,14,1,2,0,0
2000/01,2000-11-04,Middlesbrough FC,Arsenal FC,0,1,A,0,1,A,4,11,3,8,5,8,10,11,1,1,1,0
2000/01,2000-11-04,Newcastle United FC,Ipswich Town FC,2,1,H,1,1,D,11,8,6,5,7,4,13,7,1,0,0,0
2000/01,2000-11-04,Southampton FC,Chelsea FC,3,2,H,2,0,H,10,9,4,4,7,7,16,11,4,2,0,0
2000/01,2000-11-04,Tottenham Hotspur FC,Sunderland AFC,2,1,H,1,0,H,11,12,6,3,8,7,18,9,1,0,1,0
2000/01,2000-11-05,Everton FC,Aston Villa FC,0,1,A,0,0,D,14,4,6,1,6,2,17,23,3,2,0,0
2000/01,2000-11-06,Derby County FC,West Ham United FC,0,0,D,0,0,D,14,6,2,6,6,1,14,18,1,1,0,0
2000/01,2000-11-11,Arsenal FC,Derby County FC,0,0,D,0,0,D,15,9,9,2,10,0,12,13,0,2,0,0
2000/01,2000-11-11,Aston Villa FC,Tottenham Hotspur FC,2,0,H,1,0,H,11,3,6,2,10,1,15,13,0,3,0,0
2000/01,2000-11-11,Bradford City FC,Everton FC,0,1,A,0,0,D,11,9,6,4,3,3,8,18,1,2,0,0
2000/01,2000-11-11,Ipswich Town FC,Charlton Athletic FC,2,0,H,0,0,D,30,7,13,4,13,3,8,12,0,2,0,0
2000/01,2000-11-11,Leicester City FC,Newcastle United FC,1,1,D,0,0,D,8,7,4,1,0,3,7,8,1,1,0,0
2000/01,2000-11-11,Manchester United FC,Middlesbrough FC,2,1,H,0,1,A,18,5,11,1,10,0,5,10,0,0,0,0
2000/01,2000-11-11,Sunderland AFC,Southampton FC,2,2,D,1,1,D,11,10,5,5,7,4,13,21,1,1,0,0
2000/01,2000-11-11,West Ham United FC,Manchester City FC,4,1,H,0,1,A,22,10,11,5,7,5,7,7,1,1,0,0
2000/01,2000-11-12,Chelsea FC,Leeds United FC,1,1,D,0,0,D,12,11,7,3,3,2,19,24,4,4,0,0
2000/01,2000-11-12,Liverpool FC,Coventry City FC,4,1,H,1,0,H,19,10,13,5,7,1,10,12,1,0,0,0
2000/01,2000-11-18,Charlton Athletic FC,Chelsea FC,2,0,H,1,0,H,10,13,6,3,4,5,18,22,2,3,0,0
2000/01,2000-11-18,Derby County FC,Bradford City FC,2,0,H,0,0,D,7,7,3,4,2,4,10,18,3,1,0,0
2000/01,2000-11-18,Everton FC,Arsenal FC,2,0,H,0,0,D,4,4,2,2,3,5,20,12,3,1,0,0
2000/01,2000-11-18,Leeds United FC,West Ham United FC,0,1,A,0,1,A,15,4,6,3,2,2,14,19,1,1,0,0
2000/01,2000-11-18,Manchester City FC,Manchester United FC,0,1,A,0,1,A,10,8,4,4,10,11,13,8,3,1,0,0
2000/01,2000-11-18,Middlesbrough FC,Leicester City FC,0,3,A,0,2,A,11,9,4,7,6,2,8,12,3,1,0,0
2000/01,2000-11-18,Newcastle United FC,Sunderland AFC,1,2,A,1,0,H,19,9,9,6,1,4,17,26,1,3,0,0
2000/01,2000-11-18,Southampton FC,Aston Villa FC,2,0,H,2,0,H,7,9,3,3,3,3,10,10,0,0,0,0
2000/01,2000-11-19,Tottenham Hotspur FC,Liverpool FC,2,1,H,2,1,H,6,9,4,4,6,5,11,13,1,2,0,0
2000/01,2000-11-20,Coventry City FC,Ipswich Town FC,0,1,A,0,0,D,12,10,5,4,5,5,10,12,1,1,0,0
2000/01,2000-11-25,Charlton Athletic FC,Sunderland AFC,0,1,A,0,0,D,10,8,2,3,7,8,16,16,0,1,0,0
2000/01,2000-11-25,Coventry City FC,Aston Villa FC,1,1,D,0,1,A,10,7,2,4,6,1,9,19,1,2,0,0
2000/01,2000-11-25,Derby County FC,Manchester United FC,0,3,A,0,0,D,1,12,0,7,3,9,12,12,2,1,0,0
2000/01,2000-11-25,Everton FC,Chelsea FC,2,1,H,0,1,A,11,10,5,6,1,4,11,18,0,3,0,1
2000/01,2000-11-25,Manchester City FC,Ipswich Town FC,2,3,A,0,2,A,9,11,4,4,6,5,8,5,0,2,0,0
2000/01,2000-11-25,Middlesbrough FC,Bradford City FC,2,2,D,0,2,A,14,9,9,5,6,4,17,18,0,2,1,0
2000/01,2000-11-25,Southampton FC,West Ham United FC,2,3,A,1,2,A,10,14,5,8,6,10,12,10,1,2,0,0
2000/01,2000-11-25,Tottenham Hotspur FC,Leicester City FC,3,0,H,2,0,H,15,11,7,5,5,8,21,15,1,3,0,1
2000/01,2000-11-26,Leeds United FC,Arsenal FC,1,0,H,0,0,D,12,9,6,3,8,4,19,22,1,7,0,0
2000/01,2000-11-26,Newcastle United FC,Liverpool FC,2,1,H,1,0,H,9,13,6,9,5,11,17,15,3,2,0,0
2000/01,2000-12-02,Arsenal FC,Southampton FC,1,0,H,0,0,D,24,7,12,5,16,8,14,15,0,2,0,0
2000/01,2000-12-02,Aston Villa FC,Newcastle United FC,1,1,D,1,0,H,8,9,4,5,8,2,11,12,2,1,0,0
2000/01,2000-12-02,Bradford City FC,Coventry City FC,2,1,H,0,0,D,10,13,6,7,9,8,11,12,3,2,0,0
2000/01,2000-12-02,Ipswich Town FC,Derby County FC,0,1,A,0,1,A,11,3,5,3,6,1,13,13,1,1,0,0
2000/01,2000-12-02,Leicester City FC,Leeds United FC,3,1,H,3,0,H,8,12,5,4,0,6,10,7,1,2,0,1
2000/01,2000-12-02,Liverpool FC,Charlton Athletic FC,3,0,H,1,0,H,13,7,3,2,6,5,10,9,1,1,0,0
2000/01,2000-12-02,Manchester United FC,Tottenham Hotspur FC,2,0,H,1,0,H,16,5,8,3,7,5,7,8,2,1,0,0
2000/01,2000-12-02,West Ham United FC,Middlesbrough FC,1,0,H,1,0,H,14,5,6,3,7,5,17,19,1,4,0,1
2000/01,2000-12-03,Chelsea FC,Manchester City FC,2,1,H,2,0,H,9,11,7,5,7,10,9,12,2,0,0,0
2000/01,2000-12-04,Sunderland AFC,Everton FC,2,0,H,1,0,H,24,7,11,2,8,4,16,23,0,3,0,0
2000/01,2000-12-09,Arsenal FC,Newcastle United FC,5,0,H,2,0,H,15,3,10,1,5,2,10,11,0,3,0,0
2000/01,2000-12-09,Bradford City FC,Tottenham Hotspur FC,3,3,D,1,2,A,13,6,6,4,7,2,6,16,2,0,0,0
2000/01,2000-12-09,Charlton Athletic FC,Manchester United FC,3,3,D,1,2,A,15,15,8,8,9,6,6,10,0,1,0,0
2000/01,2000-12-09,Chelsea FC,Derby County FC,4,1,H,3,0,H,19,5,10,3,3,6,8,14,0,0,0,0
2000/01,2000-12-09,Manchester City FC,Everton FC,5,0,H,3,0,H,13,14,9,4,5,13,12,12,0,1,0,0
2000/01,2000-12-09,Southampton FC,Leeds United FC,1,0,H,1,0,H,12,13,3,5,2,10,13,15,3,4,1,0
2000/01,2000-12-09,Sunderland AFC,Middlesbrough FC,1,0,H,0,0,D,8,8,5,5,5,3,22,21,1,3,0,0
2000/01,2000-12-09,West Ham United FC,Aston Villa FC,1,1,D,1,1,D,13,15,5,4,4,4,14,15,1,3,0,0
2000/01,2000-12-10,Coventry City FC,Leicester City FC,1,0,H,1,0,H,12,6,5,1,8,10,11,15,0,1,0,0
2000/01,2000-12-10,Liverpool FC,Ipswich Town FC,0,1,A,0,1,A,14,11,5,6,8,5,12,14,1,3,0,0
2000/01,2000-12-16,Aston Villa FC,Manchester City FC,2,2,D,0,0,D,10,9,5,4,5,4,8,16,2,1,1,0
2000/01,2000-12-16,Derby County FC,Coventry City FC,1,0,H,1,0,H,4,14,3,5,3,5,17,10,1,3,0,0
2000/01,2000-12-16,Everton FC,West Ham United FC,1,1,D,0,0,D,15,9,5,4,9,7,10,7,1,2,0,0
2000/01,2000-12-16,Ipswich Town FC,Southampton FC,3,1,H,0,1,A,15,13,7,4,6,1,11,12,1,2,0,0
2000/01,2000-12-16,Leeds United FC,Sunderland AFC,2,0,H,1,0,H,17,17,8,6,8,5,16,20,3,4,0,0
2000/01,2000-12-16,Leicester City FC,Charlton Athletic FC,3,1,H,1,1,D,9,12,5,8,5,5,11,16,1,2,0,0
2000/01,2000-12-16,Middlesbrough FC,Chelsea FC,1,0,H,0,0,D,7,9,4,3,3,5,14,16,0,2,0,0
2000/01,2000-12-16,Newcastle United FC,Bradford City FC,2,1,H,1,0,H,17,7,6,3,4,3,16,17,0,2,0,0
2000/01,2000-12-17,Manchester United FC,Liverpool FC,0,1,A,0,1,A,6,9,4,4,9,2,10,11,1,0,1,0
2000/01,2000-12-18,Tottenham Hotspur FC,Arsenal FC,1,1,D,1,0,H,8,17,4,10,3,7,20,14,2,1,0,0
2000/01,2000-12-22,Coventry City FC,Southampton FC,1,1,D,1,0,H,12,10,5,2,8,6,12,13,1,1,0,0
2000/01,2000-12-23,Charlton Athletic FC,Everton FC,1,0,H,1,0,H,10,10,7,4,13,6,15,21,1,4,0,0
2000/01,2000-12-23,Chelsea FC,Bradford City FC,3,0,H,1,0,H,17,7,8,1,5,4,8,12,0,1,0,0
2000/01,2000-12-23,Derby County FC,Newcastle United FC,2,0,H,1,0,H,8,8,5,4,2,3,17,16,1,2,0,0
2000/01,2000-12-23,Leeds United FC,Aston Villa FC,1,2,A,0,1,A,15,8,5,5,10,2,18,18,1,4,0,0
2000/01,2000-12-23,Leicester City FC,West Ham United FC,2,1,H,1,1,D,11,11,6,4,6,5,7,5,1,0,0,0
2000/01,2000-12-23,Liverpool FC,Arsenal FC,4,0,H,1,0,H,12,12,6,6,6,3,18,14,2,0,0,0
2000/01,2000-12-23,Manchester United FC,Ipswich Town FC,2,0,H,2,0,H,20,5,4,3,11,3,7,8,0,1,0,0
2000/01,2000-12-23,Sunderland AFC,Manchester City FC,1,0,H,1,0,H,9,9,5,3,8,6,14,18,2,2,0,0
2000/01,2000-12-23,Tottenham Hotspur FC,Middlesbrough FC,0,0,D,0,0,D,16,5,8,0,8,4,22,13,2,3,0,0
2000/01,2000-12-26,Arsenal FC,Leicester City FC,6,1,H,1,0,H,27,2,15,2,14,0,14,11,0,0,0,0
2000/01,2000-12-26,Aston Villa FC,Manchester United FC,0,1,A,0,0,D,6,14,3,3,2,4,15,16,1,2,0,0
2000/01,2000-12-26,Bradford City FC,Sunderland AFC,1,4,A,0,1,A,11,16,3,11,9,8,17,17,2,0,0,0
2000/01,2000-12-26,Everton FC,Coventry City FC,1,2,A,0,0,D,17,10,9,5,5,2,14,16,2,1,0,0
2000/01,2000-12-26,Ipswich Town FC,Chelsea FC,2,2,D,1,2,A,19,7,13,4,8,2,5,9,0,4,0,0
2000/01,2000-12-26,Manchester City FC,Derby County FC,0,0,D,0,0,D,15,14,7,3,7,7,15,14,2,2,0,0
2000/01,2000-12-26,Middlesbrough FC,Liverpool FC,1,0,H,1,0,H,7,11,2,5,2,6,7,9,2,2,0,0
2000/01,2000-12-26,Newcastle United FC,Leeds United FC,2,1,H,2,1,H,13,8,4,5,7,2,23,17,4,2,0,0
2000/01,2000-12-26,West Ham United FC,Charlton Athletic FC,5,0,H,3,0,H,17,12,10,8,5,8,19,11,1,0,0,0
2000/01,2000-12-27,Southampton FC,Tottenham Hotspur FC,2,0,H,2,0,H,17,7,6,2,4,4,17,13,1,3,0,0
2000/01,2000-12-30,Arsenal FC,Sunderland AFC,2,2,D,2,0,H,17,14,9,7,11,1,14,18,0,3,0,0
2000/01,2000-12-30,Ipswich Town FC,Tottenham Hotspur FC,3,0,H,1,0,H,18,6,9,3,10,5,13,17,0,0,0,0
2000/01,2000-12-30,Manchester City FC,Charlton Athletic FC,1,4,A,0,2,A,8,13,1,8,7,4,11,14,1,2,0,0
2000/01,2000-12-30,Middlesbrough FC,Coventry City FC,1,1,D,0,1,A,14,9,6,3,4,3,9,16,1,3,0,0
2000/01,2000-12-30,Newcastle United FC,Manchester United FC,1,1,D,0,1,A,14,8,4,6,6,3,13,10,2,3,0,0
2000/01,2000-12-30,Southampton FC,Derby County FC,1,0,H,0,0,D,10,9,5,5,7,6,17,10,0,2,0,0
2000/01,2001-01-01,Charlton Athletic FC,Arsenal FC,1,0,H,1,0,H,9,10,4,5,6,12,15,12,1,1,0,0
2000/01,2001-01-01,Chelsea FC,Aston Villa FC,1,0,H,1,0,H,13,7,5,3,2,5,15,19,0,1,0,0
2000/01,2001-01-01,Coventry City FC,Manchester City FC,1,1,D,0,0,D,19,10,9,5,12,8,16,15,1,2,0,0
2000/01,2001-01-01,Derby County FC,Everton FC,1,0,H,1,0,H,7,9,3,6,5,11,9,18,2,3,0,0
2000/01,2001-01-01,Leeds United FC,Middlesbrough FC,1,1,D,0,1,A,16,5,5,3,5,1,14,15,2,3,0,0
2000/01,2001-01-01,Leicester City FC,Bradford City FC,1,2,A,1,2,A,9,8,3,4,5,3,11,14,0,3,0,0
2000/01,2001-01-01,Liverpool FC,Southampton FC,2,1,H,1,1,D,16,7,8,3,15,2,8,5,0,1,0,0
2000/01,2001-01-01,Manchester United FC,West Ham United FC,3,1,H,2,0,H,25,9,12,5,8,2,17,13,1,2,0,0
2000/01,2001-01-01,Sunderland AFC,Ipswich Town FC,4,1,H,1,1,D,16,9,9,3,4,3,15,10,1,5,0,0
2000/01,2001-01-02,Tottenham Hotspur FC,Newcastle United FC,4,2,H,3,1,H,16,9,10,4,9,6,11,10,0,2,1,2
2000/01,2001-01-13,Arsenal FC,Chelsea FC,1,1,D,1,0,H,15,12,8,8,10,3,13,15,1,4,0,0
2000/01,2001-01-13,Aston Villa FC,Liverpool FC,0,3,A,0,2,A,5,12,1,6,1,4,7,10,2,0,0,0
2000/01,2001-01-13,Bradford City FC,Manchester United FC,0,3,A,0,0,D,9,20,3,11,1,9,11,11,1,0,0,0
2000/01,2001-01-13,Everton FC,Tottenham Hotspur FC,0,0,D,0,0,D,17,4,8,1,9,0,11,15,1,0,0,0
2000/01,2001-01-13,Manchester City FC,Leeds United FC,0,4,A,0,1,A,5,10,3,6,4,5,23,17,5,3,0,0
2000/01,2001-01-13,Middlesbrough FC,Derby County FC,4,0,H,1,0,H,13,6,8,3,4,5,8,14,0,4,0,0
2000/01,2001-01-13,Newcastle United FC,Coventry City FC,3,1,H,1,0,H,11,12,6,5,2,7,6,9,0,3,0,0
2000/01,2001-01-13,Southampton FC,Charlton Athletic FC,0,0,D,0,0,D,17,10,6,4,9,3,8,12,0,0,0,0
2000/01,2001-01-13,West Ham United FC,Sunderland AFC,0,2,A,0,1,A,13,7,6,5,9,6,20,21,4,2,0,0
2000/01,2001-01-14,Ipswich Town FC,Leicester City FC,2,0,H,0,0,D,22,6,9,3,8,1,14,10,1,1,0,0
2000/01,2001-01-20,Chelsea FC,Ipswich Town FC,4,1,H,1,1,D,23,5,10,2,11,1,11,12,3,0,0,1
2000/01,2001-01-20,Coventry City FC,Everton FC,1,3,A,0,3,A,9,8,5,4,15,3,9,22,0,1,0,0
2000/01,2001-01-20,Derby County FC,Manchester City FC,1,1,D,0,0,D,9,10,3,4,5,4,17,22,2,2,0,0
2000/01,2001-01-20,Leeds United FC,Newcastle United FC,1,3,A,1,2,A,12,11,5,7,16,1,12,18,2,1,0,0
2000/01,2001-01-20,Leicester City FC,Arsenal FC,0,0,D,0,0,D,3,13,0,4,1,9,6,8,2,2,1,0
2000/01,2001-01-20,Liverpool FC,Middlesbrough FC,0,0,D,0,0,D,22,4,7,2,7,3,9,10,1,1,0,0
2000/01,2001-01-20,Manchester United FC,Aston Villa FC,2,0,H,0,0,D,12,5,7,3,7,3,10,19,1,2,0,0
2000/01,2001-01-20,Tottenham Hotspur FC,Southampton FC,0,0,D,0,0,D,9,9,4,6,6,0,10,15,0,1,0,0
2000/01,2001-01-21,Sunderland AFC,Bradford City FC,0,0,D,0,0,D,14,7,6,3,8,7,10,13,0,1,0,0
2000/01,2001-01-22,Charlton Athletic FC,West Ham United FC,1,1,D,1,0,H,9,18,3,3,0,5,11,8,0,1,0,0
2000/01,2001-01-24,Aston Villa FC,Leeds United FC,1,2,A,1,1,D,12,7,4,3,5,3,11,10,2,0,0,0
2000/01,2001-01-30,Arsenal FC,Bradford City FC,2,0,H,2,0,H,20,6,8,2,6,3,12,14,1,2,0,0
2000/01,2001-01-30,Charlton Athletic FC,Derby County FC,2,1,H,1,1,D,13,6,9,3,9,3,13,14,2,1,0,0
2000/01,2001-01-31,Chelsea FC,Newcastle United FC,3,1,H,1,1,D,14,4,4,2,7,2,12,19,1,3,0,0
2000/01,2001-01-31,Everton FC,Middlesbrough FC,2,2,D,0,1,A,17,6,8,3,9,1,17,12,1,5,0,0
2000/01,2001-01-31,Leeds United FC,Coventry City FC,1,0,H,0,0,D,11,3,6,1,9,2,18,19,4,5,0,0
2000/01,2001-01-31,Manchester City FC,Liverpool FC,1,1,D,0,1,A,4,16,2,3,5,11,17,13,1,1,0,0
2000/01,2001-01-31,Southampton FC,Leicester City FC,1,0,H,0,0,D,10,6,5,3,3,3,14,12,0,3,0,0
2000/01,2001-01-31,Sunderland AFC,Manchester United FC,0,1,A,0,0,D,9,13,2,7,3,2,15,13,2,0,2,1
2000/01,2001-01-31,West Ham United FC,Tottenham Hotspur FC,0,0,D,0,0,D,17,14,6,6,9,4,9,16,1,1,0,0
2000/01,2001-02-03,Bradford City FC,Aston Villa FC,0,3,A,0,0,D,9,13,2,6,3,4,14,14,2,0,0,0
2000/01,2001-02-03,Coventry City FC,Arsenal FC,0,1,A,0,0,D,12,8,4,6,3,7,13,14,3,4,0,0
2000/01,2001-02-03,Derby County FC,Sunderland AFC,1,0,H,1,0,H,9,17,3,5,3,4,16,18,7,3,0,0
2000/01,2001-02-03,Ipswich Town FC,Leeds United FC,1,2,A,0,2,A,11,10,6,3,3,4,10,15,1,2,1,0
2000/01,2001-02-03,Leicester City FC,Chelsea FC,2,1,H,1,0,H,10,8,5,4,2,7,7,13,0,1,0,0
2000/01,2001-02-03,Liverpool FC,West Ham United FC,3,0,H,2,0,H,14,8,10,3,5,3,9,6,0,1,0,1
2000/01,2001-02-03,Manchester United FC,Everton FC,1,0,H,0,0,D,8,5,1,1,2,5,8,11,0,2,0,0
2000/01,2001-02-03,Middlesbrough FC,Manchester City FC,1,1,D,0,1,A,14,6,6,3,4,2,12,14,0,2,1,0
2000/01,2001-02-03,Tottenham Hotspur FC,Charlton Athletic FC,0,0,D,0,0,D,9,7,3,2,2,3,17,14,2,0,0,0
2000/01,2001-02-07,Everton FC,Leeds United FC,2,2,D,1,0,H,7,9,4,5,4,7,18,18,2,1,0,0
2000/01,2001-02-10,Arsenal FC,Ipswich Town FC,1,0,H,0,0,D,17,5,10,3,11,3,16,15,2,1,0,0
2000/01,2001-02-10,Aston Villa FC,Middlesbrough FC,1,1,D,1,0,H,15,6,4,3,7,4,11,11,1,1,0,0
2000/01,2001-02-10,Chelsea FC,Manchester United FC,1,1,D,1,0,H,8,16,4,6,3,8,16,12,0,2,0,0
2000/01,2001-02-10,Everton FC,Leicester City FC,2,1,H,2,0,H,9,9,6,2,7,2,12,7,3,2,0,0
2000/01,2001-02-10,Leeds United FC,Derby County FC,0,0,D,0,0,D,12,3,6,2,17,4,11,17,2,5,0,0
2000/01,2001-02-10,Manchester City FC,Tottenham Hotspur FC,0,1,A,0,0,D,11,11,4,4,7,3,17,10,1,0,0,0
2000/01,2001-02-10,Southampton FC,Bradford City FC,2,0,H,0,0,D,12,4,6,1,8,0,9,16,0,1,0,0
2000/01,2001-02-10,Sunderland AFC,Liverpool FC,1,1,D,0,0,D,9,8,6,4,9,6,15,25,5,3,0,0
2000/01,2001-02-11,Charlton Athletic FC,Newcastle United FC,2,0,H,2,0,H,11,5,4,3,4,11,10,12,2,1,0,0
2000/01,2001-02-12,West Ham United FC,Coventry City FC,1,1,D,0,0,D,21,13,9,4,5,4,13,16,2,5,0,0
2000/01,2001-02-24,Bradford City FC,West Ham United FC,1,2,A,0,1,A,15,11,5,5,7,1,9,10,1,2,0,0
2000/01,2001-02-24,Coventry City FC,Charlton Athletic FC,2,2,D,1,1,D,17,15,7,7,3,7,15,11,0,0,0,0
2000/01,2001-02-24,Derby County FC,Aston Villa FC,1,0,H,1,0,H,9,19,5,7,1,9,9,10,1,1,0,0
2000/01,2001-02-24,Ipswich Town FC,Everton FC,2,0,H,0,0,D,12,8,6,2,3,2,11,14,1,2,0,1
2000/01,2001-02-24,Leicester City FC,Sunderland AFC,2,0,H,1,0,H,11,9,7,3,6,5,13,16,0,4,0,1
2000/01,2001-02-24,Middlesbrough FC,Southampton FC,0,1,A,0,0,D,11,10,6,5,3,6,9,9,1,0,0,0
2000/01,2001-02-24,Newcastle United FC,Manchester City FC,0,1,A,0,0,D,10,11,3,3,5,5,18,11,1,0,0,0
2000/01,2001-02-24,Tottenham Hotspur FC,Leeds United FC,1,2,A,1,1,D,13,15,4,9,5,12,16,14,2,1,0,0
2000/01,2001-02-25,Manchester United FC,Arsenal FC,6,1,H,5,1,H,16,6,9,2,3,3,10,6,0,0,0,0
2000/01,2001-03-03,Arsenal FC,West Ham United FC,3,0,H,3,0,H,16,4,6,2,5,6,19,12,2,3,0,0
2000/01,2001-03-03,Coventry City FC,Chelsea FC,0,0,D,0,0,D,17,24,10,11,5,8,13,15,2,2,0,0
2000/01,2001-03-03,Derby County FC,Tottenham Hotspur FC,2,1,H,2,0,H,8,13,4,7,6,7,20,12,2,3,0,0
2000/01,2001-03-03,Everton FC,Newcastle United FC,1,1,D,0,0,D,16,4,6,2,4,1,13,12,1,2,0,0
2000/01,2001-03-03,Leeds United FC,Manchester United FC,1,1,D,0,0,D,18,5,10,5,14,3,25,21,3,5,0,0
2000/01,2001-03-03,Leicester City FC,Liverpool FC,2,0,H,0,0,D,9,8,7,3,4,7,9,7,1,1,0,0
2000/01,2001-03-03,Manchester City FC,Southampton FC,0,1,A,0,0,D,15,6,7,1,5,6,15,15,1,1,0,0
2000/01,2001-03-03,Middlesbrough FC,Charlton Athletic FC,0,0,D,0,0,D,8,11,2,8,4,5,13,12,1,1,0,0
2000/01,2001-03-04,Ipswich Town FC,Bradford City FC,3,1,H,0,1,A,21,7,8,5,7,2,13,14,0,4,0,0
2000/01,2001-03-05,Sunderland AFC,Aston Villa FC,1,1,D,0,0,D,18,6,12,2,5,3,17,18,1,2,0,0
2000/01,2001-03-07,West Ham United FC,Chelsea FC,0,2,A,0,2,A,7,17,2,6,1,0,12,9,2,2,0,0
2000/01,2001-03-10,Aston Villa FC,Ipswich Town FC,2,1,H,0,1,A,9,8,5,3,6,2,15,11,1,1,0,0
2000/01,2001-03-17,Bradford City FC,Manchester City FC,2,2,D,0,1,A,16,10,7,3,3,3,13,12,2,1,0,0
2000/01,2001-03-17,Charlton Athletic FC,Leeds United FC,1,2,A,1,1,D,7,7,3,5,2,5,19,13,3,5,0,0
2000/01,2001-03-17,Chelsea FC,Sunderland AFC,2,4,A,2,1,H,14,11,6,7,4,5,15,26,0,0,0,0
2000/01,2001-03-17,Manchester United FC,Leicester City FC,2,0,H,0,0,D,19,5,8,2,14,2,11,13,1,1,0,0
2000/01,2001-03-17,Newcastle United FC,Middlesbrough FC,1,2,A,0,2,A,16,7,5,4,5,1,14,19,0,3,0,1
2000/01,2001-03-17,Southampton FC,Everton FC,1,0,H,0,0,D,17,5,5,1,6,6,13,18,1,1,0,0
2000/01,2001-03-17,Tottenham Hotspur FC,Coventry City FC,3,0,H,2,0,H,12,11,4,5,5,8,13,10,0,1,0,0
2000/01,2001-03-17,West Ham United FC,Ipswich Town FC,0,1,A,0,0,D,5,13,2,5,4,5,14,8,0,0,0,0
2000/01,2001-03-18,Aston Villa FC,Arsenal FC,0,0,D,0,0,D,4,14,2,5,3,3,16,13,2,2,0,1
2000/01,2001-03-18,Liverpool FC,Derby County FC,1,1,D,0,1,A,18,7,8,4,9,3,11,9,2,2,0,0
2000/01,2001-03-31,Arsenal FC,Tottenham Hotspur FC,2,0,H,0,0,D,25,4,19,3,12,2,5,6,0,1,0,0
2000/01,2001-03-31,Bradford City FC,Newcastle United FC,2,2,D,2,1,H,22,14,8,7,10,8,17,23,0,1,0,0
2000/01,2001-03-31,Chelsea FC,Middlesbrough FC,2,1,H,1,0,H,17,7,5,3,4,3,19,10,2,1,0,0
2000/01,2001-03-31,Coventry City FC,Derby County FC,2,0,H,1,0,H,12,14,7,8,9,4,12,16,0,1,1,0
2000/01,2001-03-31,Liverpool FC,Manchester United FC,2,0,H,2,0,H,15,9,6,3,6,4,8,8,1,1,1,0
2000/01,2001-03-31,Manchester City FC,Aston Villa FC,1,3,A,1,2,A,12,8,6,7,9,2,18,13,6,4,1,0
2000/01,2001-03-31,Sunderland AFC,Leeds United FC,0,2,A,0,1,A,14,7,8,4,8,4,17,10,2,2,0,1
2000/01,2001-03-31,West Ham United FC,Everton FC,0,2,A,0,1,A,17,10,6,7,8,2,16,16,3,2,1,0
2000/01,2001-04-01,Charlton Athletic FC,Leicester City FC,2,0,H,1,0,H,16,5,9,1,6,2,12,9,2,2,0,0
2000/01,2001-04-02,Southampton FC,Ipswich Town FC,0,3,A,0,1,A,11,11,3,5,6,7,17,15,2,1,0,0
2000/01,2001-04-04,Aston Villa FC,Leicester City FC,2,1,H,1,1,D,9,6,5,2,10,3,11,12,2,2,0,0
2000/01,2001-04-07,Aston Villa FC,West Ham United FC,2,2,D,0,0,D,6,7,4,5,5,3,5,3,1,3,0,0
2000/01,2001-04-07,Derby County FC,Chelsea FC,0,4,A,0,0,D,3,10,2,7,1,9,13,7,1,1,0,0
2000/01,2001-04-07,Leeds United FC,Southampton FC,2,0,H,1,0,H,15,6,7,2,10,1,10,11,0,0,0,0
2000/01,2001-04-07,Leicester City FC,Coventry City FC,1,3,A,1,2,A,9,15,4,5,4,9,9,19,3,2,0,0
2000/01,2001-04-08,Everton FC,Manchester City FC,3,1,H,2,1,H,11,13,7,5,8,8,17,18,0,3,1,1
2000/01,2001-04-09,Middlesbrough FC,Sunderland AFC,0,0,D,0,0,D,12,12,6,4,3,2,22,22,5,3,1,0
2000/01,2001-04-10,Ipswich Town FC,Liverpool FC,1,1,D,0,0,D,8,7,5,2,6,1,10,15,0,0,0,0
2000/01,2001-04-10,Manchester United FC,Charlton Athletic FC,2,1,H,1,0,H,23,3,8,2,12,4,8,9,1,1,0,0
2000/01,2001-04-10,Tottenham Hotspur FC,Bradford City FC,2,1,H,1,1,D,17,10,13,5,5,7,13,9,1,1,0,0
2000/01,2001-04-11,Manchester City FC,Arsenal FC,0,4,A,0,4,A,7,15,2,8,7,3,10,8,2,0,0,0
2000/01,2001-04-13,Bradford City FC,Charlton Athletic FC,2,0,H,0,0,D,4,3,8,8,3,7,13,21,1,3,0,0
2000/01,2001-04-13,Liverpool FC,Leeds United FC,1,2,A,0,2,A,11,9,5,3,8,2,19,16,3,1,1,0
2000/01,2001-04-14,Arsenal FC,Middlesbrough FC,0,3,A,0,2,A,17,6,8,2,9,0,13,11,1,1,0,0
2000/01,2001-04-14,Aston Villa FC,Everton FC,2,1,H,1,1,D,8,5,5,3,5,3,13,14,0,3,0,0
2000/01,2001-04-14,Chelsea FC,Southampton FC,1,0,H,1,0,H,14,9,8,5,7,6,11,19,3,3,0,0
2000/01,2001-04-14,Ipswich Town FC,Newcastle United FC,1,0,H,0,0,D,14,6,5,2,9,3,6,13,0,1,0,1
2000/01,2001-04-14,Leicester City FC,Manchester City FC,1,2,A,1,1,D,15,8,9,3,5,1,13,26,2,3,0,0
2000/01,2001-04-14,Manchester United FC,Coventry City FC,4,2,H,2,2,D,28,9,13,4,9,2,9,18,1,4,0,0
2000/01,2001-04-14,Sunderland AFC,Tottenham Hotspur FC,2,3,A,2,0,H,13,8,4,6,3,3,12,15,1,2,0,0
2000/01,2001-04-14,West Ham United FC,Derby County FC,3,1,H,3,0,H,18,6,10,3,3,5,10,18,0,2,0,0
2000/01,2001-04-16,Coventry City FC,Sunderland AFC,1,0,H,1,0,H,14,6,9,3,6,3,15,21,3,0,0,0
2000/01,2001-04-16,Derby County FC,Leicester City FC,2,0,H,1,0,H,10,7,6,4,5,6,17,16,0,0,0,0
2000/01,2001-04-16,Everton FC,Liverpool FC,2,3,A,1,1,D,10,10,7,6,2,5,19,15,4,2,1,0
2000/01,2001-04-16,Middlesbrough FC,Ipswich Town FC,1,2,A,1,0,H,4,12,1,5,5,4,8,8,0,0,0,0
2000/01,2001-04-16,Newcastle United FC,West Ham United FC,2,1,H,1,0,H,20,13,14,6,7,5,19,9,0,0,0,0
2000/01,2001-04-17,Charlton Athletic FC,Aston Villa FC,3,3,D,2,0,H,12,11,5,8,5,7,10,15,3,4,1,0
2000/01,2001-04-17,Tottenham Hotspur FC,Chelsea FC,0,3,A,0,1,A,5,16,1,10,2,5,14,11,2,2,1,0
2000/01,2001-04-21,Arsenal FC,Everton FC,4,1,H,1,1,D,10,4,8,2,10,0,7,13,0,2,0,1
2000/01,2001-04-21,Aston Villa FC,Southampton FC,0,0,D,0,0,D,9,3,2,3,4,5,10,15,1,2,0,0
2000/01,2001-04-21,Bradford City FC,Derby County FC,2,0,H,1,0,H,15,12,9,3,3,8,14,13,0,2,0,1
2000/01,2001-04-21,Chelsea FC,Charlton Athletic FC,0,1,A,0,1,A,9,4,1,2,10,3,12,14,3,0,0,0
2000/01,2001-04-21,Ipswich Town FC,Coventry City FC,2,0,H,1,0,H,13,6,5,2,2,3,22,23,1,4,0,0
2000/01,2001-04-21,Leicester City FC,Middlesbrough FC,0,3,A,0,1,A,15,15,4,7,12,5,13,11,3,1,0,0
2000/01,2001-04-21,Manchester United FC,Manchester City FC,1,1,D,0,0,D,13,6,6,4,3,2,14,20,0,0,1,0
2000/01,2001-04-21,Sunderland AFC,Newcastle United FC,1,1,D,0,0,D,16,9,10,5,4,8,17,22,5,4,0,0
2000/01,2001-04-21,West Ham United FC,Leeds United FC,0,2,A,0,1,A,15,12,10,7,6,6,17,13,5,2,0,1
2000/01,2001-04-22,Liverpool FC,Tottenham Hotspur FC,3,1,H,1,1,D,14,7,8,5,6,4,10,13,1,1,0,0
2000/01,2001-04-28,Coventry City FC,Liverpool FC,0,2,A,0,0,D,11,13,4,6,7,7,15,11,3,1,0,0
2000/01,2001-04-28,Derby County FC,Arsenal FC,1,2,A,1,1,D,6,14,2,9,4,6,14,13,3,4,0,0
2000/01,2001-04-28,Everton FC,Bradford City FC,2,1,H,0,1,A,18,7,9,4,5,2,15,15,1,2,0,0
2000/01,2001-04-28,Leeds United FC,Chelsea FC,2,0,H,0,0,D,16,7,9,5,7,2,22,17,2,5,0,0
2000/01,2001-04-28,Manchester City FC,West Ham United FC,1,0,H,1,0,H,16,12,9,7,10,10,19,12,3,5,0,0
2000/01,2001-04-28,Middlesbrough FC,Manchester United FC,0,2,A,0,1,A,18,9,3,5,4,6,13,21,2,3,0,0
2000/01,2001-04-28,Newcastle United FC,Leicester City FC,1,0,H,0,0,D,20,4,6,3,12,0,15,14,1,1,0,0
2000/01,2001-04-28,Southampton FC,Sunderland AFC,0,1,A,0,0,D,11,6,5,3,11,2,15,14,2,1,0,0
2000/01,2001-04-28,Tottenham Hotspur FC,Aston Villa FC,0,0,D,0,0,D,7,7,3,4,5,6,13,13,1,0,0,0
2000/01,2001-04-30,Charlton Athletic FC,Ipswich Town FC,2,1,H,1,1,D,10,17,7,6,2,13,17,11,0,1,0,0
2000/01,2001-05-01,Bradford City FC,Liverpool FC,0,2,A,0,0,D,15,11,4,10,7,0,11,13,0,2,0,0
2000/01,2001-05-01,Newcastle United FC,Southampton FC,1,1,D,1,0,H,7,11,5,3,4,2,15,17,2,1,0,0
2000/01,2001-05-05,Arsenal FC,Leeds United FC,2,1,H,1,0,H,7,4,4,3,11,2,21,18,4,3,0,0
2000/01,2001-05-05,Aston Villa FC,Coventry City FC,3,2,H,0,2,A,6,6,4,3,6,2,12,23,2,5,0,0
2000/01,2001-05-05,Bradford City FC,Middlesbrough FC,1,1,D,1,0,H,10,14,7,9,6,6,25,21,4,2,0,0
2000/01,2001-05-05,Chelsea FC,Everton FC,2,1,H,2,1,H,13,9,5,3,8,6,19,22,1,1,0,0
2000/01,2001-05-05,Leicester City FC,Tottenham Hotspur FC,4,2,H,1,0,H,19,9,9,4,6,2,11,14,3,2,0,0
2000/01,2001-05-05,Liverpool FC,Newcastle United FC,3,0,H,1,0,H,12,6,5,3,2,3,11,10,0,2,0,0
2000/01,2001-05-05,Manchester United FC,Derby County FC,0,1,A,0,1,A,11,10,6,5,13,1,13,11,1,0,0,0
2000/01,2001-05-05,Sunderland AFC,Charlton Athletic FC,3,2,H,2,1,H,17,17,11,7,8,5,17,7,1,0,0,0
2000/01,2001-05-05,West Ham United FC,Southampton FC,3,0,H,0,0,D,16,12,12,3,5,1,18,18,2,2,0,0
2000/01,2001-05-07,Ipswich Town FC,Manchester City FC,2,1,H,0,0,D,15,11,7,7,9,2,8,19,0,0,0,0
2000/01,2001-05-08,Liverpool FC,Chelsea FC,2,2,D,1,1,D,16,14,8,7,6,6,14,21,1,4,0,0
2000/01,2001-05-13,Leeds United FC,Bradford City FC,6,1,H,5,1,H,18,13,9,7,9,7,20,13,1,0,0,0
2000/01,2001-05-13,Southampton FC,Manchester United FC,2,1,H,2,0,H,14,9,3,6,4,4,13,18,1,1,0,0
2000/01,2001-05-15,Newcastle United FC,Arsenal FC,0,0,D,0,0,D,12,8,2,1,4,8,14,10,1,0,0,0
2000/01,2001-05-19,Charlton Athletic FC,Liverpool FC,0,4,A,0,0,D,12,16,10,14,10,10,7,13,1,1,0,0
2000/01,2001-05-19,Coventry City FC,Bradford City FC,0,0,D,0,0,D,15,10,7,3,9,3,15,13,1,1,0,0
2000/01,2001-05-19,Derby County FC,Ipswich Town FC,1,1,D,1,0,H,7,13,2,6,3,11,14,15,1,1,0,0
2000/01,2001-05-19,Everton FC,Sunderland AFC,2,2,D,1,1,D,18,11,8,4,5,6,12,13,5,3,0,1
2000/01,2001-05-19,Leeds United FC,Leicester City FC,3,1,H,1,1,D,24,8,11,5,12,5,14,17,3,4,0,0
2000/01,2001-05-19,Manchester City FC,Chelsea FC,1,2,A,1,1,D,3,9,1,3,8,7,22,18,4,2,0,0
2000/01,2001-05-19,Middlesbrough FC,West Ham United FC,2,1,H,2,1,H,19,11,7,5,5,6,13,15,0,0,0,0
2000/01,2001-05-19,Newcastle United FC,Aston Villa FC,3,0,H,2,0,H,9,5,5,1,5,1,10,14,0,5,1,1
2000/01,2001-05-19,Southampton FC,Arsenal FC,3,2,H,0,1,A,11,8,7,5,7,5,17,10,1,2,0,0
2000/01,2001-05-19,Tottenham Hotspur FC,Manchester United FC,3,1,H,1,1,D,9,15,3,6,3,6,13,15,0,2,0,0
2001/02,2001-08-18,Charlton Athletic FC,Everton FC,1,2,A,0,0,D,8,12,4,9,4,4,15,17,0,3,0,0
2001/02,2001-08-18,Derby County FC,Blackburn Rovers FC,2,1,H,1,0,H,7,14,3,4,4,10,14,15,1,0,0,0
2001/02,2001-08-18,Leeds United FC,Southampton FC,2,0,H,0,0,D,16,11,6,6,10,3,16,24,1,2,0,1
2001/02,2001-08-18,Leicester City FC,Bolton Wanderers FC,0,5,A,0,4,A,6,18,1,8,3,5,21,17,4,3,0,0
2001/02,2001-08-18,Liverpool FC,West Ham United FC,2,1,H,1,1,D,9,3,6,3,5,3,13,12,1,5,0,0
2001/02,2001-08-18,Middlesbrough FC,Arsenal FC,0,4,A,0,1,A,6,14,2,9,2,6,13,19,2,3,1,1
2001/02,2001-08-18,Sunderland AFC,Ipswich Town FC,1,0,H,1,0,H,12,10,6,4,1,1,22,20,0,1,0,0
2001/02,2001-08-18,Tottenham Hotspur FC,Aston Villa FC,0,0,D,0,0,D,8,11,2,2,6,5,12,17,3,2,0,0
2001/02,2001-08-19,Chelsea FC,Newcastle United FC,1,1,D,1,0,H,13,9,8,3,12,7,19,20,3,4,0,0
2001/02,2001-08-19,Manchester United FC,Fulham FC,3,2,H,1,1,D,12,8,6,5,6,4,17,19,0,1,0,0
2001/02,2001-08-20,Everton FC,Tottenham Hotspur FC,1,1,D,0,1,A,18,7,11,2,8,0,15,12,3,2,0,2
2001/02,2001-08-21,Arsenal FC,Leeds United FC,1,2,A,1,1,D,14,5,5,2,10,2,28,29,4,5,0,2
2001/02,2001-08-21,Bolton Wanderers FC,Middlesbrough FC,1,0,H,1,0,H,13,11,3,4,5,2,19,16,1,1,0,0
2001/02,2001-08-21,Ipswich Town FC,Derby County FC,3,1,H,1,0,H,30,2,18,2,19,2,21,14,0,3,0,1
2001/02,2001-08-22,Blackburn Rovers FC,Manchester United FC,2,2,D,0,1,A,12,18,5,7,3,8,18,16,2,1,1,0
2001/02,2001-08-22,Fulham FC,Sunderland AFC,2,0,H,0,0,D,13,8,5,3,8,9,18,20,0,2,0,0
2001/02,2001-08-25,Arsenal FC,Leicester City FC,4,0,H,2,0,H,20,2,11,0,9,0,14,20,1,4,1,1
2001/02,2001-08-25,Blackburn Rovers FC,Tottenham Hotspur FC,2,1,H,1,0,H,12,12,7,5,3,6,14,11,1,1,0,0
2001/02,2001-08-25,Everton FC,Middlesbrough FC,2,0,H,1,0,H,7,5,5,1,3,6,25,23,2,1,0,0
2001/02,2001-08-25,Fulham FC,Derby County FC,0,0,D,0,0,D,10,9,1,2,11,3,12,14,2,3,0,0
2001/02,2001-08-25,Ipswich Town FC,Charlton Athletic FC,0,1,A,0,0,D,17,13,11,6,6,1,22,20,2,6,0,0
2001/02,2001-08-25,Southampton FC,Chelsea FC,0,2,A,0,1,A,8,7,2,2,6,2,13,18,0,1,0,0
2001/02,2001-08-25,West Ham United FC,Leeds United FC,0,0,D,0,0,D,11,10,3,4,5,8,19,14,3,2,0,0
2001/02,2001-08-26,Aston Villa FC,Manchester United FC,1,1,D,1,0,H,11,13,4,7,5,5,9,12,0,2,0,0
2001/02,2001-08-26,Newcastle United FC,Sunderland AFC,1,1,D,1,1,D,16,6,6,3,10,4,19,18,2,2,0,0
2001/02,2001-08-27,Bolton Wanderers FC,Liverpool FC,2,1,H,1,0,H,11,18,4,7,4,6,13,11,2,2,0,0
2001/02,2001-09-08,Chelsea FC,Arsenal FC,1,1,D,1,1,D,10,14,5,11,5,6,20,20,1,5,1,0
2001/02,2001-09-08,Derby County FC,West Ham United FC,0,0,D,0,0,D,6,10,3,4,3,4,22,19,5,2,0,0
2001/02,2001-09-08,Leeds United FC,Bolton Wanderers FC,0,0,D,0,0,D,11,8,6,4,7,5,13,17,1,1,0,0
2001/02,2001-09-08,Leicester City FC,Ipswich Town FC,1,1,D,0,1,A,12,13,7,9,6,3,26,24,3,3,1,1
2001/02,2001-09-08,Liverpool FC,Aston Villa FC,1,3,A,0,1,A,12,10,7,7,7,0,19,14,3,1,1,0
2001/02,2001-09-08,Manchester United FC,Everton FC,4,1,H,2,0,H,18,5,9,1,6,2,7,11,0,1,0,0
2001/02,2001-09-08,Middlesbrough FC,Newcastle United FC,1,4,A,1,1,D,8,8,4,5,3,3,15,17,1,3,1,0
2001/02,2001-09-08,Sunderland AFC,Blackburn Rovers FC,1,0,H,0,0,D,11,10,4,4,4,10,9,14,2,3,0,0
2001/02,2001-09-09,Charlton Athletic FC,Fulham FC,1,1,D,1,1,D,7,16,4,5,5,6,22,12,2,1,0,0
2001/02,2001-09-09,Tottenham Hotspur FC,Southampton FC,2,0,H,0,0,D,18,15,6,6,3,3,15,16,0,0,0,0
2001/02,2001-09-15,Bolton Wanderers FC,Southampton FC,0,1,A,0,0,D,4,10,0,6,3,2,11,19,1,1,0,0
2001/02,2001-09-15,Derby County FC,Leicester City FC,2,3,A,1,1,D,15,12,9,6,8,8,16,23,5,3,0,0
2001/02,2001-09-15,Everton FC,Liverpool FC,1,3,A,1,2,A,11,13,5,9,4,2,16,13,0,1,0,0
2001/02,2001-09-15,Fulham FC,Arsenal FC,1,3,A,0,1,A,6,11,3,6,4,5,18,20,3,4,0,0
2001/02,2001-09-15,Middlesbrough FC,West Ham United FC,2,0,H,2,0,H,13,5,5,1,8,1,16,23,2,3,0,1
2001/02,2001-09-15,Newcastle United FC,Manchester United FC,4,3,H,2,1,H,15,10,8,7,8,5,17,16,2,1,0,1
2001/02,2001-09-16,Aston Villa FC,Sunderland AFC,0,0,D,0,0,D,8,4,3,2,10,3,20,25,0,4,0,0
2001/02,2001-09-16,Charlton Athletic FC,Leeds United FC,0,2,A,0,1,A,9,20,4,9,8,9,13,14,2,1,1,0
2001/02,2001-09-16,Ipswich Town FC,Blackburn Rovers FC,1,1,D,1,0,H,20,6,10,4,6,13,8,15,3,1,0,0
2001/02,2001-09-16,Tottenham Hotspur FC,Chelsea FC,2,3,A,0,1,A,11,6,4,4,6,6,10,12,1,4,0,1
2001/02,2001-09-17,Leicester City FC,Middlesbrough FC,1,2,A,1,0,H,10,13,5,6,4,2,19,15,0,1,0,0
2001/02,2001-09-19,Blackburn Rovers FC,Bolton Wanderers FC,1,1,D,0,0,D,20,10,8,5,10,2,14,15,0,4,0,0
2001/02,2001-09-19,Sunderland AFC,Tottenham Hotspur FC,1,2,A,0,1,A,14,13,8,6,11,4,9,14,1,2,0,0
2001/02,2001-09-22,Arsenal FC,Bolton Wanderers FC,1,1,D,0,0,D,23,7,12,4,17,0,9,11,1,1,0,1
2001/02,2001-09-22,Blackburn Rovers FC,Everton FC,1,0,H,1,0,H,13,14,6,7,5,4,18,17,1,2,0,0
2001/02,2001-09-22,Leicester City FC,Fulham FC,0,0,D,0,0,D,12,6,5,2,4,4,15,21,2,2,0,0
2001/02,2001-09-22,Liverpool FC,Tottenham Hotspur FC,1,0,H,0,0,D,14,11,6,5,2,5,12,9,0,1,0,0
2001/02,2001-09-22,Manchester United FC,Ipswich Town FC,4,0,H,2,0,H,13,8,8,1,8,4,14,17,0,1,0,0
2001/02,2001-09-22,Sunderland AFC,Charlton Athletic FC,2,2,D,0,1,A,22,13,13,5,9,8,20,13,2,3,0,0
2001/02,2001-09-23,Chelsea FC,Middlesbrough FC,2,2,D,2,0,H,8,4,3,2,8,2,17,15,4,1,0,0
2001/02,2001-09-23,Leeds United FC,Derby County FC,3,0,H,1,0,H,19,9,10,2,9,3,26,17,1,2,0,0
2001/02,2001-09-23,West Ham United FC,Newcastle United FC,3,0,H,1,0,H,17,8,9,5,10,7,20,17,3,0,0,0
2001/02,2001-09-24,Southampton FC,Aston Villa FC,1,3,A,1,2,A,12,11,4,5,2,3,15,18,1,2,1,1
2001/02,2001-09-26,Newcastle United FC,Leicester City FC,1,0,H,1,0,H,12,2,6,2,10,1,17,27,2,3,0,0
2001/02,2001-09-29,Bolton Wanderers FC,Sunderland AFC,0,2,A,0,0,D,15,14,8,7,8,4,10,13,1,1,0,0
2001/02,2001-09-29,Charlton Athletic FC,Leicester City FC,2,0,H,1,0,H,14,9,12,6,4,4,12,11,1,2,1,1
2001/02,2001-09-29,Derby County FC,Arsenal FC,0,2,A,0,1,A,7,11,5,6,2,5,18,19,3,3,0,1
2001/02,2001-09-29,Everton FC,West Ham United FC,5,0,H,1,0,H,18,15,11,5,8,4,15,8,0,0,0,0
2001/02,2001-09-29,Middlesbrough FC,Southampton FC,1,3,A,0,0,D,5,8,3,4,6,0,16,17,0,1,0,0
2001/02,2001-09-29,Tottenham Hotspur FC,Manchester United FC,3,5,A,3,0,H,7,18,3,9,4,7,16,10,3,3,0,0
2001/02,2001-09-30,Aston Villa FC,Blackburn Rovers FC,2,0,H,0,0,D,5,4,2,1,2,8,9,15,2,2,0,0
2001/02,2001-09-30,Fulham FC,Chelsea FC,1,1,D,0,1,A,4,9,1,3,5,7,5,14,1,4,0,1
2001/02,2001-09-30,Ipswich Town FC,Leeds United FC,1,2,A,1,0,H,11,11,6,7,10,8,8,8,0,1,0,0
2001/02,2001-09-30,Newcastle United FC,Liverpool FC,0,2,A,0,1,A,7,6,3,2,7,0,14,23,1,4,0,0
2001/02,2001-10-13,Bolton Wanderers FC,Newcastle United FC,0,4,A,0,1,A,9,15,3,8,7,8,10,9,2,2,1,0
2001/02,2001-10-13,Charlton Athletic FC,Middlesbrough FC,0,0,D,0,0,D,8,11,4,4,13,4,14,13,2,1,0,0
2001/02,2001-10-13,Chelsea FC,Leicester City FC,2,0,H,2,0,H,22,8,10,2,5,3,9,13,0,0,0,0
2001/02,2001-10-13,Ipswich Town FC,Everton FC,0,0,D,0,0,D,7,9,4,6,8,6,8,5,0,1,0,0
2001/02,2001-10-13,Liverpool FC,Leeds United FC,1,1,D,0,1,A,10,9,2,3,6,4,11,14,3,2,0,0
2001/02,2001-10-13,Southampton FC,Arsenal FC,0,2,A,0,1,A,3,21,0,8,1,6,15,9,2,1,1,0
2001/02,2001-10-13,Sunderland AFC,Manchester United FC,1,3,A,0,1,A,15,13,7,8,3,4,12,15,0,0,0,0
2001/02,2001-10-14,Aston Villa FC,Fulham FC,2,0,H,0,0,D,9,11,3,3,5,2,9,8,1,1,0,0
2001/02,2001-10-14,Blackburn Rovers FC,West Ham United FC,7,1,H,3,1,H,24,12,14,5,7,7,8,6,1,3,0,1
2001/02,2001-10-15,Tottenham Hotspur FC,Derby County FC,3,1,H,2,1,H,24,8,12,6,16,2,11,6,0,2,0,0
2001/02,2001-10-20,Arsenal FC,Blackburn Rovers FC,3,3,D,0,1,A,18,9,11,5,5,4,13,20,1,2,0,0
2001/02,2001-10-20,Derby County FC,Charlton Athletic FC,1,1,D,1,0,H,10,11,5,7,5,5,12,11,3,0,0,0
2001/02,2001-10-20,Everton FC,Aston Villa FC,3,2,H,1,0,H,10,11,6,3,8,4,15,14,0,1,0,0
2001/02,2001-10-20,Leicester City FC,Liverpool FC,1,4,A,0,3,A,8,12,3,6,6,6,11,13,1,2,0,0
2001/02,2001-10-20,Manchester United FC,Bolton Wanderers FC,1,2,A,1,1,D,13,7,6,2,8,0,11,6,0,0,0,0
2001/02,2001-10-20,West Ham United FC,Southampton FC,2,0,H,0,0,D,20,10,8,3,10,7,16,16,0,1,0,1
2001/02,2001-10-21,Fulham FC,Ipswich Town FC,1,1,D,1,0,H,7,6,3,2,3,3,25,17,2,3,1,0
2001/02,2001-10-21,Leeds United FC,Chelsea FC,0,0,D,0,0,D,18,14,12,6,10,8,20,17,2,3,0,0
2001/02,2001-10-21,Newcastle United FC,Tottenham Hotspur FC,0,2,A,0,2,A,8,9,3,3,7,2,16,10,2,1,0,0
2001/02,2001-10-22,Middlesbrough FC,Sunderland AFC,2,0,H,2,0,H,7,15,5,5,4,5,18,16,1,2,1,0
2001/02,2001-10-24,Aston Villa FC,Charlton Athletic FC,1,0,H,1,0,H,16,4,6,0,3,4,6,8,0,0,0,0
2001/02,2001-10-24,Southampton FC,Ipswich Town FC,3,3,D,2,1,H,11,10,6,5,4,7,14,5,2,1,0,0
2001/02,2001-10-24,West Ham United FC,Chelsea FC,2,1,H,2,1,H,10,15,4,5,1,8,11,6,0,0,0,0
2001/02,2001-10-27,Aston Villa FC,Bolton Wanderers FC,3,2,H,2,1,H,10,9,7,5,6,2,13,16,2,3,0,0
2001/02,2001-10-27,Charlton Athletic FC,Liverpool FC,0,2,A,0,2,A,14,5,4,4,13,1,12,13,0,1,0,1
2001/02,2001-10-27,Everton FC,Newcastle United FC,1,3,A,0,1,A,18,6,8,4,13,3,8,15,1,2,0,0
2001/02,2001-10-27,Fulham FC,Southampton FC,2,1,H,2,1,H,19,11,5,5,6,4,8,14,0,2,0,0
2001/02,2001-10-27,Manchester United FC,Leeds United FC,1,1,D,0,0,D,18,12,6,6,6,2,16,15,3,3,0,0
2001/02,2001-10-27,Sunderland AFC,Arsenal FC,1,1,D,0,1,A,10,14,6,5,7,6,12,22,3,3,0,0
2001/02,2001-10-27,Tottenham Hotspur FC,Middlesbrough FC,2,1,H,0,1,A,10,8,4,3,8,5,11,12,0,0,0,0
2001/02,2001-10-28,Derby County FC,Chelsea FC,1,1,D,1,0,H,13,19,8,8,4,10,14,11,1,4,0,0
2001/02,2001-10-28,Ipswich Town FC,West Ham United FC,2,3,A,0,1,A,12,12,8,4,8,9,16,11,2,2,0,0
2001/02,2001-10-29,Blackburn Rovers FC,Leicester City FC,0,0,D,0,0,D,12,10,3,5,7,1,11,7,6,2,0,0
2001/02,2001-11-03,Bolton Wanderers FC,Everton FC,2,2,D,1,1,D,16,11,8,6,9,3,13,13,4,2,1,0
2001/02,2001-11-03,Leicester City FC,Sunderland AFC,1,0,H,0,0,D,9,11,5,4,7,7,13,20,1,3,0,0
2001/02,2001-11-03,Middlesbrough FC,Derby County FC,5,1,H,0,0,D,11,6,7,4,6,4,10,12,0,1,0,0
2001/02,2001-11-03,Newcastle United FC,Aston Villa FC,3,0,H,1,0,H,17,10,7,2,13,8,15,7,0,3,0,0
2001/02,2001-11-03,Southampton FC,Blackburn Rovers FC,1,2,A,1,1,D,16,6,6,5,10,4,19,18,1,1,0,0
2001/02,2001-11-03,West Ham United FC,Fulham FC,0,2,A,0,1,A,12,14,6,6,10,8,13,18,1,3,0,0
2001/02,2001-11-04,Arsenal FC,Charlton Athletic FC,2,4,A,1,2,A,26,9,12,4,4,6,9,11,3,2,0,0
2001/02,2001-11-04,Chelsea FC,Ipswich Town FC,2,1,H,1,0,H,15,7,6,3,5,6,12,17,0,2,0,0
2001/02,2001-11-04,Leeds United FC,Tottenham Hotspur FC,2,1,H,0,0,D,20,11,9,4,7,3,9,15,1,3,0,0
2001/02,2001-11-04,Liverpool FC,Manchester United FC,3,1,H,2,0,H,8,10,5,3,1,1,9,13,0,0,0,0
2001/02,2001-11-17,Aston Villa FC,Middlesbrough FC,0,0,D,0,0,D,8,11,5,2,5,3,16,9,1,2,0,0
2001/02,2001-11-17,Blackburn Rovers FC,Liverpool FC,1,1,D,0,1,A,5,5,5,2,6,3,17,10,2,0,0,0
2001/02,2001-11-17,Derby County FC,Southampton FC,1,0,H,1,0,H,9,8,3,4,7,6,13,13,0,1,0,0
2001/02,2001-11-17,Fulham FC,Newcastle United FC,3,1,H,2,0,H,8,7,8,1,4,4,10,18,0,6,0,0
2001/02,2001-11-17,Manchester United FC,Leicester City FC,2,0,H,1,0,H,14,8,7,4,10,4,10,10,2,1,0,0
2001/02,2001-11-17,Tottenham Hotspur FC,Arsenal FC,1,1,D,0,0,D,9,5,4,5,9,6,18,16,2,1,0,0
2001/02,2001-11-18,Everton FC,Chelsea FC,0,0,D,0,0,D,12,14,4,7,8,4,11,11,1,3,0,0
2001/02,2001-11-18,Ipswich Town FC,Bolton Wanderers FC,1,2,A,1,2,A,8,10,4,5,12,2,8,16,0,2,0,0
2001/02,2001-11-18,Sunderland AFC,Leeds United FC,2,0,H,0,0,D,12,12,5,6,5,3,25,11,1,3,0,0
2001/02,2001-11-19,Charlton Athletic FC,West Ham United FC,4,4,D,2,2,D,18,11,9,7,13,4,8,13,1,2,0,0
2001/02,2001-11-24,Bolton Wanderers FC,Fulham FC,0,0,D,0,0,D,11,7,5,1,2,3,11,9,1,1,0,0
2001/02,2001-11-24,Chelsea FC,Blackburn Rovers FC,0,0,D,0,0,D,14,8,8,2,7,3,13,7,0,2,0,0
2001/02,2001-11-24,Leicester City FC,Everton FC,0,0,D,0,0,D,8,8,7,3,7,2,18,21,2,1,0,0
2001/02,2001-11-24,Newcastle United FC,Derby County FC,1,0,H,1,0,H,17,8,10,4,8,6,10,14,1,2,0,0
2001/02,2001-11-24,Southampton FC,Charlton Athletic FC,1,0,H,0,0,D,15,7,8,4,10,5,10,16,0,1,0,0
2001/02,2001-11-24,West Ham United FC,Tottenham Hotspur FC,0,1,A,0,0,D,10,10,6,3,4,2,18,13,2,2,0,0
2001/02,2001-11-25,Arsenal FC,Manchester United FC,3,1,H,0,1,A,14,2,10,1,11,2,12,19,2,3,0,0
2001/02,2001-11-25,Leeds United FC,Aston Villa FC,1,1,D,1,1,D,16,15,9,8,7,6,15,15,2,2,1,0
2001/02,2001-11-25,Liverpool FC,Sunderland AFC,1,0,H,1,0,H,7,12,3,5,4,3,9,12,1,3,1,0
2001/02,2001-11-25,Middlesbrough FC,Ipswich Town FC,0,0,D,0,0,D,9,11,4,3,3,5,5,8,0,0,0,0
2001/02,2001-12-01,Aston Villa FC,Leicester City FC,0,2,A,0,1,A,11,6,7,4,7,8,8,14,0,4,1,0
2001/02,2001-12-01,Blackburn Rovers FC,Middlesbrough FC,0,1,A,0,1,A,14,8,4,5,7,3,8,9,1,2,0,0
2001/02,2001-12-01,Charlton Athletic FC,Newcastle United FC,1,1,D,0,0,D,15,12,7,6,3,7,7,11,1,2,0,1
2001/02,2001-12-01,Derby County FC,Liverpool FC,0,1,A,0,1,A,12,7,4,5,5,9,9,14,1,2,0,0
2001/02,2001-12-01,Ipswich Town FC,Arsenal FC,0,2,A,0,1,A,7,7,2,3,12,5,4,9,0,2,0,0
2001/02,2001-12-01,Manchester United FC,Chelsea FC,0,3,A,0,1,A,12,14,5,5,7,2,9,16,2,3,0,0
2001/02,2001-12-01,Sunderland AFC,West Ham United FC,1,0,H,0,0,D,15,10,6,5,3,3,12,16,3,0,0,0
2001/02,2001-12-02,Everton FC,Southampton FC,2,0,H,0,0,D,13,10,7,4,5,6,19,13,0,1,0,0
2001/02,2001-12-02,Fulham FC,Leeds United FC,0,0,D,0,0,D,13,6,5,5,5,5,11,21,1,2,0,0
2001/02,2001-12-03,Tottenham Hotspur FC,Bolton Wanderers FC,3,2,H,0,1,A,14,9,6,6,5,6,10,14,0,2,0,0
2001/02,2001-12-05,Chelsea FC,Charlton Athletic FC,0,1,A,0,0,D,20,11,5,5,8,1,13,10,1,1,0,0
2001/02,2001-12-05,West Ham United FC,Aston Villa FC,1,1,D,0,1,A,14,12,8,5,5,6,10,15,2,1,0,0
2001/02,2001-12-08,Charlton Athletic FC,Tottenham Hotspur FC,3,1,H,2,0,H,11,14,6,5,9,9,10,12,3,1,0,0
2001/02,2001-12-08,Derby County FC,Bolton Wanderers FC,1,0,H,0,0,D,16,6,6,3,5,4,11,24,0,4,0,0
2001/02,2001-12-08,Fulham FC,Everton FC,2,0,H,1,0,H,10,5,4,3,6,7,15,25,2,4,1,1
2001/02,2001-12-08,Leicester City FC,Southampton FC,0,4,A,0,1,A,8,10,4,5,5,4,13,15,1,0,0,0
2001/02,2001-12-08,Liverpool FC,Middlesbrough FC,2,0,H,2,0,H,8,4,5,2,4,6,7,10,0,2,0,0
2001/02,2001-12-08,Manchester United FC,West Ham United FC,0,1,A,0,0,D,17,8,6,4,12,4,18,8,5,3,0,0
2001/02,2001-12-09,Arsenal FC,Aston Villa FC,3,2,H,0,2,A,15,8,8,5,9,3,18,14,4,0,0,0
2001/02,2001-12-09,Blackburn Rovers FC,Leeds United FC,1,2,A,0,0,D,14,10,6,7,8,7,15,18,1,5,0,0
2001/02,2001-12-09,Ipswich Town FC,Newcastle United FC,0,1,A,0,1,A,9,7,5,5,8,2,3,3,3,1,0,0
2001/02,2001-12-09,Sunderland AFC,Chelsea FC,0,0,D,0,0,D,11,10,6,3,6,6,11,15,1,3,0,0
2001/02,2001-12-12,Liverpool FC,Fulham FC,0,0,D,0,0,D,16,8,7,4,7,3,17,11,0,0,0,0
2001/02,2001-12-12,Manchester United FC,Derby County FC,5,0,H,2,0,H,20,8,11,5,5,6,8,13,1,2,0,0
2001/02,2001-12-15,Bolton Wanderers FC,Charlton Athletic FC,0,0,D,0,0,D,13,6,6,4,7,4,13,13,1,2,0,0
2001/02,2001-12-15,Everton FC,Derby County FC,1,0,H,0,0,D,22,3,12,2,9,3,9,15,1,1,0,0
2001/02,2001-12-15,Middlesbrough FC,Manchester United FC,0,1,A,0,0,D,6,14,3,5,5,8,11,14,2,3,0,0
2001/02,2001-12-15,Newcastle United FC,Blackburn Rovers FC,2,1,H,0,1,A,15,8,6,6,10,6,8,15,0,3,0,0
2001/02,2001-12-15,Southampton FC,Sunderland AFC,2,0,H,1,0,H,14,5,5,3,3,1,11,13,1,2,0,0
2001/02,2001-12-15,Tottenham Hotspur FC,Fulham FC,4,0,H,2,0,H,10,12,6,1,3,6,18,15,3,2,0,0
2001/02,2001-12-15,West Ham United FC,Arsenal FC,1,1,D,1,1,D,8,16,4,6,7,6,10,14,4,3,0,0
2001/02,2001-12-16,Chelsea FC,Liverpool FC,4,0,H,2,0,H,16,16,10,8,5,6,15,10,2,3,0,0
2001/02,2001-12-16,Leeds United FC,Leicester City FC,2,2,D,1,0,H,14,5,7,4,8,3,6,15,1,3,0,0
2001/02,2001-12-17,Aston Villa FC,Ipswich Town FC,2,1,H,1,1,D,10,14,5,3,1,4,16,10,0,1,0,0
2001/02,2001-12-18,Arsenal FC,Newcastle United FC,1,3,A,1,0,H,19,4,8,3,4,4,10,19,3,3,1,1
2001/02,2001-12-19,Leeds United FC,Everton FC,3,2,H,2,0,H,18,8,7,3,5,2,12,13,1,1,0,0
2001/02,2001-12-22,Charlton Athletic FC,Blackburn Rovers FC,0,2,A,0,0,D,10,7,2,4,4,3,16,19,2,3,0,0
2001/02,2001-12-22,Derby County FC,Aston Villa FC,3,1,H,1,1,D,10,10,7,3,4,5,11,15,0,1,0,0
2001/02,2001-12-22,Leeds United FC,Newcastle United FC,3,4,A,1,1,D,15,13,6,7,2,9,19,17,2,1,0,0
2001/02,2001-12-22,Leicester City FC,West Ham United FC,1,1,D,1,0,H,10,7,4,3,6,7,8,15,2,2,1,0
2001/02,2001-12-22,Manchester United FC,Southampton FC,6,1,H,3,0,H,12,6,7,3,8,6,13,10,1,1,0,0
2001/02,2001-12-22,Sunderland AFC,Everton FC,1,0,H,0,0,D,10,8,5,5,6,5,18,15,1,4,0,0
2001/02,2001-12-22,Tottenham Hotspur FC,Ipswich Town FC,1,2,A,1,1,D,12,12,6,4,9,5,22,16,1,2,1,0
2001/02,2001-12-23,Chelsea FC,Bolton Wanderers FC,5,1,H,2,1,H,16,10,5,4,4,4,7,21,2,2,0,0
2001/02,2001-12-23,Liverpool FC,Arsenal FC,1,2,A,0,1,A,15,11,2,3,6,4,12,20,1,4,0,1
2001/02,2001-12-26,Arsenal FC,Chelsea FC,2,1,H,0,1,A,11,9,7,3,4,5,18,21,2,4,0,0
2001/02,2001-12-26,Aston Villa FC,Liverpool FC,1,2,A,1,1,D,10,12,5,6,7,3,10,9,1,0,0,0
2001/02,2001-12-26,Blackburn Rovers FC,Sunderland AFC,0,3,A,0,2,A,7,13,3,7,3,5,24,23,1,2,1,0
2001/02,2001-12-26,Bolton Wanderers FC,Leeds United FC,0,3,A,0,2,A,17,8,2,5,11,2,15,20,1,3,0,0
2001/02,2001-12-26,Everton FC,Manchester United FC,0,2,A,0,0,D,10,11,5,7,4,11,11,12,0,1,0,0
2001/02,2001-12-26,Fulham FC,Charlton Athletic FC,0,0,D,0,0,D,10,8,4,3,4,9,5,14,2,1,0,0
2001/02,2001-12-26,Ipswich Town FC,Leicester City FC,2,0,H,0,0,D,12,3,6,1,3,10,2,6,0,2,0,0
2001/02,2001-12-26,Newcastle United FC,Middlesbrough FC,3,0,H,1,0,H,18,5,9,2,10,2,18,12,0,1,0,0
2001/02,2001-12-26,Southampton FC,Tottenham Hotspur FC,1,0,H,0,0,D,6,10,5,6,4,13,15,16,0,3,0,0
2001/02,2001-12-26,West Ham United FC,Derby County FC,4,0,H,1,0,H,14,6,9,3,3,1,13,19,1,3,0,1
2001/02,2001-12-29,Arsenal FC,Middlesbrough FC,2,1,H,0,1,A,16,3,6,2,9,1,17,13,3,4,0,0
2001/02,2001-12-29,Aston Villa FC,Tottenham Hotspur FC,1,1,D,0,1,A,12,7,7,4,12,1,12,10,0,3,0,0
2001/02,2001-12-29,Blackburn Rovers FC,Derby County FC,0,1,A,0,1,A,16,7,5,5,13,4,13,20,2,4,0,0
2001/02,2001-12-29,Bolton Wanderers FC,Leicester City FC,2,2,D,1,2,A,5,14,3,8,4,10,11,15,2,3,2,1
2001/02,2001-12-29,Everton FC,Charlton Athletic FC,0,3,A,0,1,A,7,8,3,4,3,6,16,12,1,3,0,0
2001/02,2001-12-29,Ipswich Town FC,Sunderland AFC,5,0,H,4,0,H,13,10,8,3,3,3,6,4,1,1,0,0
2001/02,2001-12-29,Newcastle United FC,Chelsea FC,1,2,A,1,2,A,10,12,7,8,5,3,11,21,0,3,0,0
2001/02,2001-12-29,Southampton FC,Leeds United FC,0,1,A,0,0,D,12,13,6,7,3,5,17,15,1,1,0,0
2001/02,2001-12-29,West Ham United FC,Liverpool FC,1,1,D,1,0,H,17,12,8,8,9,5,5,8,1,0,0,0
2001/02,2001-12-30,Fulham FC,Manchester United FC,2,3,A,1,2,A,17,19,9,10,4,3,14,8,0,2,0,0
2001/02,2002-01-01,Charlton Athletic FC,Ipswich Town FC,3,2,H,2,2,D,13,6,8,4,11,4,19,12,2,2,0,0
2001/02,2002-01-01,Chelsea FC,Southampton FC,2,4,A,2,1,H,13,8,6,5,2,6,14,18,2,1,0,0
2001/02,2002-01-01,Leeds United FC,West Ham United FC,3,0,H,2,0,H,12,9,11,4,8,6,15,8,3,2,0,0
2001/02,2002-01-01,Liverpool FC,Bolton Wanderers FC,1,1,D,0,0,D,15,7,5,6,4,8,8,15,1,4,0,0
2001/02,2002-01-01,Middlesbrough FC,Everton FC,1,0,H,0,0,D,10,11,4,3,5,6,12,10,1,2,0,0
2001/02,2002-01-01,Sunderland AFC,Aston Villa FC,1,1,D,0,0,D,18,8,11,4,7,0,14,13,1,3,0,0
2001/02,2002-01-01,Tottenham Hotspur FC,Blackburn Rovers FC,1,0,H,1,0,H,12,11,7,7,7,9,14,17,0,1,0,0
2001/02,2002-01-02,Derby County FC,Fulham FC,0,1,A,0,0,D,10,8,0,4,10,3,17,7,1,2,0,0
2001/02,2002-01-02,Manchester United FC,Newcastle United FC,3,1,H,1,0,H,11,11,7,6,6,5,11,8,1,1,0,0
2001/02,2002-01-09,Southampton FC,Liverpool FC,2,0,H,0,0,D,9,7,7,4,5,6,12,7,0,1,0,0
2001/02,2002-01-12,Aston Villa FC,Derby County FC,2,1,H,2,1,H,9,3,5,1,4,1,15,13,2,3,0,1
2001/02,2002-01-12,Blackburn Rovers FC,Charlton Athletic FC,4,1,H,2,0,H,18,9,11,6,7,2,12,11,0,0,0,1
2001/02,2002-01-12,Bolton Wanderers FC,Chelsea FC,2,2,D,0,0,D,11,9,5,4,10,3,10,11,0,1,0,0
2001/02,2002-01-12,Everton FC,Sunderland AFC,1,0,H,1,0,H,9,6,5,1,4,5,11,16,1,1,0,0
2001/02,2002-01-12,Fulham FC,Middlesbrough FC,2,1,H,2,1,H,19,8,11,4,10,2,15,18,1,2,0,0
2001/02,2002-01-12,Ipswich Town FC,Tottenham Hotspur FC,2,1,H,1,0,H,8,11,5,6,5,5,3,1,0,1,0,0
2001/02,2002-01-12,Newcastle United FC,Leeds United FC,3,1,H,1,1,D,16,8,8,6,6,1,17,28,3,6,0,1
2001/02,2002-01-12,West Ham United FC,Leicester City FC,1,0,H,1,0,H,11,5,7,3,5,4,10,11,1,2,0,0
2001/02,2002-01-13,Arsenal FC,Liverpool FC,1,1,D,0,0,D,11,5,4,2,3,1,15,16,1,1,0,0
2001/02,2002-01-13,Southampton FC,Manchester United FC,1,3,A,1,2,A,12,11,4,7,8,6,11,8,1,1,0,0
2001/02,2002-01-19,Derby County FC,Ipswich Town FC,1,3,A,0,0,D,13,13,5,5,3,3,7,16,0,2,0,0
2001/02,2002-01-19,Leicester City FC,Newcastle United FC,0,0,D,0,0,D,8,9,4,3,6,11,17,19,2,2,0,0
2001/02,2002-01-19,Liverpool FC,Southampton FC,1,1,D,1,0,H,9,6,5,2,8,3,10,17,0,1,0,0
2001/02,2002-01-19,Manchester United FC,Blackburn Rovers FC,2,1,H,1,0,H,16,10,6,4,8,3,13,13,1,0,0,0
2001/02,2002-01-19,Middlesbrough FC,Bolton Wanderers FC,1,1,D,1,0,H,11,7,3,4,2,6,16,17,1,1,0,0
2001/02,2002-01-19,Sunderland AFC,Fulham FC,1,1,D,0,1,A,16,9,8,2,11,2,19,13,3,2,0,0
2001/02,2002-01-19,Tottenham Hotspur FC,Everton FC,1,1,D,1,1,D,12,4,4,2,14,5,14,17,0,2,0,0
2001/02,2002-01-20,Chelsea FC,West Ham United FC,5,1,H,1,0,H,22,5,15,4,6,4,13,10,3,1,0,1
2001/02,2002-01-20,Leeds United FC,Arsenal FC,1,1,D,1,1,D,6,9,1,6,3,7,18,16,1,2,0,0
2001/02,2002-01-21,Charlton Athletic FC,Aston Villa FC,1,2,A,0,2,A,9,7,5,3,3,2,7,11,1,1,0,0
2001/02,2002-01-22,Manchester United FC,Liverpool FC,0,1,A,0,0,D,12,9,3,5,11,2,15,16,1,2,0,0
2001/02,2002-01-23,Leicester City FC,Arsenal FC,1,3,A,0,2,A,3,13,2,8,7,7,12,9,2,0,0,0
2001/02,2002-01-29,Bolton Wanderers FC,Manchester United FC,0,4,A,0,2,A,15,21,4,12,1,9,10,9,0,0,0,0
2001/02,2002-01-29,Charlton Athletic FC,Derby County FC,1,0,H,0,0,D,11,3,3,2,9,0,11,13,1,2,0,0
2001/02,2002-01-29,Sunderland AFC,Middlesbrough FC,0,1,A,0,1,A,18,6,8,2,15,3,12,13,0,2,0,1
2001/02,2002-01-30,Aston Villa FC,Everton FC,0,0,D,0,0,D,8,6,2,0,5,1,14,21,1,3,0,0
2001/02,2002-01-30,Blackburn Rovers FC,Arsenal FC,2,3,A,2,2,D,10,9,4,5,6,2,18,21,2,2,0,1
2001/02,2002-01-30,Chelsea FC,Leeds United FC,2,0,H,2,0,H,14,6,3,4,5,6,11,22,1,2,0,0
2001/02,2002-01-30,Ipswich Town FC,Fulham FC,1,0,H,1,0,H,13,7,8,3,10,5,18,11,1,2,0,0
2001/02,2002-01-30,Liverpool FC,Leicester City FC,1,0,H,0,0,D,11,3,4,0,9,3,9,21,1,2,0,0
2001/02,2002-01-30,Southampton FC,West Ham United FC,2,0,H,1,0,H,10,11,8,4,4,2,16,13,0,3,0,0
2001/02,2002-01-30,Tottenham Hotspur FC,Newcastle United FC,1,3,A,1,0,H,8,10,6,4,5,4,8,5,1,1,0,0
2001/02,2002-02-02,Arsenal FC,Southampton FC,1,1,D,1,0,H,14,4,4,1,4,3,13,22,2,3,0,0
2001/02,2002-02-02,Derby County FC,Tottenham Hotspur FC,1,0,H,1,0,H,12,7,7,3,9,6,21,8,3,2,0,0
2001/02,2002-02-02,Everton FC,Ipswich Town FC,1,2,A,1,2,A,9,5,4,3,2,4,19,16,1,0,0,0
2001/02,2002-02-02,Fulham FC,Aston Villa FC,0,0,D,0,0,D,9,15,3,9,9,4,12,14,1,2,0,0
2001/02,2002-02-02,Leicester City FC,Chelsea FC,2,3,A,1,0,H,16,9,9,5,6,2,16,17,1,3,0,0
2001/02,2002-02-02,Manchester United FC,Sunderland AFC,4,1,H,4,1,H,18,6,8,3,11,2,6,11,1,3,0,0
2001/02,2002-02-02,Newcastle United FC,Bolton Wanderers FC,3,2,H,2,2,D,10,10,6,6,13,6,3,9,0,0,0,0
2001/02,2002-02-02,West Ham United FC,Blackburn Rovers FC,2,0,H,1,0,H,13,14,6,2,5,8,10,20,2,3,0,0
2001/02,2002-02-03,Leeds United FC,Liverpool FC,0,4,A,0,1,A,13,11,5,7,7,6,14,9,2,1,0,0
2001/02,2002-02-03,Middlesbrough FC,Charlton Athletic FC,0,0,D,0,0,D,7,8,3,2,5,7,17,15,1,2,0,0
2001/02,2002-02-09,Aston Villa FC,Chelsea FC,1,1,D,1,0,H,7,9,3,3,3,8,10,10,1,1,0,0
2001/02,2002-02-09,Bolton Wanderers FC,West Ham United FC,1,0,H,1,0,H,4,9,3,2,4,10,11,12,1,3,0,0
2001/02,2002-02-09,Derby County FC,Sunderland AFC,0,1,A,0,0,D,9,8,4,4,7,8,13,15,0,1,0,0
2001/02,2002-02-09,Fulham FC,Blackburn Rovers FC,2,0,H,1,0,H,13,10,8,6,5,2,18,15,3,2,0,1
2001/02,2002-02-09,Ipswich Town FC,Liverpool FC,0,6,A,0,2,A,4,14,2,11,7,9,2,4,0,0,0,0
2001/02,2002-02-09,Middlesbrough FC,Leeds United FC,2,2,D,0,1,A,10,10,5,6,7,4,15,11,1,1,0,0
2001/02,2002-02-09,Newcastle United FC,Southampton FC,3,1,H,3,1,H,16,11,10,4,5,4,7,8,0,1,0,0
2001/02,2002-02-09,Tottenham Hotspur FC,Leicester City FC,2,1,H,1,0,H,12,7,4,6,8,8,8,9,0,1,0,0
2001/02,2002-02-10,Charlton Athletic FC,Manchester United FC,0,2,A,0,1,A,9,10,1,5,7,5,8,9,0,1,0,0
2001/02,2002-02-10,Everton FC,Arsenal FC,0,1,A,0,0,D,6,6,2,3,1,5,17,20,0,5,0,0
2001/02,2002-02-19,Middlesbrough FC,Fulham FC,2,1,H,1,0,H,11,10,5,5,8,10,13,14,1,2,0,0
2001/02,2002-02-23,Arsenal FC,Fulham FC,4,1,H,3,1,H,16,6,10,5,7,5,19,14,0,1,0,0
2001/02,2002-02-23,Leicester City FC,Derby County FC,0,3,A,0,0,D,6,5,3,4,8,2,16,15,4,2,0,0
2001/02,2002-02-23,Liverpool FC,Everton FC,1,1,D,0,0,D,13,6,5,3,9,4,9,13,0,2,0,0
2001/02,2002-02-23,Manchester United FC,Aston Villa FC,1,0,H,0,0,D,14,4,4,2,9,2,9,9,0,0,0,0
2001/02,2002-02-23,Southampton FC,Bolton Wanderers FC,0,0,D,0,0,D,8,4,2,2,6,6,17,9,1,3,1,0
2001/02,2002-02-23,West Ham United FC,Middlesbrough FC,1,0,H,0,0,D,12,7,8,4,12,3,17,11,2,5,0,1
2001/02,2002-02-24,Leeds United FC,Charlton Athletic FC,0,0,D,0,0,D,14,9,2,2,9,2,12,17,0,3,0,0
2001/02,2002-02-24,Sunderland AFC,Newcastle United FC,0,1,A,0,0,D,11,13,4,5,5,11,19,16,3,1,0,0
2001/02,2002-03-02,Aston Villa FC,West Ham United FC,2,1,H,1,1,D,10,4,7,3,9,4,12,19,0,1,0,0
2001/02,2002-03-02,Bolton Wanderers FC,Blackburn Rovers FC,1,1,D,1,0,H,11,6,5,3,7,5,22,11,1,0,0,1
2001/02,2002-03-02,Charlton Athletic FC,Chelsea FC,2,1,H,0,0,D,9,4,6,2,5,4,13,13,2,1,0,0
2001/02,2002-03-02,Fulham FC,Liverpool FC,0,2,A,0,1,A,11,10,5,4,8,4,13,14,3,2,0,0
2001/02,2002-03-02,Ipswich Town FC,Southampton FC,1,3,A,0,0,D,8,5,4,4,4,3,9,5,0,1,0,0
2001/02,2002-03-02,Middlesbrough FC,Leicester City FC,1,0,H,1,0,H,11,6,7,1,5,6,17,15,2,4,0,0
2001/02,2002-03-02,Newcastle United FC,Arsenal FC,0,2,A,0,2,A,13,9,6,6,5,8,17,17,0,1,0,0
2001/02,2002-03-02,Tottenham Hotspur FC,Sunderland AFC,2,1,H,1,1,D,17,7,7,2,5,5,5,8,0,1,0,0
2001/02,2002-03-03,Derby County FC,Manchester United FC,2,2,D,1,1,D,12,22,7,9,4,10,12,13,2,0,0,0
2001/02,2002-03-03,Everton FC,Leeds United FC,0,0,D,0,0,D,12,7,7,3,3,4,9,21,1,2,0,1
2001/02,2002-03-05,Arsenal FC,Derby County FC,1,0,H,0,0,D,17,0,8,0,9,1,13,16,1,2,0,0
2001/02,2002-03-05,Blackburn Rovers FC,Aston Villa FC,3,0,H,1,0,H,21,6,9,4,5,5,11,15,1,2,0,0
2001/02,2002-03-05,Sunderland AFC,Bolton Wanderers FC,1,0,H,1,0,H,11,10,4,4,1,7,13,14,2,1,0,0
2001/02,2002-03-06,Chelsea FC,Fulham FC,3,2,H,2,1,H,14,12,8,6,3,5,12,12,1,0,0,0
2001/02,2002-03-06,Leeds United FC,Ipswich Town FC,2,0,H,0,0,D,11,9,7,3,7,5,11,15,1,3,0,0
2001/02,2002-03-06,Liverpool FC,Newcastle United FC,3,0,H,1,0,H,23,11,11,2,5,6,8,13,0,0,0,0
2001/02,2002-03-06,Manchester United FC,Tottenham Hotspur FC,4,0,H,2,0,H,25,7,14,2,14,3,6,13,2,3,0,1
2001/02,2002-03-06,Southampton FC,Middlesbrough FC,1,1,D,1,0,H,9,4,4,1,13,1,17,12,1,1,0,1
2001/02,2002-03-06,West Ham United FC,Everton FC,1,0,H,0,0,D,16,6,6,2,10,3,8,13,0,2,0,0
2001/02,2002-03-09,Leicester City FC,Charlton Athletic FC,1,1,D,1,1,D,10,11,5,6,11,5,15,16,1,3,0,0
2001/02,2002-03-13,Blackburn Rovers FC,Ipswich Town FC,2,1,H,2,0,H,11,6,7,3,9,2,24,17,3,2,0,0
2001/02,2002-03-13,Chelsea FC,Tottenham Hotspur FC,4,0,H,1,0,H,24,5,13,0,6,3,10,14,1,3,0,1
2001/02,2002-03-16,Bolton Wanderers FC,Derby County FC,1,3,A,0,1,A,6,3,2,2,7,3,13,13,0,0,1,0
2001/02,2002-03-16,Chelsea FC,Sunderland AFC,4,0,H,1,0,H,12,8,7,3,6,3,8,13,2,2,0,0
2001/02,2002-03-16,Everton FC,Fulham FC,2,1,H,2,0,H,5,11,2,5,0,11,16,15,2,4,1,0
2001/02,2002-03-16,Middlesbrough FC,Liverpool FC,1,2,A,0,1,A,15,8,5,7,7,3,10,12,0,2,0,0
2001/02,2002-03-16,Newcastle United FC,Ipswich Town FC,2,2,D,0,0,D,20,7,8,4,12,3,11,15,1,1,0,0
2001/02,2002-03-16,Southampton FC,Leicester City FC,2,2,D,1,2,A,9,6,5,4,6,2,15,13,0,3,0,0
2001/02,2002-03-16,West Ham United FC,Manchester United FC,3,5,A,2,2,D,10,14,3,9,3,3,13,8,2,2,0,0
2001/02,2002-03-17,Aston Villa FC,Arsenal FC,1,2,A,1,0,H,8,6,3,3,10,2,10,12,1,2,0,0
2001/02,2002-03-17,Leeds United FC,Blackburn Rovers FC,3,1,H,2,0,H,18,15,8,8,4,4,15,16,2,1,0,0
2001/02,2002-03-18,Tottenham Hotspur FC,Charlton Athletic FC,0,1,A,0,0,D,13,10,5,4,4,6,5,13,1,0,0,0
2001/02,2002-03-23,Charlton Athletic FC,Bolton Wanderers FC,1,2,A,0,2,A,6,6,4,4,4,1,15,17,1,2,0,0
2001/02,2002-03-23,Derby County FC,Everton FC,3,4,A,0,1,A,12,8,4,7,8,0,12,21,2,3,0,0
2001/02,2002-03-23,Ipswich Town FC,Aston Villa FC,0,0,D,0,0,D,13,6,3,2,8,6,15,12,1,2,0,0
2001/02,2002-03-23,Leicester City FC,Leeds United FC,0,2,A,0,2,A,11,12,5,8,8,7,12,10,2,2,0,0
2001/02,2002-03-23,Manchester United FC,Middlesbrough FC,0,1,A,0,1,A,18,5,4,3,6,2,9,11,4,2,0,0
2001/02,2002-03-23,Sunderland AFC,Southampton FC,1,1,D,0,0,D,10,14,7,8,3,8,10,14,2,3,0,0
2001/02,2002-03-24,Fulham FC,Tottenham Hotspur FC,0,2,A,0,2,A,9,11,3,4,4,6,16,13,2,2,0,0
2001/02,2002-03-24,Liverpool FC,Chelsea FC,1,0,H,0,0,D,8,10,4,1,5,3,17,13,1,1,0,0
2001/02,2002-03-29,Newcastle United FC,Everton FC,6,2,H,2,2,D,18,7,9,4,4,1,5,8,0,3,0,0
2001/02,2002-03-30,Arsenal FC,Sunderland AFC,3,0,H,3,0,H,13,13,10,5,5,4,8,17,0,3,0,0
2001/02,2002-03-30,Bolton Wanderers FC,Aston Villa FC,3,2,H,2,2,D,9,9,6,3,2,5,16,13,3,1,0,0
2001/02,2002-03-30,Chelsea FC,Derby County FC,2,1,H,0,0,D,13,2,6,1,6,3,13,10,3,4,0,0
2001/02,2002-03-30,Leeds United FC,Manchester United FC,3,4,A,1,3,A,16,13,11,7,2,3,10,9,1,2,0,0
2001/02,2002-03-30,Leicester City FC,Blackburn Rovers FC,2,1,H,1,0,H,9,12,6,4,6,6,12,24,0,1,0,0
2001/02,2002-03-30,Liverpool FC,Charlton Athletic FC,2,0,H,2,0,H,14,6,8,1,6,6,6,10,1,2,0,0
2001/02,2002-03-30,Middlesbrough FC,Tottenham Hotspur FC,1,1,D,0,1,A,8,10,3,6,9,6,9,16,0,3,0,0
2001/02,2002-03-30,Southampton FC,Fulham FC,1,1,D,1,1,D,11,7,6,2,5,8,12,17,1,1,0,0
2001/02,2002-03-30,West Ham United FC,Ipswich Town FC,3,1,H,1,0,H,18,12,11,5,8,4,9,13,0,2,0,0
2001/02,2002-04-01,Blackburn Rovers FC,Southampton FC,2,0,H,2,0,H,7,5,4,2,5,2,10,13,0,1,0,0
2001/02,2002-04-01,Charlton Athletic FC,Arsenal FC,0,3,A,0,3,A,5,12,5,8,9,2,7,15,2,2,0,0
2001/02,2002-04-01,Derby County FC,Middlesbrough FC,0,1,A,0,1,A,7,6,4,1,7,7,14,17,1,0,0,0
2001/02,2002-04-01,Everton FC,Bolton Wanderers FC,3,1,H,1,0,H,10,12,5,3,5,5,8,11,1,1,1,1
2001/02,2002-04-01,Fulham FC,West Ham United FC,0,1,A,0,1,A,10,3,2,2,7,1,10,12,1,1,0,0
2001/02,2002-04-01,Ipswich Town FC,Chelsea FC,0,0,D,0,0,D,9,7,5,2,6,8,6,9,0,0,0,0
2001/02,2002-04-01,Sunderland AFC,Leicester City FC,2,1,H,2,1,H,12,9,9,7,5,1,12,11,3,2,0,0
2001/02,2002-04-01,Tottenham Hotspur FC,Leeds United FC,2,1,H,2,0,H,8,17,5,8,1,7,15,12,2,0,0,0
2001/02,2002-04-02,Aston Villa FC,Newcastle United FC,1,1,D,1,1,D,16,6,7,1,11,2,12,15,0,0,0,0
2001/02,2002-04-06,Arsenal FC,Tottenham Hotspur FC,2,1,H,1,0,H,13,2,5,2,10,1,15,17,1,4,0,0
2001/02,2002-04-06,Bolton Wanderers FC,Ipswich Town FC,4,1,H,4,0,H,9,9,5,4,3,8,9,11,0,0,0,0
2001/02,2002-04-06,Chelsea FC,Everton FC,3,0,H,2,0,H,19,12,8,6,7,8,6,10,0,1,0,0
2001/02,2002-04-06,Leicester City FC,Manchester United FC,0,1,A,0,0,D,13,13,3,4,4,10,13,8,1,1,0,0
2001/02,2002-04-06,Middlesbrough FC,Aston Villa FC,2,1,H,1,0,H,7,12,3,9,5,8,9,15,0,0,0,0
2001/02,2002-04-06,Southampton FC,Derby County FC,2,0,H,1,0,H,10,8,5,3,5,6,10,9,1,0,0,0
2001/02,2002-04-06,West Ham United FC,Charlton Athletic FC,2,0,H,2,0,H,11,18,4,8,3,13,7,9,1,4,0,0
2001/02,2002-04-07,Leeds United FC,Sunderland AFC,2,0,H,1,0,H,14,8,7,0,8,4,18,14,2,1,0,0
2001/02,2002-04-08,Newcastle United FC,Fulham FC,1,1,D,1,0,H,7,5,4,3,6,2,16,10,1,0,0,0
2001/02,2002-04-10,Blackburn Rovers FC,Chelsea FC,0,0,D,0,0,D,15,8,7,2,5,5,7,13,0,0,0,0
2001/02,2002-04-13,Aston Villa FC,Leeds United FC,0,1,A,0,1,A,10,5,5,2,7,2,16,18,2,3,0,0
2001/02,2002-04-13,Charlton Athletic FC,Southampton FC,1,1,D,1,0,H,8,10,5,6,7,5,21,12,2,2,0,0
2001/02,2002-04-13,Derby County FC,Newcastle United FC,2,3,A,0,0,D,6,15,2,9,6,2,13,11,3,1,0,0
2001/02,2002-04-13,Everton FC,Leicester City FC,2,2,D,0,2,A,16,6,8,2,13,4,15,6,1,1,0,0
2001/02,2002-04-13,Sunderland AFC,Liverpool FC,0,1,A,0,0,D,10,10,5,5,4,3,10,11,1,2,1,0
2001/02,2002-04-13,Tottenham Hotspur FC,West Ham United FC,1,1,D,0,0,D,16,12,6,5,3,5,11,6,0,0,0,0
2001/02,2002-04-20,Bolton Wanderers FC,Tottenham Hotspur FC,1,1,D,0,1,A,13,10,6,4,13,3,13,15,1,3,0,0
2001/02,2002-04-20,Chelsea FC,Manchester United FC,0,3,A,0,2,A,7,6,2,5,12,5,9,6,4,1,0,0
2001/02,2002-04-20,Leeds United FC,Fulham FC,0,1,A,0,0,D,9,7,4,4,1,4,12,16,2,3,0,0
2001/02,2002-04-20,Leicester City FC,Aston Villa FC,2,2,D,1,2,A,10,16,7,11,5,4,11,15,1,0,0,0
2001/02,2002-04-20,Liverpool FC,Derby County FC,2,0,H,1,0,H,13,4,5,1,9,4,8,16,0,3,0,0
2001/02,2002-04-20,Middlesbrough FC,Blackburn Rovers FC,1,3,A,0,1,A,8,9,2,5,7,9,15,21,3,3,1,0
2001/02,2002-04-20,Newcastle United FC,Charlton Athletic FC,3,0,H,1,0,H,12,4,8,1,8,7,12,9,1,2,0,0
2001/02,2002-04-20,Southampton FC,Everton FC,0,1,A,0,1,A,6,7,0,5,1,7,13,18,2,0,0,0
2001/02,2002-04-20,West Ham United FC,Sunderland AFC,3,0,H,1,0,H,16,10,7,5,9,6,8,9,3,2,0,0
2001/02,2002-04-21,Arsenal FC,Ipswich Town FC,2,0,H,0,0,D,20,7,8,2,14,2,9,9,1,0,0,0
2001/02,2002-04-23,Blackburn Rovers FC,Newcastle United FC,2,2,D,1,0,H,12,21,5,9,6,6,15,11,0,2,0,0
2001/02,2002-04-23,Fulham FC,Bolton Wanderers FC,3,0,H,1,0,H,12,7,7,2,3,6,5,9,0,0,0,0
2001/02,2002-04-24,Arsenal FC,West Ham United FC,2,0,H,0,0,D,20,5,9,1,12,2,12,13,2,2,0,0
2001/02,2002-04-24,Ipswich Town FC,Middlesbrough FC,1,0,H,0,0,D,17,13,7,4,4,5,13,13,0,2,0,0
2001/02,2002-04-27,Aston Villa FC,Southampton FC,2,1,H,2,0,H,8,7,5,3,7,1,11,8,2,1,0,0
2001/02,2002-04-27,Charlton Athletic FC,Sunderland AFC,2,2,D,1,2,A,11,6,7,3,10,5,16,13,2,3,0,0
2001/02,2002-04-27,Derby County FC,Leeds United FC,0,1,A,0,1,A,9,10,1,4,5,6,12,19,2,0,0,0
2001/02,2002-04-27,Fulham FC,Leicester City FC,0,0,D,0,0,D,9,4,2,2,7,2,12,15,3,4,0,0
2001/02,2002-04-27,Ipswich Town FC,Manchester United FC,0,1,A,0,1,A,12,16,4,8,5,5,11,10,2,0,0,0
2001/02,2002-04-27,Middlesbrough FC,Chelsea FC,0,2,A,0,2,A,10,14,2,8,4,6,11,13,3,1,0,0
2001/02,2002-04-27,Newcastle United FC,West Ham United FC,3,1,H,1,1,D,16,11,5,5,8,2,10,8,1,2,0,0
2001/02,2002-04-27,Tottenham Hotspur FC,Liverpool FC,1,0,H,1,0,H,11,11,5,7,3,8,9,11,1,1,0,0
2001/02,2002-04-28,Everton FC,Blackburn Rovers FC,1,2,A,0,1,A,10,14,4,6,9,5,12,9,2,2,0,0
2001/02,2002-04-29,Bolton Wanderers FC,Arsenal FC,0,2,A,0,2,A,7,8,1,4,7,3,10,8,0,0,0,0
2001/02,2002-05-08,Liverpool FC,Blackburn Rovers FC,4,3,H,2,1,H,15,9,7,7,8,7,9,12,1,1,0,0
2001/02,2002-05-08,Manchester United FC,Arsenal FC,0,1,A,0,0,D,9,5,3,2,6,5,21,16,4,2,0,0
2001/02,2002-05-11,Arsenal FC,Everton FC,4,3,H,2,2,D,17,14,6,6,4,3,7,5,0,0,0,0
2001/02,2002-05-11,Blackburn Rovers FC,Fulham FC,3,0,H,0,0,D,17,6,13,2,2,7,13,7,3,0,0,0
2001/02,2002-05-11,Chelsea FC,Aston Villa FC,1,3,A,0,1,A,15,15,6,11,7,6,14,18,0,1,0,0
2001/02,2002-05-11,Leeds United FC,Middlesbrough FC,1,0,H,0,0,D,19,7,5,3,8,8,13,15,2,0,0,0
2001/02,2002-05-11,Leicester City FC,Tottenham Hotspur FC,2,1,H,0,0,D,10,13,6,6,6,9,5,6,0,0,0,0
2001/02,2002-05-11,Liverpool FC,Ipswich Town FC,5,0,H,2,0,H,15,7,8,2,0,7,13,5,0,0,0,0
2001/02,2002-05-11,Manchester United FC,Charlton Athletic FC,0,0,D,0,0,D,13,11,6,6,7,4,8,7,2,0,0,0
2001/02,2002-05-11,Southampton FC,Newcastle United FC,3,1,H,2,0,H,7,16,3,8,3,6,15,11,0,1,1,0
2001/02,2002-05-11,Sunderland AFC,Derby County FC,1,1,D,1,0,H,26,5,12,3,4,2,11,14,0,1,0,0
2001/02,2002-05-11,West Ham United FC,Bolton Wanderers FC,2,1,H,1,0,H,17,10,10,4,9,5,9,13,2,1,0,0
2002/03,2002-08-17,Blackburn Rovers FC,Sunderland AFC,0,0,D,0,0,D,15,7,5,3,9,1,14,11,1,2,0,0
2002/03,2002-08-17,Charlton Athletic FC,Chelsea FC,2,3,A,2,1,H,5,21,5,12,3,6,10,12,0,3,1,0
2002/03,2002-08-17,Everton FC,Tottenham Hotspur FC,2,2,D,1,0,H,13,10,9,5,10,5,18,4,1,1,0,0
2002/03,2002-08-17,Fulham FC,Bolton Wanderers FC,4,1,H,3,1,H,13,3,6,1,7,4,16,12,1,2,0,0
2002/03,2002-08-17,Leeds United FC,Manchester City FC,3,0,H,2,0,H,13,18,8,10,2,7,13,13,1,1,0,0
2002/03,2002-08-17,Manchester United FC,West Bromwich Albion FC,1,0,H,0,0,D,20,6,13,5,9,1,9,12,1,1,0,1
2002/03,2002-08-17,Southampton FC,Middlesbrough FC,0,0,D,0,0,D,12,11,5,5,3,4,11,14,0,0,0,0
2002/03,2002-08-18,Arsenal FC,Birmingham City FC,2,0,H,2,0,H,15,7,7,1,9,2,6,11,0,1,0,1
2002/03,2002-08-18,Aston Villa FC,Liverpool FC,0,1,A,0,0,D,11,12,5,6,6,8,9,5,2,2,0,0
2002/03,2002-08-19,Newcastle United FC,West Ham United FC,4,0,H,0,0,D,13,7,10,4,7,1,7,9,1,2,0,0
2002/03,2002-08-23,Chelsea FC,Manchester United FC,2,2,D,2,1,H,11,9,5,7,3,3,13,9,3,2,0,0
2002/03,2002-08-24,Birmingham City FC,Blackburn Rovers FC,0,1,A,0,1,A,15,13,10,9,6,4,10,17,1,2,0,0
2002/03,2002-08-24,Bolton Wanderers FC,Charlton Athletic FC,1,2,A,1,1,D,15,8,9,4,4,6,9,11,1,1,0,0
2002/03,2002-08-24,Liverpool FC,Southampton FC,3,0,H,1,0,H,16,7,9,1,5,8,11,8,0,1,0,0
2002/03,2002-08-24,Manchester City FC,Newcastle United FC,1,0,H,1,0,H,20,9,12,6,6,8,12,14,1,1,0,0
2002/03,2002-08-24,Middlesbrough FC,Fulham FC,2,2,D,1,0,H,6,10,3,4,8,11,18,7,4,2,0,0
2002/03,2002-08-24,Sunderland AFC,Everton FC,0,1,A,0,1,A,13,11,3,5,10,4,10,15,1,0,0,0
2002/03,2002-08-24,Tottenham Hotspur FC,Aston Villa FC,1,0,H,1,0,H,8,18,3,8,2,5,20,15,2,0,0,0
2002/03,2002-08-24,West Bromwich Albion FC,Leeds United FC,1,3,A,0,1,A,12,11,2,4,7,3,9,11,1,1,0,0
2002/03,2002-08-24,West Ham United FC,Arsenal FC,2,2,D,1,0,H,8,9,4,5,4,4,18,14,2,5,0,0
2002/03,2002-08-27,Arsenal FC,West Bromwich Albion FC,5,2,H,3,0,H,10,8,8,6,1,1,9,9,3,2,0,0
2002/03,2002-08-27,Charlton Athletic FC,Tottenham Hotspur FC,0,1,A,0,1,A,10,7,5,1,6,9,9,23,1,2,0,0
2002/03,2002-08-28,Aston Villa FC,Manchester City FC,1,0,H,0,0,D,11,7,6,1,5,4,13,11,1,3,0,0
2002/03,2002-08-28,Blackburn Rovers FC,Liverpool FC,2,2,D,1,1,D,7,5,4,3,5,2,17,10,3,1,0,0
2002/03,2002-08-28,Everton FC,Birmingham City FC,1,1,D,0,0,D,11,5,4,2,7,4,18,12,0,3,1,0
2002/03,2002-08-28,Leeds United FC,Sunderland AFC,0,1,A,0,0,D,20,9,9,4,8,1,13,11,2,0,0,0
2002/03,2002-08-28,Southampton FC,Chelsea FC,1,1,D,0,0,D,12,10,4,3,5,6,16,11,2,1,0,0
2002/03,2002-08-31,Birmingham City FC,Leeds United FC,2,1,H,1,0,H,9,8,5,6,2,5,14,16,3,3,0,0
2002/03,2002-08-31,Manchester City FC,Everton FC,3,1,H,2,1,H,7,14,6,8,7,6,12,11,1,0,1,0
2002/03,2002-08-31,Middlesbrough FC,Blackburn Rovers FC,1,0,H,0,0,D,7,10,3,7,8,6,19,16,3,3,0,0
2002/03,2002-08-31,Sunderland AFC,Manchester United FC,1,1,D,0,1,A,12,20,5,10,6,8,13,16,1,2,0,1
2002/03,2002-08-31,Tottenham Hotspur FC,Southampton FC,2,1,H,1,1,D,18,15,8,8,12,6,16,13,3,1,0,1
2002/03,2002-08-31,West Bromwich Albion FC,Fulham FC,1,0,H,0,0,D,8,6,5,1,5,7,17,16,4,3,0,0
2002/03,2002-08-31,West Ham United FC,Charlton Athletic FC,0,2,A,0,2,A,9,5,4,3,8,6,11,15,3,1,0,0
2002/03,2002-09-01,Bolton Wanderers FC,Aston Villa FC,1,0,H,0,0,D,13,12,6,5,4,5,9,11,2,3,0,0
2002/03,2002-09-01,Chelsea FC,Arsenal FC,1,1,D,1,0,H,8,8,2,5,6,2,20,16,5,2,0,1
2002/03,2002-09-02,Liverpool FC,Newcastle United FC,2,2,D,0,0,D,22,11,11,6,12,3,7,25,1,2,0,0
2002/03,2002-09-03,Manchester United FC,Middlesbrough FC,1,0,H,1,0,H,7,5,1,3,4,6,13,12,1,2,0,0
2002/03,2002-09-10,Arsenal FC,Manchester City FC,2,1,H,2,1,H,13,5,5,4,7,6,16,14,1,2,0,1
2002/03,2002-09-10,Middlesbrough FC,Sunderland AFC,3,0,H,2,0,H,9,8,7,6,6,8,16,12,3,3,0,0
2002/03,2002-09-11,Aston Villa FC,Charlton Athletic FC,2,0,H,0,0,D,12,8,5,2,6,2,16,16,0,1,0,0
2002/03,2002-09-11,Blackburn Rovers FC,Chelsea FC,2,3,A,2,1,H,11,14,6,9,9,4,15,16,2,3,0,0
2002/03,2002-09-11,Fulham FC,Tottenham Hotspur FC,3,2,H,0,2,A,13,7,8,4,9,6,8,11,0,1,0,0
2002/03,2002-09-11,Liverpool FC,Birmingham City FC,2,2,D,1,0,H,12,6,10,3,1,2,6,10,0,1,0,0
2002/03,2002-09-11,Manchester United FC,Bolton Wanderers FC,0,1,A,0,0,D,23,10,14,8,9,6,10,11,1,2,0,0
2002/03,2002-09-11,Newcastle United FC,Leeds United FC,0,2,A,0,1,A,22,14,11,6,10,7,15,12,3,2,0,0
2002/03,2002-09-11,Southampton FC,Everton FC,1,0,H,0,0,D,11,18,7,10,4,13,13,19,3,3,0,0
2002/03,2002-09-11,West Ham United FC,West Bromwich Albion FC,0,1,A,0,1,A,5,6,3,5,8,4,11,15,1,0,0,0
2002/03,2002-09-14,Bolton Wanderers FC,Liverpool FC,2,3,A,0,1,A,7,12,5,8,7,4,10,9,2,2,0,0
2002/03,2002-09-14,Charlton Athletic FC,Arsenal FC,0,3,A,0,1,A,9,10,3,8,1,6,8,13,0,3,0,0
2002/03,2002-09-14,Chelsea FC,Newcastle United FC,3,0,H,2,0,H,7,5,5,0,2,4,9,9,1,4,0,0
2002/03,2002-09-14,Everton FC,Middlesbrough FC,2,1,H,1,1,D,13,10,8,5,10,4,18,12,2,1,0,0
2002/03,2002-09-14,Leeds United FC,Manchester United FC,1,0,H,0,0,D,8,6,2,5,4,7,15,12,2,1,0,0
2002/03,2002-09-14,Sunderland AFC,Fulham FC,0,3,A,0,1,A,8,5,5,4,11,6,12,13,2,2,0,0
2002/03,2002-09-14,West Bromwich Albion FC,Southampton FC,1,0,H,0,0,D,11,10,7,5,0,7,14,14,2,1,0,1
2002/03,2002-09-15,Manchester City FC,Blackburn Rovers FC,2,2,D,0,1,A,15,12,7,8,15,5,13,13,3,3,1,0
2002/03,2002-09-15,Tottenham Hotspur FC,West Ham United FC,3,2,H,0,0,D,12,11,3,1,5,6,16,16,2,2,0,1
2002/03,2002-09-16,Birmingham City FC,Aston Villa FC,3,0,H,1,0,H,12,8,5,1,9,6,18,13,3,2,0,0
2002/03,2002-09-21,Arsenal FC,Bolton Wanderers FC,2,1,H,1,0,H,14,8,9,3,8,1,12,11,1,3,0,1
2002/03,2002-09-21,Liverpool FC,West Bromwich Albion FC,2,0,H,0,0,D,23,5,14,2,9,2,8,11,2,2,0,1
2002/03,2002-09-21,Manchester United FC,Tottenham Hotspur FC,1,0,H,0,0,D,16,10,9,5,10,5,11,8,1,1,0,0
2002/03,2002-09-21,Middlesbrough FC,Birmingham City FC,1,0,H,1,0,H,9,12,4,3,6,3,22,13,3,4,0,0
2002/03,2002-09-21,Newcastle United FC,Sunderland AFC,2,0,H,2,0,H,11,8,6,4,8,3,8,15,2,4,0,0
2002/03,2002-09-21,Southampton FC,Charlton Athletic FC,0,0,D,0,0,D,13,6,5,5,5,3,24,14,2,1,0,0
2002/03,2002-09-21,West Ham United FC,Manchester City FC,0,0,D,0,0,D,9,8,5,6,8,4,12,6,2,0,0,0
2002/03,2002-09-22,Aston Villa FC,Everton FC,3,2,H,1,0,H,12,14,8,7,5,5,13,15,0,1,0,0
2002/03,2002-09-22,Blackburn Rovers FC,Leeds United FC,1,0,H,1,0,H,11,7,7,5,7,2,24,14,1,2,0,0
2002/03,2002-09-23,Fulham FC,Chelsea FC,0,0,D,0,0,D,8,11,3,4,5,3,16,15,1,0,0,0
2002/03,2002-09-28,Birmingham City FC,Newcastle United FC,0,2,A,0,1,A,11,13,5,6,5,10,18,9,3,0,0,0
2002/03,2002-09-28,Bolton Wanderers FC,Southampton FC,1,1,D,0,0,D,19,10,10,6,9,7,5,16,1,0,0,0
2002/03,2002-09-28,Charlton Athletic FC,Manchester United FC,1,3,A,1,0,H,7,13,3,7,3,6,12,8,2,3,0,0
2002/03,2002-09-28,Chelsea FC,West Ham United FC,2,3,A,1,1,D,12,16,9,11,5,7,17,7,1,4,0,0
2002/03,2002-09-28,Everton FC,Fulham FC,2,0,H,2,0,H,15,12,9,6,8,4,13,18,1,3,0,0
2002/03,2002-09-28,Leeds United FC,Arsenal FC,1,4,A,0,2,A,9,7,3,6,4,4,14,15,4,2,0,0
2002/03,2002-09-28,Manchester City FC,Liverpool FC,0,3,A,0,1,A,14,9,6,6,12,3,7,9,0,0,0,0
2002/03,2002-09-28,Sunderland AFC,Aston Villa FC,1,0,H,0,0,D,8,12,6,5,5,12,20,10,3,3,0,0
2002/03,2002-09-28,Tottenham Hotspur FC,Middlesbrough FC,0,3,A,0,1,A,12,18,4,12,4,11,9,11,1,1,0,0
2002/03,2002-09-30,West Bromwich Albion FC,Blackburn Rovers FC,0,2,A,0,0,D,9,10,8,5,7,2,14,15,1,1,0,0
2002/03,2002-10-05,Middlesbrough FC,Bolton Wanderers FC,2,0,H,1,0,H,13,11,2,4,5,5,9,10,0,3,0,0
2002/03,2002-10-05,Newcastle United FC,West Bromwich Albion FC,2,1,H,1,1,D,14,5,8,3,11,6,11,9,1,2,0,0
2002/03,2002-10-05,Southampton FC,Manchester City FC,2,0,H,2,0,H,19,11,13,4,8,5,15,9,2,2,1,0
2002/03,2002-10-05,West Ham United FC,Birmingham City FC,1,2,A,1,2,A,13,10,6,4,8,2,20,11,2,1,0,0
2002/03,2002-10-06,Arsenal FC,Sunderland AFC,3,1,H,3,0,H,9,4,5,2,15,0,9,7,0,0,0,0
2002/03,2002-10-06,Aston Villa FC,Leeds United FC,0,0,D,0,0,D,16,6,5,3,14,6,11,10,1,1,0,0
2002/03,2002-10-06,Blackburn Rovers FC,Tottenham Hotspur FC,1,2,A,0,1,A,12,9,7,6,6,3,17,11,1,0,0,0
2002/03,2002-10-06,Fulham FC,Charlton Athletic FC,1,0,H,1,0,H,9,14,5,7,4,8,9,13,1,2,0,0
2002/03,2002-10-06,Liverpool FC,Chelsea FC,1,0,H,0,0,D,12,8,8,0,3,1,10,13,0,2,0,0
2002/03,2002-10-07,Manchester United FC,Everton FC,3,0,H,0,0,D,17,8,12,4,7,1,14,12,0,2,0,1
2002/03,2002-10-19,Blackburn Rovers FC,Newcastle United FC,5,2,H,2,1,H,21,5,11,5,7,5,16,9,0,2,0,1
2002/03,2002-10-19,Everton FC,Arsenal FC,2,1,H,1,1,D,10,9,6,3,8,5,18,13,3,1,0,0
2002/03,2002-10-19,Fulham FC,Manchester United FC,1,1,D,1,0,H,12,8,6,5,6,1,9,13,1,3,0,0
2002/03,2002-10-19,Leeds United FC,Liverpool FC,0,1,A,0,0,D,12,13,5,6,9,9,13,13,1,2,0,0
2002/03,2002-10-19,Manchester City FC,Chelsea FC,0,3,A,0,0,D,11,8,8,6,3,7,11,10,1,2,0,0
2002/03,2002-10-19,Sunderland AFC,West Ham United FC,0,1,A,0,1,A,7,7,2,1,9,4,16,17,1,1,0,0
2002/03,2002-10-19,West Bromwich Albion FC,Birmingham City FC,1,1,D,0,0,D,18,7,7,1,12,2,15,12,3,2,0,1
2002/03,2002-10-20,Charlton Athletic FC,Middlesbrough FC,1,0,H,1,0,H,14,9,7,5,5,4,11,19,1,3,0,0
2002/03,2002-10-20,Tottenham Hotspur FC,Bolton Wanderers FC,3,1,H,0,0,D,6,5,3,1,7,3,8,11,0,1,0,0
2002/03,2002-10-21,Aston Villa FC,Southampton FC,0,1,A,0,0,D,18,13,11,7,7,4,13,11,3,1,1,0
2002/03,2002-10-23,Fulham FC,West Ham United FC,0,1,A,0,0,D,6,6,2,4,7,6,18,11,2,3,1,0
2002/03,2002-10-26,Arsenal FC,Blackburn Rovers FC,1,2,A,1,1,D,19,3,9,2,15,3,11,14,1,3,0,1
2002/03,2002-10-26,Birmingham City FC,Manchester City FC,0,2,A,0,1,A,9,8,4,4,6,1,10,16,2,2,0,0
2002/03,2002-10-26,Chelsea FC,West Bromwich Albion FC,2,0,H,1,0,H,10,7,5,5,5,5,6,7,0,1,0,0
2002/03,2002-10-26,Liverpool FC,Tottenham Hotspur FC,2,1,H,0,0,D,9,10,5,8,5,7,11,19,2,4,0,0
2002/03,2002-10-26,Manchester United FC,Aston Villa FC,1,1,D,0,1,A,15,9,6,3,8,5,7,16,1,0,0,0
2002/03,2002-10-26,Middlesbrough FC,Leeds United FC,2,2,D,1,1,D,16,7,7,7,11,2,17,17,3,2,1,1
2002/03,2002-10-26,Newcastle United FC,Charlton Athletic FC,2,1,H,1,1,D,16,6,12,5,14,5,12,14,2,1,0,0
2002/03,2002-10-27,Southampton FC,Fulham FC,4,2,H,2,2,D,13,5,8,4,3,5,12,19,1,2,0,0
2002/03,2002-10-27,West Ham United FC,Everton FC,0,1,A,0,0,D,16,10,9,5,5,3,12,12,0,0,0,0
2002/03,2002-10-28,Bolton Wanderers FC,Sunderland AFC,1,1,D,0,1,A,14,8,7,4,5,2,12,9,1,2,0,0
2002/03,2002-11-02,Birmingham City FC,Bolton Wanderers FC,3,1,H,0,0,D,12,11,6,7,8,5,12,19,2,4,0,1
2002/03,2002-11-02,Liverpool FC,West Ham United FC,2,0,H,1,0,H,13,5,9,1,6,0,7,8,0,0,0,0
2002/03,2002-11-02,Manchester United FC,Southampton FC,2,1,H,1,1,D,16,12,8,5,10,2,12,18,0,1,0,0
2002/03,2002-11-02,West Bromwich Albion FC,Manchester City FC,1,2,A,0,0,D,5,10,4,4,5,4,10,10,2,2,0,0
2002/03,2002-11-03,Blackburn Rovers FC,Aston Villa FC,0,0,D,0,0,D,17,11,6,4,10,3,15,10,1,2,0,0
2002/03,2002-11-03,Charlton Athletic FC,Sunderland AFC,1,1,D,0,1,A,19,9,12,7,6,8,8,14,1,4,0,0
2002/03,2002-11-03,Fulham FC,Arsenal FC,0,1,A,0,1,A,5,6,4,3,10,5,10,21,1,2,0,0
2002/03,2002-11-03,Leeds United FC,Everton FC,0,1,A,0,0,D,18,12,5,7,9,9,14,20,3,3,0,0
2002/03,2002-11-03,Tottenham Hotspur FC,Chelsea FC,0,0,D,0,0,D,15,14,7,4,8,2,17,12,3,2,0,0
2002/03,2002-11-04,Newcastle United FC,Middlesbrough FC,2,0,H,1,0,H,18,12,13,9,7,5,16,7,2,2,0,1
2002/03,2002-11-09,Arsenal FC,Newcastle United FC,1,0,H,1,0,H,16,3,10,2,11,0,11,12,0,2,0,0
2002/03,2002-11-09,Aston Villa FC,Fulham FC,3,1,H,1,0,H,9,8,7,4,4,6,12,10,3,2,0,0
2002/03,2002-11-09,Bolton Wanderers FC,West Bromwich Albion FC,1,1,D,0,1,A,15,5,8,1,7,4,14,13,2,2,1,0
2002/03,2002-11-09,Chelsea FC,Birmingham City FC,3,0,H,3,0,H,16,7,10,2,7,3,7,6,1,1,0,0
2002/03,2002-11-09,Everton FC,Charlton Athletic FC,1,0,H,1,0,H,11,5,2,1,7,3,14,13,2,3,0,0
2002/03,2002-11-09,Manchester City FC,Manchester United FC,3,1,H,2,1,H,11,9,6,6,0,9,12,16,1,2,0,0
2002/03,2002-11-09,Middlesbrough FC,Liverpool FC,1,0,H,0,0,D,11,13,3,7,5,2,10,8,1,0,0,0
2002/03,2002-11-09,Southampton FC,Blackburn Rovers FC,1,1,D,1,0,H,21,11,12,3,5,4,13,13,0,2,0,1
2002/03,2002-11-10,Sunderland AFC,Tottenham Hotspur FC,2,0,H,0,0,D,13,9,5,3,4,5,10,18,0,2,0,0
2002/03,2002-11-10,West Ham United FC,Leeds United FC,3,4,A,1,4,A,19,12,9,8,5,4,14,11,5,3,0,0
2002/03,2002-11-16,Arsenal FC,Tottenham Hotspur FC,3,0,H,1,0,H,17,6,12,5,3,1,15,10,0,2,0,1
2002/03,2002-11-16,Chelsea FC,Middlesbrough FC,1,0,H,0,0,D,13,7,5,4,5,7,9,11,2,1,0,0
2002/03,2002-11-16,Manchester City FC,Charlton Athletic FC,0,1,A,0,0,D,15,13,4,4,7,5,10,16,0,4,0,0
2002/03,2002-11-16,Newcastle United FC,Southampton FC,2,1,H,1,1,D,18,8,13,3,6,2,7,18,1,3,0,0
2002/03,2002-11-16,West Bromwich Albion FC,Aston Villa FC,0,0,D,0,0,D,10,8,5,5,8,6,15,15,2,3,0,0
2002/03,2002-11-17,Birmingham City FC,Fulham FC,0,0,D,0,0,D,11,4,6,1,9,1,17,15,2,1,0,2
2002/03,2002-11-17,Blackburn Rovers FC,Everton FC,0,1,A,0,1,A,16,9,6,6,12,4,10,19,3,1,0,0
2002/03,2002-11-17,Leeds United FC,Bolton Wanderers FC,2,4,A,1,1,D,12,14,3,7,2,4,19,9,2,0,0,0
2002/03,2002-11-17,Liverpool FC,Sunderland AFC,0,0,D,0,0,D,27,0,12,0,12,0,6,10,0,1,0,0
2002/03,2002-11-17,West Ham United FC,Manchester United FC,1,1,D,0,1,A,3,11,1,4,10,6,13,14,1,1,0,0
2002/03,2002-11-23,Aston Villa FC,West Ham United FC,4,1,H,1,0,H,23,15,11,8,6,4,11,15,3,2,0,0
2002/03,2002-11-23,Bolton Wanderers FC,Chelsea FC,1,1,D,0,0,D,15,15,8,11,9,10,4,9,2,4,0,1
2002/03,2002-11-23,Everton FC,West Bromwich Albion FC,1,0,H,1,0,H,17,13,9,8,10,6,14,11,2,2,0,0
2002/03,2002-11-23,Fulham FC,Liverpool FC,3,2,H,2,0,H,11,14,10,11,1,8,14,9,1,0,1,0
2002/03,2002-11-23,Manchester United FC,Newcastle United FC,5,3,H,3,1,H,11,10,9,7,6,1,14,9,2,2,0,0
2002/03,2002-11-23,Middlesbrough FC,Manchester City FC,3,1,H,0,0,D,18,9,7,5,6,6,5,12,0,3,0,1
2002/03,2002-11-23,Southampton FC,Arsenal FC,3,2,H,1,1,D,8,7,3,2,3,8,12,16,1,2,0,1
2002/03,2002-11-23,Sunderland AFC,Birmingham City FC,0,1,A,0,0,D,7,11,2,9,5,7,18,17,3,3,0,0
2002/03,2002-11-24,Charlton Athletic FC,Blackburn Rovers FC,3,1,H,0,0,D,13,12,9,7,5,7,16,17,2,0,0,0
2002/03,2002-11-24,Tottenham Hotspur FC,Leeds United FC,2,0,H,2,0,H,11,8,6,4,3,1,18,16,3,7,0,0
2002/03,2002-11-30,Arsenal FC,Aston Villa FC,3,1,H,1,0,H,13,12,7,5,6,9,11,20,2,3,0,0
2002/03,2002-11-30,Birmingham City FC,Tottenham Hotspur FC,1,1,D,0,0,D,13,7,6,3,1,2,19,16,1,0,0,0
2002/03,2002-11-30,Blackburn Rovers FC,Fulham FC,2,1,H,1,0,H,8,9,4,7,6,6,19,16,1,2,0,0
2002/03,2002-11-30,Chelsea FC,Sunderland AFC,3,0,H,0,0,D,15,1,11,0,9,5,7,12,0,3,0,0
2002/03,2002-11-30,Manchester City FC,Bolton Wanderers FC,2,0,H,1,0,H,13,3,10,3,11,2,10,10,0,2,0,0
2002/03,2002-11-30,West Bromwich Albion FC,Middlesbrough FC,1,0,H,0,0,D,16,11,8,2,5,9,13,8,0,1,0,0
2002/03,2002-12-01,Leeds United FC,Charlton Athletic FC,1,2,A,1,0,H,18,14,6,10,5,11,14,15,1,1,0,0
2002/03,2002-12-01,Liverpool FC,Manchester United FC,1,2,A,0,0,D,13,5,7,4,5,2,13,11,1,4,0,0
2002/03,2002-12-01,Newcastle United FC,Everton FC,2,1,H,0,1,A,24,7,15,5,11,2,13,18,0,1,0,1
2002/03,2002-12-02,West Ham United FC,Southampton FC,0,1,A,0,0,D,14,9,7,3,6,1,10,11,1,1,0,0
2002/03,2002-12-07,Aston Villa FC,Newcastle United FC,0,1,A,0,0,D,12,11,4,5,6,5,9,10,2,0,0,0
2002/03,2002-12-07,Bolton Wanderers FC,Blackburn Rovers FC,1,1,D,1,0,H,18,13,7,7,3,11,16,10,2,2,0,0
2002/03,2002-12-07,Charlton Athletic FC,Liverpool FC,2,0,H,1,0,H,14,17,11,7,4,5,14,12,3,3,0,0
2002/03,2002-12-07,Everton FC,Chelsea FC,1,3,A,1,2,A,14,13,6,10,9,4,13,17,1,6,1,0
2002/03,2002-12-07,Fulham FC,Leeds United FC,1,0,H,1,0,H,10,6,3,4,9,1,10,14,3,4,0,0
2002/03,2002-12-07,Manchester United FC,Arsenal FC,2,0,H,1,0,H,8,12,6,5,6,7,16,12,1,2,0,0
2002/03,2002-12-07,Middlesbrough FC,West Ham United FC,2,2,D,0,0,D,12,14,5,8,5,7,13,13,1,1,0,0
2002/03,2002-12-07,Southampton FC,Birmingham City FC,2,0,H,0,0,D,13,6,8,2,6,9,7,6,0,2,0,0
2002/03,2002-12-08,Tottenham Hotspur FC,West Bromwich Albion FC,3,1,H,2,0,H,10,13,6,7,4,3,16,10,2,1,0,0
2002/03,2002-12-09,Sunderland AFC,Manchester City FC,0,3,A,0,1,A,8,11,6,7,10,5,11,12,0,2,0,0
2002/03,2002-12-14,Aston Villa FC,West Bromwich Albion FC,2,1,H,1,1,D,23,13,12,3,8,2,20,14,3,1,1,0
2002/03,2002-12-14,Charlton Athletic FC,Manchester City FC,2,2,D,0,0,D,12,14,5,9,5,3,12,12,2,1,0,0
2002/03,2002-12-14,Everton FC,Blackburn Rovers FC,2,1,H,2,1,H,12,17,7,9,5,10,14,16,1,2,0,1
2002/03,2002-12-14,Manchester United FC,West Ham United FC,3,0,H,2,0,H,14,10,10,3,7,4,12,11,0,1,0,0
2002/03,2002-12-14,Middlesbrough FC,Chelsea FC,1,1,D,1,1,D,9,16,6,11,5,8,9,14,0,1,0,0
2002/03,2002-12-14,Southampton FC,Newcastle United FC,1,1,D,0,0,D,16,17,9,11,8,8,12,11,0,0,0,0
2002/03,2002-12-15,Fulham FC,Birmingham City FC,0,1,A,0,1,A,7,2,0,1,7,1,11,22,3,7,0,1
2002/03,2002-12-15,Sunderland AFC,Liverpool FC,2,1,H,1,0,H,7,11,3,4,9,10,12,7,0,2,0,0
2002/03,2002-12-15,Tottenham Hotspur FC,Arsenal FC,1,1,D,1,1,D,14,6,10,4,5,6,14,11,3,2,0,0
2002/03,2002-12-16,Bolton Wanderers FC,Leeds United FC,0,3,A,0,2,A,17,9,9,7,5,3,9,14,1,3,0,0
2002/03,2002-12-21,Arsenal FC,Middlesbrough FC,2,0,H,1,0,H,26,3,14,1,13,3,8,14,1,3,0,1
2002/03,2002-12-21,Birmingham City FC,Charlton Athletic FC,1,1,D,0,1,A,8,8,5,5,5,5,15,21,4,4,1,0
2002/03,2002-12-21,Chelsea FC,Aston Villa FC,2,0,H,1,0,H,16,12,8,4,6,4,9,18,0,3,0,0
2002/03,2002-12-21,Leeds United FC,Southampton FC,1,1,D,0,0,D,19,10,11,4,7,4,15,14,0,1,0,0
2002/03,2002-12-21,Newcastle United FC,Fulham FC,2,0,H,1,0,H,19,6,14,0,7,6,5,10,0,2,0,1
2002/03,2002-12-21,West Bromwich Albion FC,Sunderland AFC,2,2,D,2,0,H,9,11,5,7,8,10,22,15,2,1,0,0
2002/03,2002-12-21,West Ham United FC,Bolton Wanderers FC,1,1,D,1,0,H,13,6,6,3,7,4,13,9,0,1,0,0
2002/03,2002-12-22,Blackburn Rovers FC,Manchester United FC,1,0,H,1,0,H,9,12,3,6,7,8,8,10,0,1,0,0
2002/03,2002-12-22,Liverpool FC,Everton FC,0,0,D,0,0,D,14,5,8,2,7,4,14,20,3,4,0,0
2002/03,2002-12-23,Manchester City FC,Tottenham Hotspur FC,2,3,A,1,1,D,19,9,18,9,7,9,6,7,2,3,0,1
2002/03,2002-12-26,Birmingham City FC,Everton FC,1,1,D,1,1,D,6,8,3,5,0,4,16,21,1,1,0,1
2002/03,2002-12-26,Bolton Wanderers FC,Newcastle United FC,4,3,H,3,1,H,11,14,7,8,6,8,12,16,1,2,0,0
2002/03,2002-12-26,Chelsea FC,Southampton FC,0,0,D,0,0,D,11,10,4,6,6,5,13,12,1,2,0,0
2002/03,2002-12-26,Liverpool FC,Blackburn Rovers FC,1,1,D,1,0,H,12,10,6,5,7,4,8,6,1,1,0,0
2002/03,2002-12-26,Manchester City FC,Aston Villa FC,3,1,H,1,1,D,13,11,10,5,7,8,10,11,0,1,0,0
2002/03,2002-12-26,Middlesbrough FC,Manchester United FC,3,1,H,1,0,H,13,14,5,6,5,8,7,12,1,1,0,0
2002/03,2002-12-26,Sunderland AFC,Leeds United FC,1,2,A,1,0,H,18,11,6,4,8,3,12,11,0,1,0,0
2002/03,2002-12-26,Tottenham Hotspur FC,Charlton Athletic FC,2,2,D,0,1,A,20,10,12,7,9,2,10,11,2,1,1,0
2002/03,2002-12-26,West Bromwich Albion FC,Arsenal FC,1,2,A,1,0,H,6,11,2,4,5,7,20,8,1,0,0,0
2002/03,2002-12-26,West Ham United FC,Fulham FC,1,1,D,0,0,D,11,11,5,5,7,1,16,11,2,1,1,0
2002/03,2002-12-28,Aston Villa FC,Middlesbrough FC,1,0,H,1,0,H,11,12,9,4,3,8,14,7,3,2,0,1
2002/03,2002-12-28,Blackburn Rovers FC,West Ham United FC,2,2,D,1,1,D,11,7,3,1,4,1,11,12,3,2,0,0
2002/03,2002-12-28,Charlton Athletic FC,West Bromwich Albion FC,1,0,H,1,0,H,8,18,5,8,6,10,13,20,2,3,0,0
2002/03,2002-12-28,Everton FC,Bolton Wanderers FC,0,0,D,0,0,D,15,3,9,1,8,4,11,13,1,4,0,0
2002/03,2002-12-28,Fulham FC,Manchester City FC,0,1,A,0,0,D,15,13,7,8,4,13,7,14,0,1,0,0
2002/03,2002-12-28,Leeds United FC,Chelsea FC,2,0,H,2,0,H,6,17,4,4,3,7,20,16,2,0,0,0
2002/03,2002-12-28,Manchester United FC,Birmingham City FC,2,0,H,1,0,H,22,7,10,2,13,4,12,9,1,2,0,0
2002/03,2002-12-28,Southampton FC,Sunderland AFC,2,1,H,0,0,D,18,4,6,1,17,3,7,18,1,2,0,0
2002/03,2002-12-29,Arsenal FC,Liverpool FC,1,1,D,0,0,D,13,9,6,2,15,4,14,15,1,3,0,0
2002/03,2002-12-29,Newcastle United FC,Tottenham Hotspur FC,2,1,H,1,0,H,14,9,10,6,7,6,9,12,1,2,0,0
2002/03,2003-01-01,Arsenal FC,Chelsea FC,3,2,H,1,0,H,7,8,7,7,2,7,13,9,0,0,0,0
2002/03,2003-01-01,Aston Villa FC,Bolton Wanderers FC,2,0,H,1,0,H,12,9,7,4,9,8,14,4,2,0,0,0
2002/03,2003-01-01,Blackburn Rovers FC,Middlesbrough FC,1,0,H,0,0,D,17,7,10,3,5,2,15,8,0,0,0,0
2002/03,2003-01-01,Everton FC,Manchester City FC,2,2,D,1,1,D,12,9,5,2,4,1,13,19,1,2,0,0
2002/03,2003-01-01,Leeds United FC,Birmingham City FC,2,0,H,1,0,H,12,9,6,5,5,8,14,9,1,2,0,0
2002/03,2003-01-01,Manchester United FC,Sunderland AFC,2,1,H,0,1,A,31,4,18,1,10,2,12,11,2,1,0,0
2002/03,2003-01-01,Newcastle United FC,Liverpool FC,1,0,H,1,0,H,8,5,5,4,4,4,6,20,1,3,0,1
2002/03,2003-01-01,Southampton FC,Tottenham Hotspur FC,1,0,H,0,0,D,12,11,6,7,5,5,15,5,0,0,0,0
2002/03,2003-01-11,Bolton Wanderers FC,Fulham FC,0,0,D,0,0,D,17,13,5,8,7,4,15,16,1,2,0,0
2002/03,2003-01-11,Chelsea FC,Charlton Athletic FC,4,1,H,3,1,H,15,6,7,5,8,4,9,13,4,3,0,0
2002/03,2003-01-11,Liverpool FC,Aston Villa FC,1,1,D,1,0,H,19,8,11,3,9,2,11,18,1,2,0,0
2002/03,2003-01-11,Manchester City FC,Leeds United FC,2,1,H,1,0,H,11,4,5,3,8,8,9,12,0,4,0,0
2002/03,2003-01-11,Middlesbrough FC,Southampton FC,2,2,D,0,1,A,12,17,4,8,7,4,7,10,0,2,0,0
2002/03,2003-01-11,Sunderland AFC,Blackburn Rovers FC,0,0,D,0,0,D,9,12,4,4,3,4,18,12,1,3,0,0
2002/03,2003-01-11,West Bromwich Albion FC,Manchester United FC,1,3,A,1,2,A,9,9,3,4,2,6,10,7,0,1,0,0
2002/03,2003-01-11,West Ham United FC,Newcastle United FC,2,2,D,2,1,H,13,12,8,7,5,3,17,18,0,1,0,0
2002/03,2003-01-12,Birmingham City FC,Arsenal FC,0,4,A,0,2,A,10,12,4,9,7,5,13,17,2,2,0,0
2002/03,2003-01-12,Tottenham Hotspur FC,Everton FC,4,3,H,1,1,D,18,13,12,10,9,9,12,10,1,1,0,0
2002/03,2003-01-18,Aston Villa FC,Tottenham Hotspur FC,0,1,A,0,0,D,11,10,5,6,11,5,9,11,1,3,0,0
2002/03,2003-01-18,Blackburn Rovers FC,Birmingham City FC,1,1,D,1,0,H,14,15,10,7,4,11,16,15,2,3,1,0
2002/03,2003-01-18,Charlton Athletic FC,Bolton Wanderers FC,1,1,D,0,0,D,10,10,5,5,7,7,11,12,0,0,0,0
2002/03,2003-01-18,Everton FC,Sunderland AFC,2,1,H,0,1,A,15,7,9,5,13,8,14,19,2,3,0,0
2002/03,2003-01-18,Leeds United FC,West Bromwich Albion FC,0,0,D,0,0,D,10,8,4,1,6,5,11,12,1,1,0,1
2002/03,2003-01-18,Manchester United FC,Chelsea FC,2,1,H,1,1,D,10,10,8,5,6,6,9,9,0,0,0,0
2002/03,2003-01-18,Newcastle United FC,Manchester City FC,2,0,H,1,0,H,13,6,10,2,7,1,13,13,0,1,0,0
2002/03,2003-01-18,Southampton FC,Liverpool FC,0,1,A,0,1,A,8,17,4,7,6,4,8,10,1,1,0,0
2002/03,2003-01-19,Arsenal FC,West Ham United FC,3,1,H,1,1,D,24,5,13,2,12,1,17,9,3,1,0,1
2002/03,2003-01-19,Fulham FC,Middlesbrough FC,1,0,H,1,0,H,18,8,6,4,8,4,12,12,0,1,0,0
2002/03,2003-01-22,Charlton Athletic FC,West Ham United FC,4,2,H,2,1,H,12,11,4,3,8,2,11,7,0,1,0,0
2002/03,2003-01-22,Newcastle United FC,Bolton Wanderers FC,1,0,H,1,0,H,10,12,7,4,7,3,15,6,1,2,0,0
2002/03,2003-01-28,Bolton Wanderers FC,Everton FC,1,2,A,0,2,A,7,6,5,4,5,6,8,15,2,1,0,0
2002/03,2003-01-28,Chelsea FC,Leeds United FC,3,2,H,0,1,A,13,5,7,5,7,3,6,6,2,1,0,0
2002/03,2003-01-28,Middlesbrough FC,Aston Villa FC,2,5,A,2,2,D,13,15,8,9,6,3,13,11,1,2,0,0
2002/03,2003-01-28,Sunderland AFC,Southampton FC,0,1,A,0,0,D,10,12,4,6,5,2,9,13,1,0,0,0
2002/03,2003-01-29,Liverpool FC,Arsenal FC,2,2,D,0,1,A,16,20,12,15,9,10,14,11,1,1,0,0
2002/03,2003-01-29,Manchester City FC,Fulham FC,4,1,H,1,1,D,11,6,4,2,9,3,10,10,3,1,0,0
2002/03,2003-01-29,Tottenham Hotspur FC,Newcastle United FC,0,1,A,0,0,D,13,15,7,8,5,4,14,9,0,1,0,0
2002/03,2003-01-29,West Bromwich Albion FC,Charlton Athletic FC,0,1,A,0,0,D,15,3,6,2,6,6,12,14,0,2,0,0
2002/03,2003-01-29,West Ham United FC,Blackburn Rovers FC,2,1,H,0,1,A,9,4,7,1,5,4,16,14,1,1,0,0
2002/03,2003-02-01,Arsenal FC,Fulham FC,2,1,H,1,1,D,11,3,6,1,6,4,10,16,3,1,0,0
2002/03,2003-02-01,Bolton Wanderers FC,Birmingham City FC,4,2,H,1,1,D,15,11,10,6,7,4,16,10,2,2,0,0
2002/03,2003-02-01,Chelsea FC,Tottenham Hotspur FC,1,1,D,1,1,D,16,8,8,5,11,3,7,15,1,1,0,0
2002/03,2003-02-01,Everton FC,Leeds United FC,2,0,H,0,0,D,13,8,5,2,6,4,6,16,0,1,0,0
2002/03,2003-02-01,Manchester City FC,West Bromwich Albion FC,1,2,A,1,1,D,12,9,7,5,6,6,10,17,1,2,0,1
2002/03,2003-02-01,Southampton FC,Manchester United FC,0,2,A,0,2,A,9,13,4,8,7,6,15,13,2,0,0,0
2002/03,2003-02-01,Sunderland AFC,Charlton Athletic FC,1,3,A,0,3,A,13,14,5,4,8,3,21,12,1,1,0,0
2002/03,2003-02-02,Aston Villa FC,Blackburn Rovers FC,3,0,H,2,0,H,16,7,9,1,9,2,8,21,1,5,0,0
2002/03,2003-02-02,West Ham United FC,Liverpool FC,0,3,A,0,2,A,7,11,2,5,6,8,12,12,1,0,0,0
2002/03,2003-02-04,Birmingham City FC,Manchester United FC,0,1,A,0,0,D,5,15,3,7,3,5,9,14,1,1,0,0
2002/03,2003-02-08,Birmingham City FC,Chelsea FC,1,3,A,0,1,A,7,3,6,3,7,2,13,14,1,4,0,0
2002/03,2003-02-08,Blackburn Rovers FC,Southampton FC,1,0,H,1,0,H,18,11,11,5,6,6,9,11,0,1,0,0
2002/03,2003-02-08,Charlton Athletic FC,Everton FC,2,1,H,1,0,H,19,14,10,6,4,10,15,10,0,1,0,0
2002/03,2003-02-08,Fulham FC,Aston Villa FC,2,1,H,2,1,H,17,8,10,5,6,5,11,14,1,3,0,0
2002/03,2003-02-08,Leeds United FC,West Ham United FC,1,0,H,1,0,H,10,12,7,3,9,6,13,13,2,2,0,1
2002/03,2003-02-08,Liverpool FC,Middlesbrough FC,1,1,D,0,1,A,17,2,10,2,14,3,16,12,0,2,0,0
2002/03,2003-02-08,Tottenham Hotspur FC,Sunderland AFC,4,1,H,2,1,H,16,8,7,6,10,8,12,11,0,2,0,0
2002/03,2003-02-08,West Bromwich Albion FC,Bolton Wanderers FC,1,1,D,0,1,A,15,7,8,5,5,4,8,12,2,4,0,0
2002/03,2003-02-09,Manchester United FC,Manchester City FC,1,1,D,1,0,H,15,9,8,6,10,4,8,10,1,1,0,0
2002/03,2003-02-09,Newcastle United FC,Arsenal FC,1,1,D,0,1,A,6,18,4,10,6,7,11,10,2,2,1,0
2002/03,2003-02-19,Fulham FC,West Bromwich Albion FC,3,0,H,0,0,D,12,9,8,4,2,3,13,18,1,2,0,0
2002/03,2003-02-22,Bolton Wanderers FC,Manchester United FC,1,1,D,0,0,D,13,7,5,3,8,5,13,10,1,1,0,0
2002/03,2003-02-22,Charlton Athletic FC,Aston Villa FC,3,0,H,0,0,D,14,13,9,6,6,6,17,20,2,2,0,0
2002/03,2003-02-22,Chelsea FC,Blackburn Rovers FC,1,2,A,0,0,D,16,6,9,5,5,2,11,12,2,1,0,0
2002/03,2003-02-22,Everton FC,Southampton FC,2,1,H,0,1,A,25,11,16,6,17,6,3,13,0,1,0,0
2002/03,2003-02-22,Leeds United FC,Newcastle United FC,0,3,A,0,1,A,12,13,5,6,1,7,14,19,0,0,0,0
2002/03,2003-02-22,Manchester City FC,Arsenal FC,1,5,A,0,4,A,18,9,12,9,14,4,7,7,0,0,0,0
2002/03,2003-02-22,Sunderland AFC,Middlesbrough FC,1,3,A,0,2,A,7,9,4,5,4,6,18,16,2,1,0,0
2002/03,2003-02-23,Birmingham City FC,Liverpool FC,2,1,H,1,0,H,5,14,2,9,2,6,14,11,2,1,0,0
2002/03,2003-02-23,West Bromwich Albion FC,West Ham United FC,1,2,A,0,1,A,10,7,5,2,7,4,19,12,1,1,0,0
2002/03,2003-02-24,Tottenham Hotspur FC,Fulham FC,1,1,D,1,1,D,15,8,10,7,5,7,17,13,2,2,1,1
2002/03,2003-03-01,Blackburn Rovers FC,Manchester City FC,1,0,H,1,0,H,10,12,7,6,2,4,9,15,2,0,0,0
2002/03,2003-03-01,Fulham FC,Sunderland AFC,1,0,H,0,0,D,11,15,4,6,8,11,18,13,1,2,0,0
2002/03,2003-03-01,Middlesbrough FC,Everton FC,1,1,D,0,1,A,6,11,2,5,4,2,14,8,0,0,0,0
2002/03,2003-03-01,Newcastle United FC,Chelsea FC,2,1,H,1,1,D,5,8,2,5,5,7,12,22,0,1,0,0
2002/03,2003-03-01,Southampton FC,West Bromwich Albion FC,1,0,H,1,0,H,15,12,11,3,9,3,21,20,2,2,0,0
2002/03,2003-03-01,West Ham United FC,Tottenham Hotspur FC,2,0,H,1,0,H,10,9,8,3,8,3,14,9,3,2,0,0
2002/03,2003-03-02,Arsenal FC,Charlton Athletic FC,2,0,H,2,0,H,19,6,11,4,12,6,12,12,1,0,0,0
2002/03,2003-03-03,Aston Villa FC,Birmingham City FC,0,2,A,0,0,D,11,5,4,3,4,3,20,17,1,2,2,0
2002/03,2003-03-05,Manchester United FC,Leeds United FC,2,1,H,1,0,H,15,7,2,6,8,3,10,16,1,1,0,0
2002/03,2003-03-05,Middlesbrough FC,Newcastle United FC,1,0,H,0,0,D,10,11,4,0,5,9,13,16,0,3,0,0
2002/03,2003-03-08,Liverpool FC,Bolton Wanderers FC,2,0,H,1,0,H,9,10,3,2,3,3,13,11,0,3,0,0
2002/03,2003-03-15,Aston Villa FC,Manchester United FC,0,1,A,0,1,A,19,13,6,5,6,6,10,10,2,1,0,0
2002/03,2003-03-15,Blackburn Rovers FC,Arsenal FC,2,0,H,1,0,H,10,9,4,5,3,5,11,15,4,2,0,0
2002/03,2003-03-15,Charlton Athletic FC,Newcastle United FC,0,2,A,0,1,A,7,11,5,5,6,4,10,9,1,2,0,0
2002/03,2003-03-15,Everton FC,West Ham United FC,0,0,D,0,0,D,11,3,8,2,5,5,14,12,2,0,0,0
2002/03,2003-03-15,Fulham FC,Southampton FC,2,2,D,1,0,H,3,12,3,5,3,7,8,11,1,0,0,0
2002/03,2003-03-15,Leeds United FC,Middlesbrough FC,2,3,A,1,2,A,14,7,8,3,6,3,16,11,3,2,0,0
2002/03,2003-03-15,Sunderland AFC,Bolton Wanderers FC,0,2,A,0,0,D,12,13,7,8,8,6,15,12,1,1,0,0
2002/03,2003-03-16,Manchester City FC,Birmingham City FC,1,0,H,0,0,D,14,7,9,4,7,6,17,7,2,1,1,0
2002/03,2003-03-16,Tottenham Hotspur FC,Liverpool FC,2,3,A,0,0,D,12,9,5,6,9,4,21,11,1,1,0,0
2002/03,2003-03-16,West Bromwich Albion FC,Chelsea FC,0,2,A,0,1,A,5,11,1,8,2,4,10,8,0,0,0,0
2002/03,2003-03-22,Birmingham City FC,West Bromwich Albion FC,1,0,H,0,0,D,13,9,6,3,8,3,10,22,0,0,0,0
2002/03,2003-03-22,Chelsea FC,Manchester City FC,5,0,H,2,0,H,16,8,10,4,7,6,11,13,1,2,0,1
2002/03,2003-03-22,Manchester United FC,Fulham FC,3,0,H,1,0,H,18,11,11,6,9,5,11,12,2,1,0,0
2002/03,2003-03-22,Middlesbrough FC,Charlton Athletic FC,1,1,D,0,1,A,15,6,6,4,8,4,9,10,1,2,0,0
2002/03,2003-03-22,Newcastle United FC,Blackburn Rovers FC,5,1,H,1,0,H,14,11,8,8,8,3,12,11,1,1,0,0
2002/03,2003-03-22,Southampton FC,Aston Villa FC,2,2,D,1,2,A,11,13,7,9,4,3,8,17,0,1,0,0
2002/03,2003-03-22,West Ham United FC,Sunderland AFC,2,0,H,1,0,H,10,4,4,2,4,1,16,12,1,0,0,0
2002/03,2003-03-23,Arsenal FC,Everton FC,2,1,H,1,0,H,14,6,10,3,3,5,15,19,2,1,0,0
2002/03,2003-03-23,Liverpool FC,Leeds United FC,3,1,H,2,1,H,19,11,11,6,4,6,12,17,0,1,0,0
2002/03,2003-03-24,Bolton Wanderers FC,Tottenham Hotspur FC,1,0,H,0,0,D,15,7,8,2,4,9,8,9,0,1,0,0
2002/03,2003-04-05,Aston Villa FC,Arsenal FC,1,1,D,0,0,D,6,12,2,5,5,6,19,12,1,2,0,0
2002/03,2003-04-05,Bolton Wanderers FC,Manchester City FC,2,0,H,1,0,H,5,5,3,2,5,7,6,10,0,5,0,0
2002/03,2003-04-05,Charlton Athletic FC,Leeds United FC,1,6,A,1,3,A,6,14,4,10,7,8,14,17,2,1,0,0
2002/03,2003-04-05,Manchester United FC,Liverpool FC,4,0,H,1,0,H,12,5,9,1,10,4,15,17,1,3,0,1
2002/03,2003-04-05,Middlesbrough FC,West Bromwich Albion FC,3,0,H,1,0,H,22,12,12,6,3,5,9,15,0,1,0,0
2002/03,2003-04-05,Southampton FC,West Ham United FC,1,1,D,1,0,H,11,14,5,8,3,8,17,11,3,2,0,0
2002/03,2003-04-05,Sunderland AFC,Chelsea FC,1,2,A,1,0,H,9,13,4,10,3,8,17,11,1,1,0,0
2002/03,2003-04-05,Tottenham Hotspur FC,Birmingham City FC,2,1,H,1,0,H,12,10,6,4,10,5,20,16,1,1,0,0
2002/03,2003-04-06,Everton FC,Newcastle United FC,2,1,H,1,1,D,9,15,7,8,9,5,12,13,1,2,0,0
2002/03,2003-04-07,Fulham FC,Blackburn Rovers FC,0,4,A,0,2,A,9,7,4,3,3,4,9,19,0,2,0,0
2002/03,2003-04-12,Birmingham City FC,Sunderland AFC,2,0,H,1,0,H,7,2,3,0,6,6,22,19,0,1,0,1
2002/03,2003-04-12,Blackburn Rovers FC,Charlton Athletic FC,1,0,H,1,0,H,11,7,6,5,9,11,10,14,0,0,0,0
2002/03,2003-04-12,Chelsea FC,Bolton Wanderers FC,1,0,H,0,0,D,17,7,8,2,3,1,9,10,1,2,0,0
2002/03,2003-04-12,Leeds United FC,Tottenham Hotspur FC,2,2,D,1,2,A,11,6,4,2,7,4,13,10,1,2,0,0
2002/03,2003-04-12,Liverpool FC,Fulham FC,2,0,H,1,0,H,17,11,11,7,5,6,9,17,1,2,0,0
2002/03,2003-04-12,Manchester City FC,Middlesbrough FC,0,0,D,0,0,D,9,6,6,1,1,4,12,7,0,1,0,0
2002/03,2003-04-12,Newcastle United FC,Manchester United FC,2,6,A,1,4,A,15,15,9,11,6,6,8,7,1,0,0,0
2002/03,2003-04-12,West Bromwich Albion FC,Everton FC,1,2,A,1,2,A,12,8,6,3,3,10,9,5,2,2,0,0
2002/03,2003-04-12,West Ham United FC,Aston Villa FC,2,2,D,1,1,D,15,6,7,3,10,7,14,12,4,1,0,0
2002/03,2003-04-16,Arsenal FC,Manchester United FC,2,2,D,0,1,A,10,6,7,3,6,2,15,15,0,2,1,0
2002/03,2003-04-18,Tottenham Hotspur FC,Manchester City FC,0,2,A,0,2,A,9,11,6,6,7,9,11,15,2,3,0,0
2002/03,2003-04-19,Aston Villa FC,Chelsea FC,2,1,H,1,0,H,19,16,10,10,6,2,11,12,1,0,0,0
2002/03,2003-04-19,Bolton Wanderers FC,West Ham United FC,1,0,H,1,0,H,19,9,9,3,8,3,18,9,3,4,0,1
2002/03,2003-04-19,Charlton Athletic FC,Birmingham City FC,0,2,A,0,1,A,7,13,5,7,8,5,16,12,2,1,0,0
2002/03,2003-04-19,Everton FC,Liverpool FC,1,2,A,0,1,A,9,8,4,2,4,3,15,18,4,3,2,0
2002/03,2003-04-19,Fulham FC,Newcastle United FC,2,1,H,0,1,A,13,8,6,6,6,13,12,9,1,1,0,1
2002/03,2003-04-19,Manchester United FC,Blackburn Rovers FC,3,1,H,2,1,H,18,6,12,1,7,3,8,9,0,0,0,0
2002/03,2003-04-19,Middlesbrough FC,Arsenal FC,0,2,A,0,0,D,7,6,3,2,3,5,16,12,0,1,0,0
2002/03,2003-04-19,Southampton FC,Leeds United FC,3,2,H,2,0,H,16,5,7,3,11,1,8,22,0,4,0,1
2002/03,2003-04-19,Sunderland AFC,West Bromwich Albion FC,1,2,A,0,2,A,20,9,13,7,10,5,19,12,4,1,0,0
2002/03,2003-04-21,Birmingham City FC,Southampton FC,3,2,H,0,1,A,15,12,9,7,5,3,10,19,0,2,0,0
2002/03,2003-04-21,Blackburn Rovers FC,Bolton Wanderers FC,0,0,D,0,0,D,11,6,5,3,9,4,14,13,2,3,0,0
2002/03,2003-04-21,Chelsea FC,Everton FC,4,1,H,1,0,H,13,3,9,1,4,0,11,15,1,1,0,0
2002/03,2003-04-21,Liverpool FC,Charlton Athletic FC,2,1,H,0,0,D,20,5,10,5,8,9,4,14,0,1,0,0
2002/03,2003-04-21,Manchester City FC,Sunderland AFC,3,0,H,2,0,H,15,4,8,3,7,3,12,11,0,1,0,0
2002/03,2003-04-21,Newcastle United FC,Aston Villa FC,1,1,D,1,0,H,16,10,4,7,8,5,6,13,0,1,0,0
2002/03,2003-04-21,West Bromwich Albion FC,Tottenham Hotspur FC,2,3,A,1,1,D,8,8,8,5,5,8,9,10,2,2,0,0
2002/03,2003-04-21,West Ham United FC,Middlesbrough FC,1,0,H,0,0,D,13,6,9,2,4,6,15,18,1,2,0,0
2002/03,2003-04-22,Leeds United FC,Fulham FC,2,0,H,1,0,H,19,7,7,2,8,4,18,17,0,2,0,0
2002/03,2003-04-26,Birmingham City FC,Middlesbrough FC,3,0,H,2,0,H,7,6,6,4,3,3,17,18,1,2,0,0
2002/03,2003-04-26,Bolton Wanderers FC,Arsenal FC,2,2,D,0,0,D,17,8,11,7,10,4,15,16,2,2,1,0
2002/03,2003-04-26,Charlton Athletic FC,Southampton FC,2,1,H,1,0,H,14,14,10,6,7,10,15,12,1,1,0,0
2002/03,2003-04-26,Chelsea FC,Fulham FC,1,1,D,1,0,H,11,7,5,5,9,2,9,11,3,2,0,0
2002/03,2003-04-26,Everton FC,Aston Villa FC,2,1,H,0,0,D,11,15,8,10,8,6,10,13,0,1,0,0
2002/03,2003-04-26,Leeds United FC,Blackburn Rovers FC,2,3,A,1,1,D,15,10,9,5,11,6,12,18,2,1,0,0
2002/03,2003-04-26,Sunderland AFC,Newcastle United FC,0,1,A,0,1,A,12,18,8,9,6,8,20,18,4,4,0,0
2002/03,2003-04-26,West Bromwich Albion FC,Liverpool FC,0,6,A,0,1,A,9,18,5,14,4,3,12,6,1,1,0,0
2002/03,2003-04-27,Manchester City FC,West Ham United FC,0,1,A,0,0,D,16,11,5,7,11,6,10,11,1,1,0,0
2002/03,2003-04-27,Tottenham Hotspur FC,Manchester United FC,0,2,A,0,0,D,6,20,3,15,5,8,11,11,0,0,0,0
2002/03,2003-05-03,Aston Villa FC,Sunderland AFC,1,0,H,0,0,D,11,11,4,7,12,6,11,13,0,1,0,0
2002/03,2003-05-03,Blackburn Rovers FC,West Bromwich Albion FC,1,1,D,1,0,H,13,13,7,7,7,2,14,16,2,1,0,0
2002/03,2003-05-03,Fulham FC,Everton FC,2,0,H,2,0,H,13,16,6,8,6,9,14,13,1,1,0,0
2002/03,2003-05-03,Liverpool FC,Manchester City FC,1,2,A,0,0,D,8,6,6,3,8,4,9,17,2,2,0,0
2002/03,2003-05-03,Manchester United FC,Charlton Athletic FC,4,1,H,3,1,H,21,4,14,2,11,3,6,10,0,1,0,0
2002/03,2003-05-03,Middlesbrough FC,Tottenham Hotspur FC,5,1,H,3,0,H,26,6,16,4,8,3,15,9,0,2,0,1
2002/03,2003-05-03,Newcastle United FC,Birmingham City FC,1,0,H,1,0,H,18,4,9,2,8,4,14,12,0,2,0,1
2002/03,2003-05-03,Southampton FC,Bolton Wanderers FC,0,0,D,0,0,D,10,10,4,2,7,3,19,9,3,2,0,0
2002/03,2003-05-03,West Ham United FC,Chelsea FC,1,0,H,0,0,D,11,8,7,3,10,8,12,15,3,1,0,0
2002/03,2003-05-04,Arsenal FC,Leeds United FC,2,3,A,1,1,D,33,11,17,6,6,2,16,16,2,1,0,0
2002/03,2003-05-07,Arsenal FC,Southampton FC,6,1,H,5,1,H,16,13,13,5,6,10,12,16,1,1,0,0
2002/03,2003-05-11,Birmingham City FC,West Ham United FC,2,2,D,0,0,D,10,16,7,10,6,7,18,11,1,1,0,0
2002/03,2003-05-11,Bolton Wanderers FC,Middlesbrough FC,2,1,H,2,0,H,13,6,6,3,6,5,18,18,3,2,0,1
2002/03,2003-05-11,Charlton Athletic FC,Fulham FC,0,1,A,0,1,A,10,17,4,7,2,4,13,14,2,3,1,0
2002/03,2003-05-11,Chelsea FC,Liverpool FC,2,1,H,2,1,H,13,5,6,3,4,3,17,13,3,1,0,1
2002/03,2003-05-11,Everton FC,Manchester United FC,1,2,A,1,1,D,8,17,4,12,6,6,16,15,5,3,0,0
2002/03,2003-05-11,Leeds United FC,Aston Villa FC,3,1,H,1,1,D,11,18,5,6,1,8,18,14,0,1,0,0
2002/03,2003-05-11,Manchester City FC,Southampton FC,0,1,A,0,1,A,17,6,7,3,10,4,14,14,3,4,0,0
2002/03,2003-05-11,Sunderland AFC,Arsenal FC,0,4,A,0,2,A,7,20,3,13,6,10,16,12,1,0,0,0
2002/03,2003-05-11,Tottenham Hotspur FC,Blackburn Rovers FC,0,4,A,0,2,A,11,13,7,9,6,3,9,12,1,1,1,0
2002/03,2003-05-11,West Bromwich Albion FC,Newcastle United FC,2,2,D,0,1,A,8,14,3,9,2,8,9,8,0,0,0,0
2003/04,2003-08-16,Arsenal FC,Everton FC,2,1,H,1,0,H,11,13,5,7,6,9,8,15,1,3,1,1
2003/04,2003-08-16,Birmingham City FC,Tottenham Hotspur FC,1,0,H,1,0,H,10,15,5,7,1,4,20,27,3,5,0,0
2003/04,2003-08-16,Blackburn Rovers FC,Wolverhampton Wanderers FC,5,1,H,2,0,H,25,8,13,5,6,2,8,14,1,1,0,0
2003/04,2003-08-16,Fulham FC,Middlesbrough FC,3,2,H,1,1,D,17,8,9,5,7,6,18,16,1,1,0,0
2003/04,2003-08-16,Leicester City FC,Southampton FC,2,2,D,2,0,H,12,13,7,10,2,7,27,15,3,1,0,0
2003/04,2003-08-16,Manchester United FC,Bolton Wanderers FC,4,0,H,1,0,H,13,15,6,5,8,4,12,8,0,4,0,0
2003/04,2003-08-16,Portsmouth FC,Aston Villa FC,2,1,H,1,0,H,4,9,3,5,7,9,18,22,2,1,0,1
2003/04,2003-08-17,Charlton Athletic FC,Manchester City FC,0,3,A,0,2,A,10,14,5,8,4,7,12,16,2,1,1,0
2003/04,2003-08-17,Leeds United FC,Newcastle United FC,2,2,D,1,1,D,8,19,3,10,4,8,19,16,4,2,0,0
2003/04,2003-08-17,Liverpool FC,Chelsea FC,1,2,A,0,1,A,12,10,7,6,8,6,13,12,3,1,0,0
2003/04,2003-08-23,Bolton Wanderers FC,Blackburn Rovers FC,2,2,D,2,0,H,16,10,10,5,9,2,11,15,2,4,0,1
2003/04,2003-08-23,Chelsea FC,Leicester City FC,2,1,H,2,1,H,17,5,7,1,7,2,12,18,0,3,1,2
2003/04,2003-08-23,Everton FC,Fulham FC,3,1,H,3,0,H,10,23,8,15,4,10,15,14,2,4,0,0
2003/04,2003-08-23,Manchester City FC,Portsmouth FC,1,1,D,0,1,A,21,4,11,2,11,7,8,22,2,3,0,0
2003/04,2003-08-23,Newcastle United FC,Manchester United FC,1,2,A,1,0,H,7,11,5,8,2,4,18,14,2,2,0,0
2003/04,2003-08-23,Southampton FC,Birmingham City FC,0,0,D,0,0,D,14,12,7,5,2,7,15,19,3,1,0,0
2003/04,2003-08-23,Tottenham Hotspur FC,Leeds United FC,2,1,H,1,1,D,20,5,4,2,6,0,14,14,1,2,0,0
2003/04,2003-08-23,Wolverhampton Wanderers FC,Charlton Athletic FC,0,4,A,0,4,A,10,8,4,6,5,2,11,7,2,1,0,1
2003/04,2003-08-24,Aston Villa FC,Liverpool FC,0,0,D,0,0,D,14,15,9,9,8,9,16,7,0,1,0,0
2003/04,2003-08-24,Middlesbrough FC,Arsenal FC,0,4,A,0,3,A,10,14,4,10,3,5,11,7,1,0,0,0
2003/04,2003-08-25,Blackburn Rovers FC,Manchester City FC,2,3,A,1,1,D,14,13,10,5,9,0,14,10,2,1,0,0
2003/04,2003-08-26,Charlton Athletic FC,Everton FC,2,2,D,1,1,D,10,13,4,4,6,8,8,8,1,1,0,0
2003/04,2003-08-26,Leeds United FC,Southampton FC,0,0,D,0,0,D,15,14,6,8,6,10,10,11,2,3,0,0
2003/04,2003-08-26,Leicester City FC,Middlesbrough FC,0,0,D,0,0,D,12,13,4,3,6,4,17,16,3,2,0,0
2003/04,2003-08-26,Portsmouth FC,Bolton Wanderers FC,4,0,H,0,0,D,13,13,8,4,0,4,12,14,2,4,0,0
2003/04,2003-08-27,Arsenal FC,Aston Villa FC,2,0,H,0,0,D,14,6,6,3,2,6,16,16,3,4,0,0
2003/04,2003-08-27,Liverpool FC,Tottenham Hotspur FC,0,0,D,0,0,D,22,9,10,4,8,5,20,27,2,5,0,0
2003/04,2003-08-27,Manchester United FC,Wolverhampton Wanderers FC,1,0,H,0,0,D,14,12,5,2,10,2,6,12,2,2,0,0
2003/04,2003-08-30,Aston Villa FC,Leicester City FC,3,1,H,3,0,H,10,5,8,4,11,1,18,17,1,2,0,1
2003/04,2003-08-30,Bolton Wanderers FC,Charlton Athletic FC,0,0,D,0,0,D,13,7,9,1,12,3,18,16,4,2,0,0
2003/04,2003-08-30,Chelsea FC,Blackburn Rovers FC,2,2,D,1,1,D,12,7,5,4,3,4,11,19,0,4,0,0
2003/04,2003-08-30,Everton FC,Liverpool FC,0,3,A,0,1,A,11,18,5,11,9,5,22,17,3,3,0,0
2003/04,2003-08-30,Middlesbrough FC,Leeds United FC,2,3,A,0,1,A,27,8,16,4,6,3,17,21,2,3,0,0
2003/04,2003-08-30,Newcastle United FC,Birmingham City FC,0,1,A,0,0,D,19,7,10,3,9,6,15,15,2,1,0,0
2003/04,2003-08-30,Tottenham Hotspur FC,Fulham FC,0,3,A,0,1,A,18,9,6,5,9,4,15,13,0,2,0,0
2003/04,2003-08-30,Wolverhampton Wanderers FC,Portsmouth FC,0,0,D,0,0,D,11,9,2,2,4,6,15,16,3,5,0,0
2003/04,2003-08-31,Manchester City FC,Arsenal FC,1,2,A,1,0,H,11,10,7,5,5,5,12,11,4,3,0,0
2003/04,2003-08-31,Southampton FC,Manchester United FC,1,0,H,0,0,D,12,10,5,9,9,5,8,10,1,0,0,0
2003/04,2003-09-13,Arsenal FC,Portsmouth FC,1,1,D,1,1,D,12,8,7,2,7,1,11,19,2,3,0,0
2003/04,2003-09-13,Blackburn Rovers FC,Liverpool FC,1,3,A,1,1,D,8,21,5,14,5,10,13,11,2,2,1,0
2003/04,2003-09-13,Bolton Wanderers FC,Middlesbrough FC,2,0,H,1,0,H,13,7,8,6,10,1,17,14,3,3,0,0
2003/04,2003-09-13,Charlton Athletic FC,Manchester United FC,0,2,A,0,0,D,8,14,3,9,3,3,19,18,2,2,1,0
2003/04,2003-09-13,Chelsea FC,Tottenham Hotspur FC,4,2,H,2,1,H,12,9,6,3,10,3,16,20,1,4,0,0
2003/04,2003-09-13,Everton FC,Newcastle United FC,2,2,D,0,0,D,9,4,7,2,6,3,20,21,5,5,1,1
2003/04,2003-09-13,Southampton FC,Wolverhampton Wanderers FC,2,0,H,1,0,H,15,10,10,3,7,3,16,20,3,5,0,0
2003/04,2003-09-14,Birmingham City FC,Fulham FC,2,2,D,1,1,D,15,8,9,6,8,1,16,21,1,4,1,1
2003/04,2003-09-14,Manchester City FC,Aston Villa FC,4,1,H,0,1,A,17,8,9,4,4,3,11,11,0,1,0,0
2003/04,2003-09-15,Leicester City FC,Leeds United FC,4,0,H,2,0,H,19,14,11,2,9,5,10,10,0,2,0,0
2003/04,2003-09-20,Aston Villa FC,Charlton Athletic FC,2,1,H,1,0,H,15,8,6,3,10,2,13,13,3,2,0,0
2003/04,2003-09-20,Fulham FC,Manchester City FC,2,2,D,0,0,D,13,7,9,6,2,4,14,19,2,5,0,0
2003/04,2003-09-20,Leeds United FC,Birmingham City FC,0,2,A,0,0,D,12,7,6,3,6,1,15,14,4,2,1,0
2003/04,2003-09-20,Liverpool FC,Leicester City FC,2,1,H,1,0,H,19,9,8,3,4,4,10,9,0,0,0,0
2003/04,2003-09-20,Newcastle United FC,Bolton Wanderers FC,0,0,D,0,0,D,14,8,7,6,7,5,15,12,1,1,0,0
2003/04,2003-09-20,Portsmouth FC,Blackburn Rovers FC,1,2,A,0,2,A,9,12,6,10,7,6,17,18,2,3,0,0
2003/04,2003-09-20,Tottenham Hotspur FC,Southampton FC,1,3,A,0,2,A,13,12,6,10,4,7,15,14,1,1,0,0
2003/04,2003-09-20,Wolverhampton Wanderers FC,Chelsea FC,0,5,A,0,2,A,8,14,4,8,1,3,15,15,2,3,0,0
2003/04,2003-09-21,Manchester United FC,Arsenal FC,0,0,D,0,0,D,9,6,7,1,4,3,11,15,4,3,0,1
2003/04,2003-09-21,Middlesbrough FC,Everton FC,1,0,H,1,0,H,9,9,4,5,4,6,12,14,2,3,0,0
2003/04,2003-09-26,Arsenal FC,Newcastle United FC,3,2,H,1,1,D,11,5,7,4,3,4,13,17,0,1,0,0
2003/04,2003-09-27,Birmingham City FC,Portsmouth FC,2,0,H,1,0,H,7,10,5,5,4,4,10,16,1,3,0,0
2003/04,2003-09-27,Bolton Wanderers FC,Wolverhampton Wanderers FC,1,1,D,0,1,A,22,8,14,4,12,3,16,4,2,0,0,0
2003/04,2003-09-27,Chelsea FC,Aston Villa FC,1,0,H,1,0,H,10,7,5,1,6,5,7,9,0,2,0,0
2003/04,2003-09-27,Leicester City FC,Manchester United FC,1,4,A,0,3,A,10,11,4,9,7,3,7,11,0,0,0,0
2003/04,2003-09-27,Southampton FC,Middlesbrough FC,0,1,A,0,1,A,10,12,6,9,4,4,12,19,4,3,1,0
2003/04,2003-09-28,Blackburn Rovers FC,Fulham FC,0,2,A,0,1,A,6,7,0,2,5,5,14,11,2,4,0,0
2003/04,2003-09-28,Charlton Athletic FC,Liverpool FC,3,2,H,2,1,H,14,17,5,9,7,5,11,9,2,1,0,0
2003/04,2003-09-28,Everton FC,Leeds United FC,4,0,H,3,0,H,20,6,9,2,11,4,11,15,0,2,0,0
2003/04,2003-09-28,Manchester City FC,Tottenham Hotspur FC,0,0,D,0,0,D,21,4,10,2,6,6,7,15,2,1,0,0
2003/04,2003-10-04,Fulham FC,Leicester City FC,2,0,H,1,0,H,16,8,8,4,4,4,14,10,2,1,0,0
2003/04,2003-10-04,Leeds United FC,Blackburn Rovers FC,2,1,H,2,0,H,15,17,5,9,2,5,18,20,3,1,0,0
2003/04,2003-10-04,Liverpool FC,Arsenal FC,1,2,A,1,1,D,13,12,7,8,11,3,12,20,2,2,0,0
2003/04,2003-10-04,Manchester United FC,Birmingham City FC,3,0,H,1,0,H,10,5,8,2,5,1,13,11,0,1,0,1
2003/04,2003-10-04,Newcastle United FC,Southampton FC,1,0,H,1,0,H,14,7,9,4,8,4,14,10,3,2,0,0
2003/04,2003-10-04,Portsmouth FC,Charlton Athletic FC,1,2,A,1,0,H,16,11,8,6,6,9,20,14,3,2,0,0
2003/04,2003-10-04,Tottenham Hotspur FC,Everton FC,3,0,H,1,0,H,13,12,7,4,2,6,15,14,2,2,0,0
2003/04,2003-10-04,Wolverhampton Wanderers FC,Manchester City FC,1,0,H,0,0,D,8,9,4,5,3,10,13,7,3,2,0,0
2003/04,2003-10-05,Aston Villa FC,Bolton Wanderers FC,1,1,D,0,0,D,14,15,8,5,9,5,14,16,1,5,0,0
2003/04,2003-10-05,Middlesbrough FC,Chelsea FC,1,2,A,0,1,A,15,10,6,6,2,8,14,18,1,2,0,0
2003/04,2003-10-14,Birmingham City FC,Chelsea FC,0,0,D,0,0,D,6,13,2,8,2,18,10,14,2,4,0,0
2003/04,2003-10-18,Arsenal FC,Chelsea FC,2,1,H,1,1,D,13,7,9,3,6,3,11,13,1,2,0,0
2003/04,2003-10-18,Fulham FC,Wolverhampton Wanderers FC,0,0,D,0,0,D,9,14,4,6,4,11,12,11,2,2,0,0
2003/04,2003-10-18,Leeds United FC,Manchester United FC,0,1,A,0,0,D,3,18,2,10,7,2,19,8,4,1,0,0
2003/04,2003-10-18,Manchester City FC,Bolton Wanderers FC,6,2,H,1,1,D,16,12,13,8,7,4,11,8,1,1,1,0
2003/04,2003-10-18,Middlesbrough FC,Newcastle United FC,0,1,A,0,1,A,11,4,7,3,8,2,17,12,3,3,0,0
2003/04,2003-10-18,Portsmouth FC,Liverpool FC,1,0,H,1,0,H,10,13,6,7,5,3,22,10,2,2,0,0
2003/04,2003-10-19,Birmingham City FC,Aston Villa FC,0,0,D,0,0,D,4,2,3,1,3,4,16,20,2,1,0,0
2003/04,2003-10-19,Everton FC,Southampton FC,0,0,D,0,0,D,13,19,6,7,8,6,11,6,1,2,0,0
2003/04,2003-10-19,Leicester City FC,Tottenham Hotspur FC,1,2,A,1,0,H,22,7,15,4,5,1,12,19,3,3,0,0
2003/04,2003-10-20,Blackburn Rovers FC,Charlton Athletic FC,0,1,A,0,1,A,15,10,6,5,5,3,17,12,3,0,0,0
2003/04,2003-10-21,Fulham FC,Newcastle United FC,2,3,A,2,1,H,4,11,4,7,4,8,14,16,2,2,0,0
2003/04,2003-10-25,Aston Villa FC,Everton FC,0,0,D,0,0,D,16,8,6,2,9,3,11,12,0,1,0,0
2003/04,2003-10-25,Bolton Wanderers FC,Birmingham City FC,0,1,A,0,1,A,16,7,7,3,7,3,14,16,1,2,0,0
2003/04,2003-10-25,Chelsea FC,Manchester City FC,1,0,H,1,0,H,7,9,4,6,1,5,8,8,0,0,0,0
2003/04,2003-10-25,Liverpool FC,Leeds United FC,3,1,H,1,1,D,20,7,9,5,9,3,11,13,0,2,0,0
2003/04,2003-10-25,Manchester United FC,Fulham FC,1,3,A,1,1,D,17,12,9,7,10,2,10,14,4,2,0,0
2003/04,2003-10-25,Newcastle United FC,Portsmouth FC,3,0,H,2,0,H,10,9,8,4,6,6,12,14,0,1,0,0
2003/04,2003-10-25,Southampton FC,Blackburn Rovers FC,2,0,H,0,0,D,22,6,15,3,5,3,17,14,0,1,0,1
2003/04,2003-10-25,Wolverhampton Wanderers FC,Leicester City FC,4,3,H,0,3,A,12,7,8,5,2,6,6,13,0,2,0,0
2003/04,2003-10-26,Charlton Athletic FC,Arsenal FC,1,1,D,1,1,D,6,11,4,6,7,5,15,13,1,1,0,0
2003/04,2003-10-26,Tottenham Hotspur FC,Middlesbrough FC,0,0,D,0,0,D,12,16,8,10,8,5,14,10,3,2,0,0
2003/04,2003-11-01,Everton FC,Chelsea FC,0,1,A,0,0,D,12,17,4,7,3,1,5,11,0,0,0,0
2003/04,2003-11-01,Leeds United FC,Arsenal FC,1,4,A,0,3,A,9,13,5,9,4,3,12,11,1,0,0,0
2003/04,2003-11-01,Manchester United FC,Portsmouth FC,3,0,H,1,0,H,10,9,4,3,3,3,13,12,0,3,0,0
2003/04,2003-11-01,Middlesbrough FC,Wolverhampton Wanderers FC,2,0,H,0,0,D,14,9,11,2,7,3,8,12,1,2,0,1
2003/04,2003-11-01,Newcastle United FC,Aston Villa FC,1,1,D,1,1,D,22,11,13,6,15,3,9,17,2,3,0,1
2003/04,2003-11-01,Southampton FC,Manchester City FC,0,2,A,0,1,A,8,13,5,9,4,6,10,16,1,1,0,0
2003/04,2003-11-01,Tottenham Hotspur FC,Bolton Wanderers FC,0,1,A,0,0,D,10,25,6,15,7,5,18,6,3,0,0,0
2003/04,2003-11-02,Fulham FC,Liverpool FC,1,2,A,1,1,D,10,10,6,6,4,8,13,10,1,1,1,0
2003/04,2003-11-02,Leicester City FC,Blackburn Rovers FC,2,0,H,0,0,D,4,10,3,2,2,6,11,11,2,1,0,0
2003/04,2003-11-03,Birmingham City FC,Charlton Athletic FC,1,2,A,0,1,A,14,13,13,9,15,8,14,18,1,1,0,0
2003/04,2003-11-08,Arsenal FC,Tottenham Hotspur FC,2,1,H,0,1,A,9,5,3,2,9,5,8,22,1,4,0,0
2003/04,2003-11-08,Aston Villa FC,Middlesbrough FC,0,2,A,0,1,A,12,8,4,3,5,2,19,16,1,2,0,0
2003/04,2003-11-08,Bolton Wanderers FC,Southampton FC,0,0,D,0,0,D,18,8,11,5,8,6,10,14,2,1,0,1
2003/04,2003-11-08,Charlton Athletic FC,Fulham FC,3,1,H,1,0,H,12,11,7,7,1,5,10,12,1,2,0,0
2003/04,2003-11-08,Portsmouth FC,Leeds United FC,6,1,H,2,1,H,14,6,6,5,3,2,9,11,1,4,0,0
2003/04,2003-11-08,Wolverhampton Wanderers FC,Birmingham City FC,1,1,D,0,0,D,11,4,4,2,8,1,13,12,2,1,0,0
2003/04,2003-11-09,Chelsea FC,Newcastle United FC,5,0,H,3,0,H,15,4,8,3,2,0,13,5,0,0,0,1
2003/04,2003-11-09,Liverpool FC,Manchester United FC,1,2,A,0,0,D,10,6,4,4,2,6,16,9,1,2,0,0
2003/04,2003-11-09,Manchester City FC,Leicester City FC,0,3,A,0,1,A,14,6,4,3,12,3,7,12,2,2,0,0
2003/04,2003-11-10,Blackburn Rovers FC,Everton FC,2,1,H,2,0,H,18,8,12,2,12,3,16,9,3,2,0,0
2003/04,2003-11-22,Birmingham City FC,Arsenal FC,0,3,A,0,1,A,7,9,1,6,8,6,8,11,1,2,0,0
2003/04,2003-11-22,Everton FC,Wolverhampton Wanderers FC,2,0,H,2,0,H,23,8,15,4,8,3,7,23,2,2,0,0
2003/04,2003-11-22,Leeds United FC,Bolton Wanderers FC,0,2,A,0,2,A,13,10,10,5,8,2,15,11,1,0,0,0
2003/04,2003-11-22,Leicester City FC,Charlton Athletic FC,1,1,D,1,0,H,13,7,7,4,3,3,15,15,2,1,0,0
2003/04,2003-11-22,Manchester United FC,Blackburn Rovers FC,2,1,H,2,0,H,14,13,8,6,7,4,6,15,0,1,0,0
2003/04,2003-11-22,Middlesbrough FC,Liverpool FC,0,0,D,0,0,D,8,8,3,1,3,4,16,15,2,2,0,0
2003/04,2003-11-22,Newcastle United FC,Manchester City FC,3,0,H,0,0,D,17,5,10,1,4,2,13,16,1,2,0,0
2003/04,2003-11-22,Southampton FC,Chelsea FC,0,1,A,0,0,D,13,8,3,4,3,3,7,13,0,1,0,0
2003/04,2003-11-23,Tottenham Hotspur FC,Aston Villa FC,2,1,H,0,0,D,10,13,5,6,3,3,14,15,0,1,0,0
2003/04,2003-11-24,Fulham FC,Portsmouth FC,2,0,H,2,0,H,8,12,4,6,2,11,9,16,0,3,0,1
2003/04,2003-11-29,Aston Villa FC,Southampton FC,1,0,H,1,0,H,22,7,12,3,9,4,13,13,0,1,0,0
2003/04,2003-11-29,Blackburn Rovers FC,Tottenham Hotspur FC,1,0,H,0,0,D,18,9,12,3,9,6,10,13,0,1,0,0
2003/04,2003-11-29,Bolton Wanderers FC,Everton FC,2,0,H,1,0,H,13,7,6,3,7,7,11,18,0,2,0,0
2003/04,2003-11-29,Charlton Athletic FC,Leeds United FC,0,1,A,0,1,A,13,12,6,6,3,4,11,17,2,1,0,0
2003/04,2003-11-29,Portsmouth FC,Leicester City FC,0,2,A,0,1,A,12,7,7,3,11,4,12,14,5,1,0,0
2003/04,2003-11-29,Wolverhampton Wanderers FC,Newcastle United FC,1,1,D,1,1,D,10,7,4,4,5,3,14,14,2,1,0,0
2003/04,2003-11-30,Arsenal FC,Fulham FC,0,0,D,0,0,D,22,7,14,1,9,0,13,11,1,1,0,0
2003/04,2003-11-30,Chelsea FC,Manchester United FC,1,0,H,1,0,H,12,5,4,3,2,4,11,12,4,1,0,0
2003/04,2003-11-30,Liverpool FC,Birmingham City FC,3,1,H,1,1,D,10,7,7,4,6,4,24,17,2,1,0,0
2003/04,2003-11-30,Manchester City FC,Middlesbrough FC,0,1,A,0,1,A,24,2,14,0,12,0,15,12,0,0,0,0
2003/04,2003-12-06,Birmingham City FC,Blackburn Rovers FC,0,4,A,0,0,D,6,11,2,7,10,7,23,15,1,1,1,0
2003/04,2003-12-06,Fulham FC,Bolton Wanderers FC,2,1,H,0,0,D,10,10,3,5,3,2,15,11,0,2,0,0
2003/04,2003-12-06,Leeds United FC,Chelsea FC,1,1,D,1,0,H,8,19,4,10,2,8,14,11,3,2,0,0
2003/04,2003-12-06,Leicester City FC,Arsenal FC,1,1,D,0,0,D,4,8,1,5,7,5,13,12,1,1,0,1
2003/04,2003-12-06,Manchester United FC,Aston Villa FC,4,0,H,2,0,H,12,10,8,3,6,5,6,11,0,1,0,0
2003/04,2003-12-06,Middlesbrough FC,Portsmouth FC,0,0,D,0,0,D,5,6,3,2,6,5,17,20,2,3,0,1
2003/04,2003-12-06,Newcastle United FC,Liverpool FC,1,1,D,0,1,A,13,7,6,3,8,1,13,13,1,4,0,0
2003/04,2003-12-06,Tottenham Hotspur FC,Wolverhampton Wanderers FC,5,2,H,1,1,D,12,16,10,8,4,5,14,8,2,0,0,0
2003/04,2003-12-07,Everton FC,Manchester City FC,0,0,D,0,0,D,9,15,2,7,3,5,11,13,1,1,0,0
2003/04,2003-12-07,Southampton FC,Charlton Athletic FC,3,2,H,2,0,H,18,20,14,14,8,9,12,12,0,0,0,0
2003/04,2003-12-13,Chelsea FC,Bolton Wanderers FC,1,2,A,1,1,D,9,4,5,2,8,3,13,11,2,2,0,0
2003/04,2003-12-13,Leicester City FC,Birmingham City FC,0,2,A,0,1,A,8,9,5,4,6,7,19,16,2,2,2,0
2003/04,2003-12-13,Liverpool FC,Southampton FC,1,2,A,0,1,A,18,8,10,4,9,5,6,8,0,0,0,0
2003/04,2003-12-13,Manchester United FC,Manchester City FC,3,1,H,2,0,H,10,12,7,9,2,5,8,10,0,2,0,0
2003/04,2003-12-13,Middlesbrough FC,Charlton Athletic FC,0,0,D,0,0,D,12,10,6,3,3,7,13,11,1,1,0,0
2003/04,2003-12-13,Newcastle United FC,Tottenham Hotspur FC,4,0,H,1,0,H,19,4,11,4,11,7,10,12,2,2,0,0
2003/04,2003-12-13,Portsmouth FC,Everton FC,1,2,A,1,2,A,12,9,10,4,7,10,13,13,1,1,0,0
2003/04,2003-12-14,Arsenal FC,Blackburn Rovers FC,1,0,H,1,0,H,11,5,7,1,5,6,14,14,2,4,0,0
2003/04,2003-12-14,Aston Villa FC,Wolverhampton Wanderers FC,3,2,H,2,1,H,11,8,8,5,4,6,12,14,3,4,0,0
2003/04,2003-12-14,Leeds United FC,Fulham FC,3,2,H,1,0,H,14,10,11,7,6,5,17,11,2,1,0,0
2003/04,2003-12-20,Blackburn Rovers FC,Aston Villa FC,0,2,A,0,0,D,12,15,5,7,9,1,7,11,1,0,0,0
2003/04,2003-12-20,Bolton Wanderers FC,Arsenal FC,1,1,D,0,0,D,19,9,13,4,8,1,11,13,2,2,0,0
2003/04,2003-12-20,Charlton Athletic FC,Newcastle United FC,0,0,D,0,0,D,18,11,10,5,7,9,11,9,0,0,0,0
2003/04,2003-12-20,Everton FC,Leicester City FC,3,2,H,1,1,D,15,6,8,4,11,7,13,18,2,3,0,0
2003/04,2003-12-20,Fulham FC,Chelsea FC,0,1,A,0,0,D,7,11,2,9,2,8,11,10,2,3,0,0
2003/04,2003-12-21,Southampton FC,Portsmouth FC,3,0,H,1,0,H,12,11,7,7,8,5,7,21,0,3,0,0
2003/04,2003-12-21,Tottenham Hotspur FC,Manchester United FC,1,2,A,0,2,A,14,12,8,7,7,8,12,8,2,2,0,0
2003/04,2003-12-22,Manchester City FC,Leeds United FC,1,1,D,0,1,A,19,6,11,4,8,5,7,8,0,3,0,0
2003/04,2003-12-26,Arsenal FC,Wolverhampton Wanderers FC,3,0,H,2,0,H,15,5,10,1,14,3,15,17,2,5,0,0
2003/04,2003-12-26,Birmingham City FC,Manchester City FC,2,1,H,0,1,A,5,9,3,5,9,3,18,14,2,1,0,0
2003/04,2003-12-26,Blackburn Rovers FC,Middlesbrough FC,2,2,D,1,1,D,13,5,10,3,14,1,11,10,2,1,0,0
2003/04,2003-12-26,Charlton Athletic FC,Chelsea FC,4,2,H,2,1,H,8,15,4,8,8,6,14,10,1,1,0,0
2003/04,2003-12-26,Fulham FC,Southampton FC,2,0,H,1,0,H,14,6,7,2,11,5,13,12,0,2,0,0
2003/04,2003-12-26,Leeds United FC,Aston Villa FC,0,0,D,0,0,D,6,13,3,4,7,5,15,13,0,2,0,0
2003/04,2003-12-26,Leicester City FC,Newcastle United FC,1,1,D,0,0,D,6,12,5,6,6,7,11,10,0,0,0,0
2003/04,2003-12-26,Liverpool FC,Bolton Wanderers FC,3,1,H,1,0,H,13,7,8,2,7,1,10,18,0,2,0,0
2003/04,2003-12-26,Manchester United FC,Everton FC,3,2,H,2,1,H,19,10,11,6,7,2,8,10,0,2,0,0
2003/04,2003-12-26,Portsmouth FC,Tottenham Hotspur FC,2,0,H,0,0,D,10,5,8,3,3,6,10,10,1,1,0,0
2003/04,2003-12-28,Aston Villa FC,Fulham FC,3,0,H,1,0,H,12,9,8,3,8,3,17,7,0,0,0,0
2003/04,2003-12-28,Bolton Wanderers FC,Leicester City FC,2,2,D,1,1,D,15,7,8,6,3,7,16,17,1,2,0,0
2003/04,2003-12-28,Chelsea FC,Portsmouth FC,3,0,H,0,0,D,15,7,8,3,7,1,8,14,0,0,0,0
2003/04,2003-12-28,Everton FC,Birmingham City FC,1,0,H,0,0,D,16,5,6,2,5,2,7,13,0,0,0,0
2003/04,2003-12-28,Manchester City FC,Liverpool FC,2,2,D,1,0,H,16,11,8,9,7,7,6,14,1,2,0,0
2003/04,2003-12-28,Middlesbrough FC,Manchester United FC,0,1,A,0,1,A,11,10,2,6,4,2,11,15,3,2,0,1
2003/04,2003-12-28,Newcastle United FC,Blackburn Rovers FC,0,1,A,0,0,D,15,11,11,3,8,8,6,13,0,1,0,0
2003/04,2003-12-28,Tottenham Hotspur FC,Charlton Athletic FC,0,1,A,0,0,D,18,10,9,8,11,11,8,13,1,0,0,0
2003/04,2003-12-28,Wolverhampton Wanderers FC,Leeds United FC,3,1,H,1,1,D,11,9,4,4,6,10,11,14,1,4,0,1
2003/04,2003-12-29,Southampton FC,Arsenal FC,0,1,A,0,1,A,6,17,3,9,2,3,14,10,1,0,0,0
2003/04,2004-01-06,Aston Villa FC,Portsmouth FC,2,1,H,1,0,H,18,11,13,4,9,6,17,14,0,0,0,0
2003/04,2004-01-07,Bolton Wanderers FC,Manchester United FC,1,2,A,0,2,A,15,11,5,7,10,6,4,8,2,0,0,0
2003/04,2004-01-07,Chelsea FC,Liverpool FC,0,1,A,0,1,A,9,4,2,1,8,3,15,9,0,2,0,1
2003/04,2004-01-07,Everton FC,Arsenal FC,1,1,D,0,1,A,8,9,4,5,5,4,13,16,0,3,0,0
2003/04,2004-01-07,Manchester City FC,Charlton Athletic FC,1,1,D,1,0,H,18,9,10,4,2,2,9,11,0,0,0,0
2003/04,2004-01-07,Middlesbrough FC,Fulham FC,2,1,H,1,0,H,10,9,5,4,9,1,14,17,1,2,0,0
2003/04,2004-01-07,Newcastle United FC,Leeds United FC,1,0,H,1,0,H,13,9,6,5,5,3,14,17,0,1,0,0
2003/04,2004-01-07,Southampton FC,Leicester City FC,0,0,D,0,0,D,14,9,14,8,4,5,12,15,2,1,0,0
2003/04,2004-01-07,Tottenham Hotspur FC,Birmingham City FC,4,1,H,3,0,H,11,9,7,3,1,6,15,6,0,0,0,0
2003/04,2004-01-07,Wolverhampton Wanderers FC,Blackburn Rovers FC,2,2,D,0,1,A,10,9,5,5,2,7,13,20,1,1,0,0
2003/04,2004-01-10,Arsenal FC,Middlesbrough FC,4,1,H,2,0,H,20,5,13,4,7,3,12,21,1,1,0,0
2003/04,2004-01-10,Birmingham City FC,Southampton FC,2,1,H,1,1,D,11,9,6,6,7,10,14,23,0,1,0,1
2003/04,2004-01-10,Blackburn Rovers FC,Bolton Wanderers FC,3,4,A,3,2,H,8,16,3,10,4,7,15,13,2,3,0,0
2003/04,2004-01-10,Charlton Athletic FC,Wolverhampton Wanderers FC,2,0,H,1,0,H,10,7,4,4,6,5,6,12,1,3,0,0
2003/04,2004-01-10,Fulham FC,Everton FC,2,1,H,1,0,H,14,11,10,5,5,7,19,9,0,0,0,0
2003/04,2004-01-10,Leeds United FC,Tottenham Hotspur FC,0,1,A,0,0,D,7,15,1,8,4,5,17,13,0,1,0,0
2003/04,2004-01-10,Liverpool FC,Aston Villa FC,1,0,H,1,0,H,12,8,4,2,3,6,14,15,3,2,0,0
2003/04,2004-01-10,Portsmouth FC,Manchester City FC,4,2,H,1,2,A,11,15,8,6,2,7,7,8,0,2,0,0
2003/04,2004-01-11,Leicester City FC,Chelsea FC,0,4,A,0,2,A,6,11,3,6,6,2,17,7,0,1,0,0
2003/04,2004-01-11,Manchester United FC,Newcastle United FC,0,0,D,0,0,D,12,7,7,3,2,3,13,11,2,0,0,0
2003/04,2004-01-17,Bolton Wanderers FC,Portsmouth FC,1,0,H,0,0,D,13,8,6,3,2,2,9,13,1,1,0,1
2003/04,2004-01-17,Everton FC,Charlton Athletic FC,0,1,A,0,1,A,17,7,7,4,10,5,6,14,4,2,0,0
2003/04,2004-01-17,Manchester City FC,Blackburn Rovers FC,1,1,D,0,0,D,10,6,7,3,4,2,7,13,2,1,0,0
2003/04,2004-01-17,Middlesbrough FC,Leicester City FC,3,3,D,1,0,H,13,14,7,8,6,6,15,12,2,5,0,0
2003/04,2004-01-17,Southampton FC,Leeds United FC,2,1,H,2,0,H,18,11,6,6,1,6,16,8,1,1,0,0
2003/04,2004-01-17,Tottenham Hotspur FC,Liverpool FC,2,1,H,1,0,H,7,10,3,4,5,6,18,9,1,1,0,0
2003/04,2004-01-17,Wolverhampton Wanderers FC,Manchester United FC,1,0,H,0,0,D,11,15,6,6,4,12,13,5,2,0,0,0
2003/04,2004-01-18,Aston Villa FC,Arsenal FC,0,2,A,0,1,A,12,13,5,9,3,2,17,21,4,1,0,0
2003/04,2004-01-18,Chelsea FC,Birmingham City FC,0,0,D,0,0,D,16,2,9,1,6,2,13,8,2,2,0,0
2003/04,2004-01-19,Newcastle United FC,Fulham FC,3,1,H,2,0,H,10,13,9,6,7,4,10,8,0,1,0,0
2003/04,2004-01-21,Wolverhampton Wanderers FC,Liverpool FC,1,1,D,0,1,A,9,14,6,10,7,5,14,16,2,1,0,0
2003/04,2004-01-31,Birmingham City FC,Newcastle United FC,1,1,D,0,1,A,15,4,5,2,2,3,13,11,1,3,0,0
2003/04,2004-01-31,Charlton Athletic FC,Bolton Wanderers FC,1,2,A,1,1,D,14,14,7,10,5,6,9,9,0,0,0,0
2003/04,2004-01-31,Fulham FC,Tottenham Hotspur FC,2,1,H,1,1,D,16,4,10,4,10,13,6,12,1,1,0,0
2003/04,2004-01-31,Leeds United FC,Middlesbrough FC,0,3,A,0,0,D,8,15,4,6,7,6,14,6,1,1,1,0
2003/04,2004-01-31,Leicester City FC,Aston Villa FC,0,5,A,0,0,D,13,14,9,10,5,9,12,7,0,1,0,0
2003/04,2004-01-31,Liverpool FC,Everton FC,0,0,D,0,0,D,21,6,9,4,8,3,7,11,0,1,0,0
2003/04,2004-01-31,Manchester United FC,Southampton FC,3,2,H,2,1,H,12,17,7,11,1,10,9,11,0,2,0,0
2003/04,2004-01-31,Portsmouth FC,Wolverhampton Wanderers FC,0,0,D,0,0,D,17,8,10,4,6,6,9,6,0,1,0,0
2003/04,2004-02-01,Arsenal FC,Manchester City FC,2,1,H,1,0,H,11,9,9,8,5,4,13,13,2,2,0,1
2003/04,2004-02-01,Blackburn Rovers FC,Chelsea FC,2,3,A,1,2,A,13,17,7,9,5,6,9,14,2,0,0,0
2003/04,2004-02-07,Aston Villa FC,Leeds United FC,2,0,H,1,0,H,15,7,7,4,3,10,15,16,2,2,0,0
2003/04,2004-02-07,Bolton Wanderers FC,Liverpool FC,2,2,D,1,0,H,12,11,6,6,3,5,15,15,3,2,0,0
2003/04,2004-02-07,Everton FC,Manchester United FC,3,4,A,0,3,A,12,19,8,9,7,7,11,14,1,0,0,0
2003/04,2004-02-07,Middlesbrough FC,Blackburn Rovers FC,0,1,A,0,1,A,15,6,7,2,8,3,6,12,0,1,0,0
2003/04,2004-02-07,Newcastle United FC,Leicester City FC,3,1,H,2,0,H,15,7,9,3,9,1,17,11,1,2,0,0
2003/04,2004-02-07,Southampton FC,Fulham FC,0,0,D,0,0,D,11,11,6,8,17,3,12,18,1,2,0,0
2003/04,2004-02-07,Tottenham Hotspur FC,Portsmouth FC,4,3,H,2,1,H,15,16,13,9,6,5,16,13,1,0,0,0
2003/04,2004-02-07,Wolverhampton Wanderers FC,Arsenal FC,1,3,A,1,1,D,12,10,5,7,6,4,18,18,2,1,0,0
2003/04,2004-02-08,Chelsea FC,Charlton Athletic FC,1,0,H,1,0,H,16,5,6,0,4,3,9,17,2,0,0,0
2003/04,2004-02-08,Manchester City FC,Birmingham City FC,0,0,D,0,0,D,21,7,12,2,11,5,11,10,0,1,0,0
2003/04,2004-02-10,Arsenal FC,Southampton FC,2,0,H,1,0,H,11,10,6,6,5,9,13,12,2,3,0,0
2003/04,2004-02-10,Leeds United FC,Wolverhampton Wanderers FC,4,1,H,2,1,H,20,11,8,5,4,3,15,14,1,2,0,0
2003/04,2004-02-10,Leicester City FC,Bolton Wanderers FC,1,1,D,1,1,D,15,9,15,9,8,7,16,13,1,2,0,0
2003/04,2004-02-11,Birmingham City FC,Everton FC,3,0,H,2,0,H,15,5,11,3,8,11,10,14,1,0,0,0
2003/04,2004-02-11,Blackburn Rovers FC,Newcastle United FC,1,1,D,0,0,D,17,14,7,7,8,6,12,10,0,0,0,0
2003/04,2004-02-11,Charlton Athletic FC,Tottenham Hotspur FC,2,4,A,0,2,A,18,12,14,10,10,4,13,14,3,0,0,0
2003/04,2004-02-11,Fulham FC,Aston Villa FC,1,2,A,1,2,A,13,10,6,3,6,5,16,17,2,1,1,0
2003/04,2004-02-11,Liverpool FC,Manchester City FC,2,1,H,1,0,H,12,6,7,3,6,3,7,8,0,0,0,0
2003/04,2004-02-11,Manchester United FC,Middlesbrough FC,2,3,A,1,2,A,23,12,13,8,10,5,13,17,1,1,0,0
2003/04,2004-02-11,Portsmouth FC,Chelsea FC,0,2,A,0,1,A,11,10,5,4,9,10,8,13,1,2,0,0
2003/04,2004-02-21,Bolton Wanderers FC,Manchester City FC,1,3,A,1,2,A,16,17,11,13,12,11,9,10,0,2,0,0
2003/04,2004-02-21,Charlton Athletic FC,Blackburn Rovers FC,3,2,H,2,0,H,11,18,7,12,8,12,7,6,0,0,0,0
2003/04,2004-02-21,Chelsea FC,Arsenal FC,1,2,A,1,2,A,10,9,4,7,11,5,16,18,4,2,1,0
2003/04,2004-02-21,Manchester United FC,Leeds United FC,1,1,D,0,0,D,24,7,7,3,12,7,12,17,1,2,0,0
2003/04,2004-02-21,Newcastle United FC,Middlesbrough FC,2,1,H,0,1,A,16,8,9,4,7,3,20,21,0,3,0,0
2003/04,2004-02-21,Southampton FC,Everton FC,3,3,D,0,2,A,9,12,5,6,6,5,14,19,1,0,0,0
2003/04,2004-02-21,Wolverhampton Wanderers FC,Fulham FC,2,1,H,1,0,H,12,9,10,5,8,6,13,16,1,0,0,0
2003/04,2004-02-22,Aston Villa FC,Birmingham City FC,2,2,D,1,0,H,11,13,8,9,7,5,15,14,0,1,0,0
2003/04,2004-02-22,Tottenham Hotspur FC,Leicester City FC,4,4,D,3,1,H,10,14,9,7,4,3,9,14,0,2,0,1
2003/04,2004-02-28,Arsenal FC,Charlton Athletic FC,2,1,H,2,0,H,21,6,11,3,12,3,8,10,0,0,0,0
2003/04,2004-02-28,Blackburn Rovers FC,Southampton FC,1,1,D,0,1,A,16,10,7,6,6,9,10,8,1,1,0,0
2003/04,2004-02-28,Everton FC,Aston Villa FC,2,0,H,0,0,D,15,12,7,8,5,11,13,18,4,2,0,0
2003/04,2004-02-28,Fulham FC,Manchester United FC,1,1,D,0,1,A,7,13,3,7,4,3,13,19,1,3,0,0
2003/04,2004-02-28,Leicester City FC,Wolverhampton Wanderers FC,0,0,D,0,0,D,10,6,6,3,6,3,7,9,0,1,0,0
2003/04,2004-02-28,Manchester City FC,Chelsea FC,0,1,A,0,0,D,14,9,4,4,7,1,8,11,0,1,0,0
2003/04,2004-02-29,Leeds United FC,Liverpool FC,2,2,D,2,2,D,12,22,6,13,6,8,13,11,0,1,0,0
2003/04,2004-02-29,Portsmouth FC,Newcastle United FC,1,1,D,0,1,A,18,5,8,2,8,6,9,9,2,2,0,0
2003/04,2004-03-03,Birmingham City FC,Middlesbrough FC,3,1,H,1,0,H,9,8,5,6,4,5,13,20,3,4,0,1
2003/04,2004-03-06,Birmingham City FC,Bolton Wanderers FC,2,0,H,1,0,H,10,10,6,2,3,5,10,15,1,1,0,0
2003/04,2004-03-09,Middlesbrough FC,Tottenham Hotspur FC,1,0,H,0,0,D,10,10,6,2,3,5,10,15,1,1,0,0
2003/04,2004-03-13,Birmingham City FC,Leicester City FC,0,1,A,0,0,D,6,4,4,2,8,6,12,26,1,2,0,0
2003/04,2004-03-13,Blackburn Rovers FC,Arsenal FC,0,2,A,0,0,D,10,14,5,5,8,3,12,11,1,1,0,0
2003/04,2004-03-13,Bolton Wanderers FC,Chelsea FC,0,2,A,0,0,D,20,12,11,8,8,6,8,13,1,0,0,0
2003/04,2004-03-13,Charlton Athletic FC,Middlesbrough FC,1,0,H,1,0,H,14,15,7,9,4,7,13,9,0,0,0,0
2003/04,2004-03-13,Everton FC,Portsmouth FC,1,0,H,0,0,D,13,5,6,3,6,4,10,12,0,2,0,0
2003/04,2004-03-13,Fulham FC,Leeds United FC,2,0,H,0,0,D,19,9,10,6,4,7,14,13,4,3,0,0
2003/04,2004-03-14,Manchester City FC,Manchester United FC,4,1,H,2,1,H,17,17,11,9,7,4,18,14,1,2,0,0
2003/04,2004-03-14,Southampton FC,Liverpool FC,2,0,H,0,0,D,7,18,3,12,1,7,20,8,3,1,0,0
2003/04,2004-03-14,Tottenham Hotspur FC,Newcastle United FC,1,0,H,0,0,D,11,6,4,4,3,12,13,13,0,0,0,0
2003/04,2004-03-14,Wolverhampton Wanderers FC,Aston Villa FC,0,4,A,0,3,A,9,15,1,7,8,13,10,14,1,2,0,0
2003/04,2004-03-17,Liverpool FC,Portsmouth FC,3,0,H,2,0,H,20,4,13,4,10,8,9,20,0,1,0,0
2003/04,2004-03-20,Arsenal FC,Bolton Wanderers FC,2,1,H,2,1,H,11,8,8,2,6,1,12,14,1,2,0,0
2003/04,2004-03-20,Aston Villa FC,Blackburn Rovers FC,0,2,A,0,2,A,10,16,7,7,4,6,11,14,0,2,0,0
2003/04,2004-03-20,Chelsea FC,Fulham FC,2,1,H,2,1,H,13,5,8,1,9,1,12,13,1,2,0,0
2003/04,2004-03-20,Leicester City FC,Everton FC,1,1,D,0,0,D,10,7,4,3,9,2,12,21,1,5,0,1
2003/04,2004-03-20,Liverpool FC,Wolverhampton Wanderers FC,1,0,H,0,0,D,12,8,4,6,14,4,5,12,0,1,0,0
2003/04,2004-03-20,Manchester United FC,Tottenham Hotspur FC,3,0,H,1,0,H,11,8,6,3,4,2,14,10,1,1,0,0
2003/04,2004-03-20,Middlesbrough FC,Birmingham City FC,5,3,H,4,2,H,13,18,9,12,4,4,11,13,2,0,0,0
2003/04,2004-03-20,Newcastle United FC,Charlton Athletic FC,3,1,H,2,0,H,15,6,10,2,6,6,11,12,0,2,0,0
2003/04,2004-03-21,Portsmouth FC,Southampton FC,1,0,H,0,0,D,16,13,8,8,6,4,16,12,0,2,0,0
2003/04,2004-03-22,Leeds United FC,Manchester City FC,2,1,H,1,1,D,4,21,3,14,4,5,13,14,2,1,0,1
2003/04,2004-03-27,Birmingham City FC,Leeds United FC,4,1,H,1,1,D,17,11,7,7,7,7,11,18,0,1,0,0
2003/04,2004-03-27,Blackburn Rovers FC,Portsmouth FC,1,2,A,1,1,D,14,8,9,4,5,3,11,10,0,0,0,0
2003/04,2004-03-27,Charlton Athletic FC,Aston Villa FC,1,2,A,1,1,D,11,19,9,11,3,12,11,14,1,1,0,0
2003/04,2004-03-27,Chelsea FC,Wolverhampton Wanderers FC,5,2,H,1,1,D,15,9,10,4,7,4,6,12,0,2,0,0
2003/04,2004-03-27,Everton FC,Middlesbrough FC,1,1,D,0,0,D,14,10,7,5,8,4,16,13,0,2,0,0
2003/04,2004-03-27,Manchester City FC,Fulham FC,0,0,D,0,0,D,12,5,4,2,3,1,12,10,1,0,0,0
2003/04,2004-03-27,Southampton FC,Tottenham Hotspur FC,1,0,H,0,0,D,18,15,11,9,10,6,8,16,0,2,0,0
2003/04,2004-03-28,Arsenal FC,Manchester United FC,1,1,D,0,0,D,17,13,10,8,8,7,15,18,1,1,0,0
2003/04,2004-03-28,Bolton Wanderers FC,Newcastle United FC,1,0,H,1,0,H,20,15,12,7,7,7,11,10,1,2,0,0
2003/04,2004-03-28,Leicester City FC,Liverpool FC,0,0,D,0,0,D,13,19,9,12,7,10,15,20,4,3,0,0
2003/04,2004-04-03,Fulham FC,Birmingham City FC,0,0,D,0,0,D,6,6,5,1,4,2,24,22,4,2,0,0
2003/04,2004-04-03,Middlesbrough FC,Bolton Wanderers FC,2,0,H,1,0,H,10,13,6,8,7,8,13,15,2,2,0,0
2003/04,2004-04-03,Newcastle United FC,Everton FC,4,2,H,2,1,H,12,13,8,6,5,9,11,7,0,0,0,0
2003/04,2004-04-17,Wolverhampton Wanderers FC,Middlesbrough FC,2,0,H,1,0,H,12,16,8,10,6,8,10,10,1,2,0,0
2003/04,2004-04-18,Aston Villa FC,Newcastle United FC,0,0,D,0,0,D,10,5,1,4,7,3,17,13,1,4,0,1
2003/04,2004-04-20,Manchester United FC,Charlton Athletic FC,2,0,H,1,0,H,10,5,6,0,8,3,10,8,0,1,0,0
2003/04,2004-04-24,Everton FC,Blackburn Rovers FC,0,1,A,0,0,D,16,10,9,7,8,5,8,22,0,4,0,0
2003/04,2004-04-24,Fulham FC,Charlton Athletic FC,2,0,H,1,0,H,8,8,6,3,4,7,15,13,1,1,0,0
2003/04,2004-04-24,Leicester City FC,Manchester City FC,1,1,D,0,1,A,12,11,5,5,4,2,13,14,1,1,0,0
2003/04,2004-04-24,Manchester United FC,Liverpool FC,0,1,A,0,0,D,11,9,4,4,3,4,19,15,2,1,0,0
2003/04,2004-04-24,Middlesbrough FC,Aston Villa FC,1,2,A,1,1,D,31,12,21,9,12,8,12,15,0,1,0,1
2003/04,2004-04-24,Southampton FC,Bolton Wanderers FC,1,2,A,1,0,H,9,11,3,8,2,2,13,16,4,3,0,0
2003/04,2004-04-25,Birmingham City FC,Wolverhampton Wanderers FC,2,2,D,2,1,H,14,11,9,7,9,2,11,13,1,0,0,0
2003/04,2004-04-25,Leeds United FC,Portsmouth FC,1,2,A,0,1,A,14,7,6,5,9,2,9,21,2,2,0,0
2003/04,2004-04-25,Newcastle United FC,Chelsea FC,2,1,H,1,1,D,21,17,12,6,7,5,12,12,1,2,0,0
2003/04,2004-04-25,Tottenham Hotspur FC,Arsenal FC,2,2,D,0,2,A,13,9,7,7,7,4,14,15,1,1,0,0
2003/04,2004-05-01,Arsenal FC,Birmingham City FC,0,0,D,0,0,D,7,3,1,3,2,3,13,16,0,2,0,0
2003/04,2004-05-01,Blackburn Rovers FC,Manchester United FC,1,0,H,0,0,D,12,9,8,5,5,4,11,10,2,1,0,0
2003/04,2004-05-01,Charlton Athletic FC,Leicester City FC,2,2,D,0,1,A,8,10,7,5,5,4,15,7,1,0,0,1
2003/04,2004-05-01,Chelsea FC,Southampton FC,4,0,H,0,0,D,12,5,7,3,12,3,6,5,0,0,0,0
2003/04,2004-05-01,Manchester City FC,Newcastle United FC,1,0,H,0,0,D,7,7,3,6,7,5,7,9,1,1,0,0
2003/04,2004-05-01,Portsmouth FC,Fulham FC,1,1,D,0,0,D,14,11,7,7,10,3,14,13,1,4,0,0
2003/04,2004-05-01,Wolverhampton Wanderers FC,Everton FC,2,1,H,0,1,A,20,10,11,6,12,7,7,12,0,1,0,0
2003/04,2004-05-02,Aston Villa FC,Tottenham Hotspur FC,1,0,H,1,0,H,11,10,6,5,5,5,15,20,2,1,0,0
2003/04,2004-05-02,Bolton Wanderers FC,Leeds United FC,4,1,H,0,1,A,21,6,14,4,9,3,14,20,3,2,0,1
2003/04,2004-05-02,Liverpool FC,Middlesbrough FC,2,0,H,0,0,D,15,12,8,6,7,3,12,14,1,1,0,0
2003/04,2004-05-04,Portsmouth FC,Arsenal FC,1,1,D,1,0,H,11,20,6,9,5,12,13,10,0,2,0,0
2003/04,2004-05-08,Birmingham City FC,Liverpool FC,0,3,A,0,1,A,3,15,2,8,3,5,11,12,2,0,1,0
2003/04,2004-05-08,Everton FC,Bolton Wanderers FC,1,2,A,0,1,A,16,10,9,3,7,3,14,9,2,0,0,0
2003/04,2004-05-08,Leeds United FC,Charlton Athletic FC,3,3,D,2,1,H,13,12,7,6,3,2,12,9,0,0,0,0
2003/04,2004-05-08,Leicester City FC,Portsmouth FC,3,1,H,2,0,H,13,14,9,7,8,3,11,15,0,2,0,0
2003/04,2004-05-08,Manchester United FC,Chelsea FC,1,1,D,0,1,A,12,11,7,7,6,2,9,19,3,2,0,1
2003/04,2004-05-08,Middlesbrough FC,Manchester City FC,2,1,H,2,1,H,12,14,7,6,5,4,9,14,1,1,0,0
2003/04,2004-05-08,Southampton FC,Aston Villa FC,1,1,D,1,1,D,18,14,10,7,4,4,10,13,1,0,0,0
2003/04,2004-05-08,Tottenham Hotspur FC,Blackburn Rovers FC,1,0,H,1,0,H,16,14,13,2,7,7,9,17,0,2,0,0
2004/05,2004-08-14,Aston Villa FC,Southampton FC,2,0,H,2,0,H,14,6,5,2,12,6,14,9,0,0,0,0
2004/05,2004-08-14,Blackburn Rovers FC,West Bromwich Albion FC,1,1,D,0,1,A,12,4,4,2,4,5,15,17,1,0,0,0
2004/05,2004-08-14,Bolton Wanderers FC,Charlton Athletic FC,4,1,H,2,0,H,21,9,11,5,9,5,10,12,1,1,0,0
2004/05,2004-08-14,Manchester City FC,Fulham FC,1,1,D,1,0,H,12,4,5,2,9,4,14,12,0,2,0,0
2004/05,2004-08-14,Middlesbrough FC,Newcastle United FC,2,2,D,0,1,A,15,11,8,4,6,7,16,13,3,1,0,0
2004/05,2004-08-14,Norwich City FC,Crystal Palace FC,1,1,D,1,0,H,14,14,10,8,6,11,14,16,0,1,0,0
2004/05,2004-08-14,Portsmouth FC,Birmingham City FC,1,1,D,1,1,D,14,16,8,11,8,4,13,16,2,4,0,0
2004/05,2004-08-14,Tottenham Hotspur FC,Liverpool FC,1,1,D,0,1,A,14,16,7,8,3,8,17,11,3,1,0,0
2004/05,2004-08-15,Chelsea FC,Manchester United FC,1,0,H,1,0,H,8,11,5,3,2,3,17,8,0,0,0,0
2004/05,2004-08-15,Everton FC,Arsenal FC,1,4,A,0,2,A,9,18,5,14,0,7,14,19,2,1,0,0
2004/05,2004-08-21,Birmingham City FC,Chelsea FC,0,1,A,0,0,D,9,7,3,3,8,2,10,16,0,0,0,0
2004/05,2004-08-21,Charlton Athletic FC,Portsmouth FC,2,1,H,1,0,H,18,10,14,6,5,6,9,11,0,1,0,0
2004/05,2004-08-21,Crystal Palace FC,Everton FC,1,3,A,1,1,D,15,14,9,7,6,6,6,18,1,1,0,1
2004/05,2004-08-21,Fulham FC,Bolton Wanderers FC,2,0,H,1,0,H,23,10,12,4,8,4,11,13,0,0,0,0
2004/05,2004-08-21,Liverpool FC,Manchester City FC,2,1,H,0,1,A,15,7,10,4,8,3,9,17,1,3,0,1
2004/05,2004-08-21,Manchester United FC,Norwich City FC,2,1,H,1,0,H,17,7,7,2,11,5,8,23,0,1,0,0
2004/05,2004-08-21,Newcastle United FC,Tottenham Hotspur FC,0,1,A,0,0,D,13,15,6,8,13,3,10,12,1,2,0,0
2004/05,2004-08-21,Southampton FC,Blackburn Rovers FC,3,2,H,1,0,H,13,10,7,6,3,6,12,18,0,3,0,0
2004/05,2004-08-22,Arsenal FC,Middlesbrough FC,5,3,H,1,1,D,16,9,11,5,7,5,8,14,1,1,0,0
2004/05,2004-08-22,West Bromwich Albion FC,Aston Villa FC,1,1,D,1,1,D,14,9,5,4,12,4,12,20,2,2,0,0
2004/05,2004-08-24,Birmingham City FC,Manchester City FC,1,0,H,1,0,H,6,4,2,1,2,5,20,13,1,1,0,0
2004/05,2004-08-24,Crystal Palace FC,Chelsea FC,0,2,A,0,1,A,7,16,4,10,1,6,9,12,1,1,0,0
2004/05,2004-08-25,Arsenal FC,Blackburn Rovers FC,3,0,H,0,0,D,15,3,9,0,6,5,11,18,2,4,0,0
2004/05,2004-08-25,Charlton Athletic FC,Aston Villa FC,3,0,H,2,0,H,7,9,5,4,4,12,6,7,0,1,0,0
2004/05,2004-08-25,Fulham FC,Middlesbrough FC,0,2,A,0,0,D,6,10,2,5,1,6,10,8,0,1,0,0
2004/05,2004-08-25,Newcastle United FC,Norwich City FC,2,2,D,1,0,H,23,13,15,5,12,6,17,10,0,1,0,0
2004/05,2004-08-25,Southampton FC,Bolton Wanderers FC,1,2,A,0,2,A,10,9,6,5,9,6,9,8,1,1,0,0
2004/05,2004-08-25,West Bromwich Albion FC,Tottenham Hotspur FC,1,1,D,1,1,D,4,12,2,6,4,5,13,10,0,0,0,0
2004/05,2004-08-28,Aston Villa FC,Newcastle United FC,4,2,H,1,2,A,16,12,13,10,9,4,23,11,3,1,0,0
2004/05,2004-08-28,Blackburn Rovers FC,Manchester United FC,1,1,D,1,0,H,8,24,4,15,4,14,25,17,3,1,1,0
2004/05,2004-08-28,Chelsea FC,Southampton FC,2,1,H,2,1,H,16,6,7,2,9,0,11,12,0,4,0,0
2004/05,2004-08-28,Everton FC,West Bromwich Albion FC,2,1,H,1,1,D,16,12,10,8,7,6,11,16,0,1,0,0
2004/05,2004-08-28,Manchester City FC,Charlton Athletic FC,4,0,H,2,0,H,16,6,10,3,6,4,11,8,0,1,0,0
2004/05,2004-08-28,Middlesbrough FC,Crystal Palace FC,2,1,H,0,0,D,24,6,15,2,4,2,16,16,1,2,0,0
2004/05,2004-08-28,Norwich City FC,Arsenal FC,1,4,A,0,3,A,5,18,5,15,4,10,15,5,1,1,0,0
2004/05,2004-08-28,Tottenham Hotspur FC,Birmingham City FC,1,0,H,1,0,H,6,10,3,2,2,8,15,5,4,1,0,0
2004/05,2004-08-29,Bolton Wanderers FC,Liverpool FC,1,0,H,1,0,H,10,7,8,2,5,2,15,14,2,0,0,0
2004/05,2004-08-30,Manchester United FC,Everton FC,0,0,D,0,0,D,14,7,6,2,8,2,8,13,0,2,0,0
2004/05,2004-08-30,Portsmouth FC,Fulham FC,4,3,H,3,2,H,21,18,13,10,6,8,12,12,0,2,0,0
2004/05,2004-09-11,Aston Villa FC,Chelsea FC,0,0,D,0,0,D,11,18,5,10,2,9,9,12,0,1,0,0
2004/05,2004-09-11,Bolton Wanderers FC,Manchester United FC,2,2,D,0,1,A,12,12,7,7,4,7,22,15,2,1,0,0
2004/05,2004-09-11,Fulham FC,Arsenal FC,0,3,A,0,0,D,9,12,7,7,9,4,16,10,2,2,0,0
2004/05,2004-09-11,Liverpool FC,West Bromwich Albion FC,3,0,H,2,0,H,16,9,9,5,8,6,9,11,0,0,0,0
2004/05,2004-09-11,Manchester City FC,Everton FC,0,1,A,0,0,D,13,6,4,5,9,6,14,9,1,3,0,1
2004/05,2004-09-11,Middlesbrough FC,Birmingham City FC,2,1,H,1,1,D,14,5,6,3,6,3,16,19,2,3,0,0
2004/05,2004-09-11,Newcastle United FC,Blackburn Rovers FC,3,0,H,2,0,H,7,5,4,1,8,5,10,19,2,1,0,0
2004/05,2004-09-11,Portsmouth FC,Crystal Palace FC,3,1,H,1,1,D,16,6,7,3,8,7,14,21,0,2,0,0
2004/05,2004-09-12,Tottenham Hotspur FC,Norwich City FC,0,0,D,0,0,D,15,7,7,2,13,5,17,9,2,1,0,0
2004/05,2004-09-13,Charlton Athletic FC,Southampton FC,0,0,D,0,0,D,8,12,4,7,9,10,12,13,0,1,0,0
2004/05,2004-09-18,Arsenal FC,Bolton Wanderers FC,2,2,D,1,0,H,11,8,6,5,3,8,13,17,1,3,0,0
2004/05,2004-09-18,Birmingham City FC,Charlton Athletic FC,1,1,D,0,0,D,7,2,5,1,12,3,12,16,3,2,1,0
2004/05,2004-09-18,Blackburn Rovers FC,Portsmouth FC,1,0,H,0,0,D,13,6,3,2,13,4,13,15,0,3,0,0
2004/05,2004-09-18,Crystal Palace FC,Manchester City FC,1,2,A,0,0,D,3,14,1,10,2,7,14,15,2,2,0,0
2004/05,2004-09-18,Norwich City FC,Aston Villa FC,0,0,D,0,0,D,14,18,3,9,1,6,10,13,1,1,0,0
2004/05,2004-09-18,West Bromwich Albion FC,Fulham FC,1,1,D,0,0,D,8,9,5,3,11,9,11,6,2,5,1,2
2004/05,2004-09-19,Chelsea FC,Tottenham Hotspur FC,0,0,D,0,0,D,20,6,8,3,9,6,16,13,1,2,0,0
2004/05,2004-09-19,Everton FC,Middlesbrough FC,1,0,H,0,0,D,11,16,9,11,6,3,13,12,1,4,0,0
2004/05,2004-09-19,Southampton FC,Newcastle United FC,1,2,A,0,1,A,11,9,6,3,7,6,15,11,0,3,0,0
2004/05,2004-09-20,Manchester United FC,Liverpool FC,2,1,H,1,0,H,14,6,9,3,7,2,22,15,1,2,0,0
2004/05,2004-09-25,Aston Villa FC,Crystal Palace FC,1,1,D,1,1,D,10,13,5,8,5,8,10,15,2,1,0,0
2004/05,2004-09-25,Bolton Wanderers FC,Birmingham City FC,1,1,D,1,0,H,16,6,12,2,7,2,7,18,2,1,0,0
2004/05,2004-09-25,Fulham FC,Southampton FC,1,0,H,1,0,H,11,15,6,5,5,4,11,19,0,1,0,0
2004/05,2004-09-25,Liverpool FC,Norwich City FC,3,0,H,2,0,H,20,2,12,1,4,2,10,12,1,0,0,0
2004/05,2004-09-25,Manchester City FC,Arsenal FC,0,1,A,0,1,A,11,12,7,9,8,1,16,8,1,0,0,0
2004/05,2004-09-25,Middlesbrough FC,Chelsea FC,0,1,A,0,0,D,8,17,4,12,3,7,10,15,0,1,0,0
2004/05,2004-09-25,Newcastle United FC,West Bromwich Albion FC,3,1,H,0,0,D,31,7,10,3,8,3,15,15,3,2,0,1
2004/05,2004-09-25,Tottenham Hotspur FC,Manchester United FC,0,1,A,0,1,A,11,6,5,4,3,3,9,10,1,0,0,0
2004/05,2004-09-26,Portsmouth FC,Everton FC,0,1,A,0,0,D,11,9,6,2,3,6,12,16,1,1,0,0
2004/05,2004-09-27,Charlton Athletic FC,Blackburn Rovers FC,1,0,H,0,0,D,6,12,3,7,6,10,18,14,1,1,0,0
2004/05,2004-10-02,Arsenal FC,Charlton Athletic FC,4,0,H,1,0,H,15,4,9,0,6,1,13,15,3,1,0,0
2004/05,2004-10-02,Blackburn Rovers FC,Aston Villa FC,2,2,D,1,1,D,13,15,7,9,5,8,14,17,2,2,0,0
2004/05,2004-10-02,Everton FC,Tottenham Hotspur FC,0,1,A,0,0,D,10,8,4,2,11,2,9,13,1,2,0,0
2004/05,2004-10-02,Norwich City FC,Portsmouth FC,2,2,D,0,1,A,17,13,9,5,8,2,13,7,1,4,0,0
2004/05,2004-10-02,Southampton FC,Manchester City FC,0,0,D,0,0,D,16,21,11,11,6,14,13,11,0,0,0,0
2004/05,2004-10-02,West Bromwich Albion FC,Bolton Wanderers FC,2,1,H,0,0,D,13,16,7,7,6,5,18,15,0,0,0,0
2004/05,2004-10-03,Birmingham City FC,Newcastle United FC,2,2,D,1,1,D,10,6,6,3,6,5,17,14,3,2,0,0
2004/05,2004-10-03,Chelsea FC,Liverpool FC,1,0,H,0,0,D,13,5,5,3,11,2,14,20,0,1,0,0
2004/05,2004-10-03,Manchester United FC,Middlesbrough FC,1,1,D,0,1,A,22,13,10,9,10,2,8,13,1,3,0,0
2004/05,2004-10-04,Crystal Palace FC,Fulham FC,2,0,H,0,0,D,20,8,10,5,10,3,10,10,1,1,0,1
2004/05,2004-10-16,Arsenal FC,Aston Villa FC,3,1,H,2,1,H,18,5,15,2,6,3,11,22,2,4,0,0
2004/05,2004-10-16,Birmingham City FC,Manchester United FC,0,0,D,0,0,D,14,12,6,7,3,3,16,11,1,0,0,0
2004/05,2004-10-16,Blackburn Rovers FC,Middlesbrough FC,0,4,A,0,0,D,12,16,5,10,2,10,12,14,2,1,1,0
2004/05,2004-10-16,Bolton Wanderers FC,Crystal Palace FC,1,0,H,1,0,H,21,7,7,2,7,3,19,14,1,1,0,0
2004/05,2004-10-16,Everton FC,Southampton FC,1,0,H,0,0,D,14,8,5,4,5,6,5,14,0,0,0,0
2004/05,2004-10-16,Fulham FC,Liverpool FC,2,4,A,2,0,H,5,10,3,3,3,6,12,14,1,3,0,1
2004/05,2004-10-16,Manchester City FC,Chelsea FC,1,0,H,1,0,H,4,9,1,3,0,12,6,7,1,2,0,0
2004/05,2004-10-16,West Bromwich Albion FC,Norwich City FC,0,0,D,0,0,D,9,12,2,5,2,3,13,21,2,2,0,0
2004/05,2004-10-17,Charlton Athletic FC,Newcastle United FC,1,1,D,0,1,A,11,15,6,8,8,9,15,7,1,1,0,0
2004/05,2004-10-18,Portsmouth FC,Tottenham Hotspur FC,1,0,H,0,0,D,11,16,6,7,3,5,12,11,0,0,0,0
2004/05,2004-10-23,Aston Villa FC,Fulham FC,2,0,H,1,0,H,11,7,5,1,8,4,21,14,0,1,0,0
2004/05,2004-10-23,Chelsea FC,Blackburn Rovers FC,4,0,H,2,0,H,17,7,13,4,12,3,11,11,1,2,0,0
2004/05,2004-10-23,Crystal Palace FC,West Bromwich Albion FC,3,0,H,2,0,H,11,11,4,6,7,10,11,15,1,3,0,0
2004/05,2004-10-23,Liverpool FC,Charlton Athletic FC,2,0,H,0,0,D,17,3,7,1,12,0,9,11,0,1,0,0
2004/05,2004-10-23,Norwich City FC,Everton FC,2,3,A,0,2,A,22,13,10,9,11,4,8,11,0,2,0,0
2004/05,2004-10-23,Tottenham Hotspur FC,Bolton Wanderers FC,1,2,A,1,1,D,8,6,5,4,2,3,14,17,0,0,0,0
2004/05,2004-10-24,Manchester United FC,Arsenal FC,2,0,H,0,0,D,11,12,5,6,3,3,20,23,2,3,0,0
2004/05,2004-10-24,Middlesbrough FC,Portsmouth FC,1,1,D,0,1,A,26,3,11,1,9,0,5,5,0,2,0,0
2004/05,2004-10-24,Newcastle United FC,Manchester City FC,4,3,H,0,0,D,16,11,11,6,7,5,13,14,2,3,0,0
2004/05,2004-10-24,Southampton FC,Birmingham City FC,0,0,D,0,0,D,6,8,1,2,4,4,11,11,0,1,0,0
2004/05,2004-10-30,Arsenal FC,Southampton FC,2,2,D,0,0,D,14,7,9,4,7,7,8,21,1,4,0,0
2004/05,2004-10-30,Birmingham City FC,Crystal Palace FC,0,1,A,0,1,A,16,4,11,1,11,3,8,14,1,1,0,0
2004/05,2004-10-30,Blackburn Rovers FC,Liverpool FC,2,2,D,2,1,H,8,13,7,9,6,6,14,11,2,1,0,0
2004/05,2004-10-30,Charlton Athletic FC,Middlesbrough FC,1,2,A,0,1,A,8,11,7,7,3,4,14,8,3,0,0,0
2004/05,2004-10-30,Everton FC,Aston Villa FC,1,1,D,1,1,D,20,9,8,5,8,3,10,19,1,1,0,0
2004/05,2004-10-30,Fulham FC,Tottenham Hotspur FC,2,0,H,1,0,H,8,5,4,1,5,4,11,9,0,1,0,0
2004/05,2004-10-30,Portsmouth FC,Manchester United FC,2,0,H,0,0,D,11,20,7,9,3,9,19,9,0,2,0,0
2004/05,2004-10-30,West Bromwich Albion FC,Chelsea FC,1,4,A,0,1,A,12,19,9,9,2,6,12,8,1,0,0,0
2004/05,2004-10-31,Bolton Wanderers FC,Newcastle United FC,2,1,H,0,0,D,17,5,11,4,4,5,14,11,1,1,0,0
2004/05,2004-11-01,Manchester City FC,Norwich City FC,1,1,D,1,0,H,19,10,11,5,9,4,10,13,1,0,0,0
2004/05,2004-11-06,Aston Villa FC,Portsmouth FC,3,0,H,3,0,H,10,7,9,2,6,4,8,13,1,1,0,0
2004/05,2004-11-06,Chelsea FC,Everton FC,1,0,H,0,0,D,12,3,3,1,16,3,10,15,1,3,0,0
2004/05,2004-11-06,Crystal Palace FC,Arsenal FC,1,1,D,0,0,D,3,19,1,13,1,8,10,8,0,1,0,0
2004/05,2004-11-06,Liverpool FC,Birmingham City FC,0,1,A,0,0,D,17,6,8,1,4,5,19,17,3,1,0,0
2004/05,2004-11-06,Norwich City FC,Blackburn Rovers FC,1,1,D,0,0,D,12,15,5,9,7,4,18,12,1,0,0,1
2004/05,2004-11-06,Southampton FC,West Bromwich Albion FC,2,2,D,1,2,A,11,10,6,5,5,1,13,14,2,0,0,0
2004/05,2004-11-06,Tottenham Hotspur FC,Charlton Athletic FC,2,3,A,0,2,A,19,3,11,3,5,1,6,13,0,2,0,1
2004/05,2004-11-07,Manchester United FC,Manchester City FC,0,0,D,0,0,D,15,3,10,1,16,1,10,10,2,2,1,0
2004/05,2004-11-07,Middlesbrough FC,Bolton Wanderers FC,1,1,D,0,0,D,14,7,5,4,3,3,13,12,1,3,0,1
2004/05,2004-11-07,Newcastle United FC,Fulham FC,1,4,A,0,1,A,26,11,20,7,19,0,12,16,1,1,0,0
2004/05,2004-11-13,Birmingham City FC,Everton FC,0,1,A,0,0,D,15,9,4,8,5,3,13,12,0,1,1,0
2004/05,2004-11-13,Bolton Wanderers FC,Aston Villa FC,1,2,A,1,1,D,15,10,7,5,9,5,10,17,1,1,0,0
2004/05,2004-11-13,Charlton Athletic FC,Norwich City FC,4,0,H,2,0,H,16,8,11,4,1,5,14,11,0,3,0,0
2004/05,2004-11-13,Fulham FC,Chelsea FC,1,4,A,0,1,A,7,16,2,11,1,5,13,13,0,2,0,0
2004/05,2004-11-13,Liverpool FC,Crystal Palace FC,3,2,H,2,1,H,18,4,5,4,7,1,13,17,1,3,0,0
2004/05,2004-11-13,Manchester City FC,Blackburn Rovers FC,1,1,D,1,0,H,8,11,7,2,3,5,19,13,1,3,1,0
2004/05,2004-11-13,Southampton FC,Portsmouth FC,2,1,H,1,1,D,11,13,5,6,4,8,14,15,1,3,0,0
2004/05,2004-11-13,Tottenham Hotspur FC,Arsenal FC,4,5,A,1,1,D,10,10,7,6,3,4,20,9,3,0,0,0
2004/05,2004-11-14,Newcastle United FC,Manchester United FC,1,3,A,0,1,A,13,12,7,7,2,7,11,16,2,0,0,0
2004/05,2004-11-14,West Bromwich Albion FC,Middlesbrough FC,1,2,A,1,1,D,16,11,6,7,7,10,14,14,0,0,0,0
2004/05,2004-11-20,Arsenal FC,West Bromwich Albion FC,1,1,D,0,0,D,11,4,4,2,12,3,9,12,0,1,0,0
2004/05,2004-11-20,Chelsea FC,Bolton Wanderers FC,2,2,D,1,0,H,17,10,11,5,9,2,18,11,1,0,0,0
2004/05,2004-11-20,Crystal Palace FC,Newcastle United FC,0,2,A,0,0,D,7,17,5,9,3,5,13,10,1,3,0,0
2004/05,2004-11-20,Everton FC,Fulham FC,1,0,H,0,0,D,13,6,7,4,12,7,11,24,0,1,0,0
2004/05,2004-11-20,Manchester United FC,Charlton Athletic FC,2,0,H,1,0,H,20,5,11,2,6,3,8,13,0,0,0,0
2004/05,2004-11-20,Middlesbrough FC,Liverpool FC,2,0,H,1,0,H,14,17,6,10,3,5,14,10,3,2,0,0
2004/05,2004-11-20,Norwich City FC,Southampton FC,2,1,H,1,1,D,9,14,8,7,4,6,19,14,1,1,0,0
2004/05,2004-11-20,Portsmouth FC,Manchester City FC,1,3,A,1,1,D,9,18,7,13,8,11,8,14,3,0,0,0
2004/05,2004-11-21,Blackburn Rovers FC,Birmingham City FC,3,3,D,1,3,A,15,8,10,5,6,9,12,9,1,1,0,0
2004/05,2004-11-22,Aston Villa FC,Tottenham Hotspur FC,1,0,H,0,0,D,9,11,5,6,5,5,17,11,0,0,0,0
2004/05,2004-11-27,Birmingham City FC,Norwich City FC,1,1,D,1,0,H,16,7,10,3,6,1,14,12,2,1,0,0
2004/05,2004-11-27,Bolton Wanderers FC,Portsmouth FC,0,1,A,0,1,A,19,8,10,4,7,6,13,14,0,1,0,0
2004/05,2004-11-27,Charlton Athletic FC,Chelsea FC,0,4,A,0,1,A,8,16,4,12,7,10,13,11,0,1,0,0
2004/05,2004-11-27,Fulham FC,Blackburn Rovers FC,0,2,A,0,1,A,12,17,6,4,6,6,9,13,2,1,1,0
2004/05,2004-11-27,Manchester City FC,Aston Villa FC,2,0,H,2,0,H,11,7,6,3,8,8,14,19,1,1,0,1
2004/05,2004-11-27,Southampton FC,Crystal Palace FC,2,2,D,0,0,D,15,11,8,8,4,8,7,11,0,3,0,0
2004/05,2004-11-27,West Bromwich Albion FC,Manchester United FC,0,3,A,0,0,D,3,18,2,9,1,8,13,11,0,0,0,0
2004/05,2004-11-28,Liverpool FC,Arsenal FC,2,1,H,1,0,H,11,3,7,2,6,0,6,16,0,2,0,0
2004/05,2004-11-28,Newcastle United FC,Everton FC,1,1,D,1,0,H,19,7,9,3,8,4,14,19,1,3,0,0
2004/05,2004-11-28,Tottenham Hotspur FC,Middlesbrough FC,2,0,H,0,0,D,14,8,9,3,5,7,11,13,1,2,0,1
2004/05,2004-12-04,Arsenal FC,Birmingham City FC,3,0,H,1,0,H,7,2,4,1,4,2,7,15,0,1,0,0
2004/05,2004-12-04,Aston Villa FC,Liverpool FC,1,1,D,1,1,D,3,12,2,7,3,9,10,10,1,0,0,0
2004/05,2004-12-04,Blackburn Rovers FC,Tottenham Hotspur FC,0,1,A,0,0,D,12,10,7,8,7,5,11,11,3,1,0,0
2004/05,2004-12-04,Chelsea FC,Newcastle United FC,4,0,H,0,0,D,14,9,9,5,3,2,12,15,1,2,0,0
2004/05,2004-12-04,Everton FC,Bolton Wanderers FC,3,2,H,1,1,D,12,10,3,6,4,4,14,18,0,3,0,0
2004/05,2004-12-04,Manchester United FC,Southampton FC,3,0,H,0,0,D,34,4,14,0,16,2,5,10,0,1,0,0
2004/05,2004-12-04,Norwich City FC,Fulham FC,0,1,A,0,1,A,10,15,4,9,5,4,22,22,1,3,0,0
2004/05,2004-12-04,Portsmouth FC,West Bromwich Albion FC,3,2,H,1,2,A,14,10,10,4,8,3,14,14,0,2,0,0
2004/05,2004-12-05,Crystal Palace FC,Charlton Athletic FC,0,1,A,0,0,D,5,11,3,7,5,3,16,14,2,3,0,0
2004/05,2004-12-06,Middlesbrough FC,Manchester City FC,3,2,H,1,1,D,11,9,7,6,6,4,14,18,0,3,0,0
2004/05,2004-12-11,Crystal Palace FC,Blackburn Rovers FC,0,0,D,0,0,D,8,16,1,8,2,1,19,20,3,3,0,1
2004/05,2004-12-11,Everton FC,Liverpool FC,1,0,H,0,0,D,6,16,2,5,2,7,12,14,2,3,0,0
2004/05,2004-12-11,Manchester City FC,Tottenham Hotspur FC,0,1,A,0,0,D,8,5,3,2,6,2,8,9,1,2,0,0
2004/05,2004-12-11,Newcastle United FC,Portsmouth FC,1,1,D,1,1,D,15,6,2,3,6,2,12,15,1,2,0,0
2004/05,2004-12-11,Norwich City FC,Bolton Wanderers FC,3,2,H,1,2,A,9,4,4,3,4,4,10,26,1,3,0,0
2004/05,2004-12-11,Southampton FC,Middlesbrough FC,2,2,D,1,0,H,16,15,5,7,4,6,11,12,1,1,0,0
2004/05,2004-12-11,West Bromwich Albion FC,Charlton Athletic FC,0,1,A,0,1,A,7,8,4,2,6,6,16,13,0,0,0,0
2004/05,2004-12-12,Arsenal FC,Chelsea FC,2,2,D,2,1,H,10,10,5,5,4,6,11,17,1,3,0,0
2004/05,2004-12-12,Aston Villa FC,Birmingham City FC,1,2,A,0,2,A,9,9,3,5,6,0,9,28,2,4,0,0
2004/05,2004-12-13,Fulham FC,Manchester United FC,1,1,D,0,1,A,7,14,3,6,6,7,15,11,2,1,0,0
2004/05,2004-12-14,Liverpool FC,Portsmouth FC,1,1,D,0,0,D,12,7,7,4,6,4,6,9,0,0,0,0
2004/05,2004-12-18,Birmingham City FC,West Bromwich Albion FC,4,0,H,3,0,H,7,11,5,9,2,2,14,20,0,4,0,0
2004/05,2004-12-18,Blackburn Rovers FC,Everton FC,0,0,D,0,0,D,13,5,9,2,7,3,25,21,1,2,0,0
2004/05,2004-12-18,Bolton Wanderers FC,Manchester City FC,0,1,A,0,0,D,14,6,6,2,8,1,17,12,0,0,0,0
2004/05,2004-12-18,Chelsea FC,Norwich City FC,4,0,H,3,0,H,12,1,8,0,7,3,12,11,0,0,0,0
2004/05,2004-12-18,Manchester United FC,Crystal Palace FC,5,2,H,2,1,H,19,4,14,3,15,3,12,8,0,1,0,0
2004/05,2004-12-18,Middlesbrough FC,Aston Villa FC,3,0,H,1,0,H,9,14,8,6,5,6,6,18,0,1,0,0
2004/05,2004-12-18,Tottenham Hotspur FC,Southampton FC,5,1,H,3,0,H,18,7,12,4,6,3,9,13,0,2,0,0
2004/05,2004-12-19,Liverpool FC,Newcastle United FC,3,1,H,2,1,H,15,7,5,3,5,5,12,19,0,3,0,1
2004/05,2004-12-19,Portsmouth FC,Arsenal FC,0,1,A,0,0,D,11,13,5,5,5,7,13,9,0,1,0,0
2004/05,2004-12-20,Charlton Athletic FC,Fulham FC,2,1,H,1,0,H,8,6,5,4,5,3,14,16,1,2,0,0
2004/05,2004-12-26,Arsenal FC,Fulham FC,2,0,H,1,0,H,11,2,8,1,7,6,12,9,1,2,0,0
2004/05,2004-12-26,Birmingham City FC,Middlesbrough FC,2,0,H,2,0,H,11,9,10,6,5,3,17,9,1,0,0,0
2004/05,2004-12-26,Blackburn Rovers FC,Newcastle United FC,2,2,D,1,2,A,21,5,11,3,7,5,18,19,1,2,0,0
2004/05,2004-12-26,Chelsea FC,Aston Villa FC,1,0,H,1,0,H,14,9,7,7,6,3,12,13,3,3,0,0
2004/05,2004-12-26,Crystal Palace FC,Portsmouth FC,0,1,A,0,0,D,18,11,10,6,9,7,10,14,0,2,0,0
2004/05,2004-12-26,Everton FC,Manchester City FC,2,1,H,1,1,D,9,10,6,6,4,4,14,21,1,2,0,1
2004/05,2004-12-26,Manchester United FC,Bolton Wanderers FC,2,0,H,1,0,H,14,8,7,1,9,0,12,14,0,0,0,0
2004/05,2004-12-26,Norwich City FC,Tottenham Hotspur FC,0,2,A,0,0,D,13,16,8,9,10,8,11,9,1,0,0,0
2004/05,2004-12-26,Southampton FC,Charlton Athletic FC,0,0,D,0,0,D,12,15,4,5,5,11,7,12,1,0,0,0
2004/05,2004-12-26,West Bromwich Albion FC,Liverpool FC,0,5,A,0,1,A,2,16,1,8,4,11,12,13,0,0,1,0
2004/05,2004-12-28,Aston Villa FC,Manchester United FC,0,1,A,0,1,A,8,15,6,7,6,9,14,10,0,3,0,0
2004/05,2004-12-28,Bolton Wanderers FC,Blackburn Rovers FC,0,1,A,0,1,A,13,7,5,5,5,1,13,10,2,2,0,0
2004/05,2004-12-28,Charlton Athletic FC,Everton FC,2,0,H,0,0,D,12,5,8,3,8,2,13,11,0,0,0,1
2004/05,2004-12-28,Fulham FC,Birmingham City FC,2,3,A,1,2,A,10,6,7,5,7,3,9,13,1,0,0,0
2004/05,2004-12-28,Liverpool FC,Southampton FC,1,0,H,1,0,H,19,3,11,2,7,3,6,12,0,3,0,0
2004/05,2004-12-28,Manchester City FC,West Bromwich Albion FC,1,1,D,1,0,H,11,0,4,0,11,0,7,10,0,0,0,1
2004/05,2004-12-28,Middlesbrough FC,Norwich City FC,2,0,H,0,0,D,17,10,11,2,8,4,13,10,1,1,0,0
2004/05,2004-12-28,Portsmouth FC,Chelsea FC,0,2,A,0,0,D,4,12,2,9,5,4,12,15,1,3,0,0
2004/05,2004-12-28,Tottenham Hotspur FC,Crystal Palace FC,1,1,D,0,0,D,17,11,14,7,5,6,10,15,1,0,0,0
2004/05,2004-12-29,Newcastle United FC,Arsenal FC,0,1,A,0,1,A,9,13,5,6,4,8,10,21,1,4,0,0
2004/05,2005-01-01,Aston Villa FC,Blackburn Rovers FC,1,0,H,0,0,D,11,9,3,4,6,7,9,9,1,0,0,0
2004/05,2005-01-01,Bolton Wanderers FC,West Bromwich Albion FC,1,1,D,0,1,A,25,11,15,7,7,3,13,15,0,1,0,0
2004/05,2005-01-01,Charlton Athletic FC,Arsenal FC,1,3,A,1,1,D,7,8,4,5,1,2,13,15,1,1,0,0
2004/05,2005-01-01,Fulham FC,Crystal Palace FC,3,1,H,1,1,D,12,7,6,3,4,2,11,18,1,3,0,0
2004/05,2005-01-01,Liverpool FC,Chelsea FC,0,1,A,0,0,D,14,8,7,7,3,2,14,16,2,2,0,0
2004/05,2005-01-01,Manchester City FC,Southampton FC,2,1,H,2,0,H,15,6,8,1,9,8,12,9,0,0,0,0
2004/05,2005-01-01,Middlesbrough FC,Manchester United FC,0,2,A,0,1,A,6,13,2,7,10,4,13,9,1,0,0,0
2004/05,2005-01-01,Newcastle United FC,Birmingham City FC,2,1,H,2,0,H,8,10,4,8,6,5,8,14,1,2,0,0
2004/05,2005-01-01,Portsmouth FC,Norwich City FC,1,1,D,0,1,A,14,6,6,5,7,5,13,6,3,0,0,1
2004/05,2005-01-01,Tottenham Hotspur FC,Everton FC,5,2,H,2,1,H,14,6,12,3,6,4,8,13,0,0,0,0
2004/05,2005-01-03,Blackburn Rovers FC,Charlton Athletic FC,1,0,H,1,0,H,16,9,11,6,6,8,11,14,2,3,0,0
2004/05,2005-01-03,Crystal Palace FC,Aston Villa FC,2,0,H,1,0,H,14,12,9,6,7,7,8,14,2,3,0,0
2004/05,2005-01-03,Norwich City FC,Liverpool FC,1,2,A,0,0,D,7,11,4,6,5,2,16,19,2,3,0,0
2004/05,2005-01-03,West Bromwich Albion FC,Newcastle United FC,0,0,D,0,0,D,8,12,5,7,1,6,9,7,2,0,0,0
2004/05,2005-01-04,Arsenal FC,Manchester City FC,1,1,D,0,1,A,13,5,9,4,12,5,10,13,3,3,0,0
2004/05,2005-01-04,Birmingham City FC,Bolton Wanderers FC,1,2,A,0,1,A,14,11,8,6,6,5,12,12,2,2,0,0
2004/05,2005-01-04,Chelsea FC,Middlesbrough FC,2,0,H,2,0,H,14,2,10,1,4,3,15,9,2,1,0,0
2004/05,2005-01-04,Everton FC,Portsmouth FC,2,1,H,1,1,D,17,9,7,6,8,1,5,9,0,0,0,0
2004/05,2005-01-04,Manchester United FC,Tottenham Hotspur FC,0,0,D,0,0,D,23,7,16,5,8,2,11,13,1,2,0,0
2004/05,2005-01-05,Southampton FC,Fulham FC,3,3,D,2,2,D,8,12,5,7,2,10,16,16,2,2,0,0
2004/05,2005-01-15,Aston Villa FC,Norwich City FC,3,0,H,2,0,H,22,7,10,1,7,5,15,12,0,0,0,0
2004/05,2005-01-15,Bolton Wanderers FC,Arsenal FC,1,0,H,1,0,H,9,11,3,7,8,7,8,8,2,1,0,0
2004/05,2005-01-15,Charlton Athletic FC,Birmingham City FC,3,1,H,1,0,H,10,10,6,6,4,4,11,10,0,2,0,0
2004/05,2005-01-15,Liverpool FC,Manchester United FC,0,1,A,0,1,A,13,5,5,2,9,4,12,25,2,4,0,1
2004/05,2005-01-15,Manchester City FC,Crystal Palace FC,3,1,H,2,1,H,16,7,9,2,7,7,10,11,2,1,0,0
2004/05,2005-01-15,Newcastle United FC,Southampton FC,2,1,H,2,1,H,22,9,17,6,14,4,12,20,0,2,0,0
2004/05,2005-01-15,Portsmouth FC,Blackburn Rovers FC,0,1,A,0,0,D,11,14,1,6,5,6,13,23,2,6,2,0
2004/05,2005-01-15,Tottenham Hotspur FC,Chelsea FC,0,2,A,0,1,A,12,12,4,5,4,7,14,12,2,4,0,0
2004/05,2005-01-16,Fulham FC,West Bromwich Albion FC,1,0,H,0,0,D,8,7,4,6,7,5,12,12,3,1,0,0
2004/05,2005-01-16,Middlesbrough FC,Everton FC,1,1,D,1,0,H,18,13,12,5,9,6,12,10,1,2,0,0
2004/05,2005-01-22,Birmingham City FC,Fulham FC,1,2,A,0,0,D,8,6,5,3,5,3,16,11,1,3,0,0
2004/05,2005-01-22,Chelsea FC,Portsmouth FC,3,0,H,3,0,H,14,9,9,5,2,3,2,9,0,0,0,0
2004/05,2005-01-22,Crystal Palace FC,Tottenham Hotspur FC,3,0,H,0,0,D,8,12,7,6,5,4,9,14,1,2,0,0
2004/05,2005-01-22,Everton FC,Charlton Athletic FC,0,1,A,0,1,A,12,4,7,3,9,5,13,10,1,2,0,0
2004/05,2005-01-22,Manchester United FC,Aston Villa FC,3,1,H,1,0,H,18,10,11,6,4,2,11,21,2,5,0,0
2004/05,2005-01-22,Norwich City FC,Middlesbrough FC,4,4,D,1,1,D,17,22,9,15,5,8,11,16,0,3,0,0
2004/05,2005-01-22,Southampton FC,Liverpool FC,2,0,H,2,0,H,11,11,7,2,6,3,10,12,1,2,0,0
2004/05,2005-01-22,West Bromwich Albion FC,Manchester City FC,2,0,H,1,0,H,13,11,6,5,3,11,9,12,2,0,0,0
2004/05,2005-01-23,Arsenal FC,Newcastle United FC,1,0,H,1,0,H,13,4,8,1,11,1,17,19,2,3,0,0
2004/05,2005-01-24,Blackburn Rovers FC,Bolton Wanderers FC,0,1,A,0,0,D,9,6,4,3,7,7,16,19,1,4,0,0
2004/05,2005-02-01,Arsenal FC,Manchester United FC,2,4,A,2,1,H,11,10,10,9,6,7,20,16,2,4,0,1
2004/05,2005-02-01,Bolton Wanderers FC,Tottenham Hotspur FC,3,1,H,0,0,D,15,11,9,5,4,6,9,17,0,2,0,1
2004/05,2005-02-01,Charlton Athletic FC,Liverpool FC,1,2,A,1,0,H,4,19,3,7,3,7,11,15,0,0,0,0
2004/05,2005-02-01,Portsmouth FC,Middlesbrough FC,2,1,H,1,1,D,14,9,5,2,9,5,9,8,1,2,0,0
2004/05,2005-02-01,West Bromwich Albion FC,Crystal Palace FC,2,2,D,0,0,D,12,4,7,4,8,4,17,11,1,0,0,1
2004/05,2005-02-02,Birmingham City FC,Southampton FC,2,1,H,2,0,H,12,6,4,3,8,1,11,18,0,2,0,0
2004/05,2005-02-02,Blackburn Rovers FC,Chelsea FC,0,1,A,0,1,A,11,6,2,3,4,4,24,15,2,2,0,0
2004/05,2005-02-02,Everton FC,Norwich City FC,1,0,H,0,0,D,18,11,4,6,3,3,12,16,1,0,0,0
2004/05,2005-02-02,Fulham FC,Aston Villa FC,1,1,D,0,0,D,12,12,3,2,4,8,12,17,1,3,0,0
2004/05,2005-02-02,Manchester City FC,Newcastle United FC,1,1,D,0,1,A,5,3,1,1,3,1,11,18,2,3,0,0
2004/05,2005-02-05,Aston Villa FC,Arsenal FC,1,3,A,0,3,A,5,15,1,6,5,2,13,11,2,0,0,0
2004/05,2005-02-05,Crystal Palace FC,Bolton Wanderers FC,0,1,A,0,1,A,17,9,7,6,6,4,16,10,0,1,0,0
2004/05,2005-02-05,Liverpool FC,Fulham FC,3,1,H,1,1,D,10,6,7,2,4,3,12,13,1,4,0,0
2004/05,2005-02-05,Manchester United FC,Birmingham City FC,2,0,H,0,0,D,17,7,11,1,5,2,10,16,1,3,0,0
2004/05,2005-02-05,Middlesbrough FC,Blackburn Rovers FC,1,0,H,1,0,H,13,6,7,3,8,10,14,10,1,2,1,0
2004/05,2005-02-05,Newcastle United FC,Charlton Athletic FC,1,1,D,0,0,D,21,8,10,2,7,2,10,12,1,1,0,0
2004/05,2005-02-05,Norwich City FC,West Bromwich Albion FC,3,2,H,1,1,D,13,15,7,8,3,3,18,13,0,3,0,0
2004/05,2005-02-05,Tottenham Hotspur FC,Portsmouth FC,3,1,H,1,1,D,18,6,10,3,9,2,10,8,0,0,0,0
2004/05,2005-02-06,Chelsea FC,Manchester City FC,0,0,D,0,0,D,11,5,8,2,7,1,9,11,2,1,0,0
2004/05,2005-02-06,Southampton FC,Everton FC,2,2,D,1,1,D,21,8,9,4,8,3,15,11,0,2,0,0
2004/05,2005-02-12,Birmingham City FC,Liverpool FC,2,0,H,2,0,H,5,6,3,2,10,4,16,10,2,0,0,0
2004/05,2005-02-12,Blackburn Rovers FC,Norwich City FC,3,0,H,2,0,H,18,9,13,6,12,3,15,14,2,1,0,0
2004/05,2005-02-12,Bolton Wanderers FC,Middlesbrough FC,0,0,D,0,0,D,13,5,8,2,3,2,11,15,0,1,0,0
2004/05,2005-02-12,Everton FC,Chelsea FC,0,1,A,0,0,D,4,25,2,11,3,9,14,9,1,2,1,0
2004/05,2005-02-12,Portsmouth FC,Aston Villa FC,1,2,A,1,1,D,9,6,3,4,6,3,14,22,2,1,0,0
2004/05,2005-02-13,Manchester City FC,Manchester United FC,0,2,A,0,0,D,9,10,3,3,4,6,9,14,2,3,0,0
2004/05,2005-02-14,Arsenal FC,Crystal Palace FC,5,1,H,3,0,H,17,6,12,3,5,1,8,17,1,2,0,0
2004/05,2005-02-22,West Bromwich Albion FC,Southampton FC,0,0,D,0,0,D,9,11,4,7,7,3,15,15,2,3,0,0
2004/05,2005-02-26,Aston Villa FC,Everton FC,1,3,A,0,1,A,9,15,6,9,3,7,22,17,3,0,0,0
2004/05,2005-02-26,Crystal Palace FC,Birmingham City FC,2,0,H,1,0,H,8,9,2,5,4,7,23,15,3,3,0,0
2004/05,2005-02-26,Manchester United FC,Portsmouth FC,2,1,H,1,0,H,13,8,6,4,4,3,15,15,1,2,0,0
2004/05,2005-02-26,Southampton FC,Arsenal FC,1,1,D,0,1,A,10,17,3,12,3,5,9,13,1,1,1,1
2004/05,2005-02-26,Tottenham Hotspur FC,Fulham FC,2,0,H,0,0,D,18,8,8,5,13,2,6,13,0,1,0,0
2004/05,2005-02-27,Middlesbrough FC,Charlton Athletic FC,2,2,D,0,1,A,21,5,18,2,10,1,10,15,0,3,0,0
2004/05,2005-02-27,Newcastle United FC,Bolton Wanderers FC,2,1,H,1,1,D,14,4,9,2,6,3,12,19,0,2,0,0
2004/05,2005-02-28,Norwich City FC,Manchester City FC,2,3,A,2,2,D,5,17,4,10,3,12,12,7,2,2,1,0
2004/05,2005-03-05,Arsenal FC,Portsmouth FC,3,0,H,1,0,H,11,5,6,2,7,3,12,15,0,2,0,0
2004/05,2005-03-05,Aston Villa FC,Middlesbrough FC,2,0,H,0,0,D,8,5,4,1,5,4,8,6,1,2,0,0
2004/05,2005-03-05,Crystal Palace FC,Manchester United FC,0,0,D,0,0,D,2,16,1,9,2,7,12,9,5,4,1,0
2004/05,2005-03-05,Fulham FC,Charlton Athletic FC,0,0,D,0,0,D,10,9,5,6,5,5,9,12,3,2,0,0
2004/05,2005-03-05,Newcastle United FC,Liverpool FC,1,0,H,0,0,D,13,6,4,3,5,4,11,16,2,2,0,0
2004/05,2005-03-05,Norwich City FC,Chelsea FC,1,3,A,0,1,A,8,23,5,13,7,7,14,15,1,2,0,0
2004/05,2005-03-05,Southampton FC,Tottenham Hotspur FC,1,0,H,0,0,D,9,13,4,8,4,10,7,11,1,2,0,0
2004/05,2005-03-06,Everton FC,Blackburn Rovers FC,0,1,A,0,0,D,12,11,4,5,6,3,15,20,3,2,0,0
2004/05,2005-03-06,West Bromwich Albion FC,Birmingham City FC,2,0,H,0,0,D,12,7,7,0,13,3,16,18,1,1,0,0
2004/05,2005-03-07,Manchester City FC,Bolton Wanderers FC,0,1,A,0,1,A,8,11,3,3,5,5,10,21,1,2,0,0
2004/05,2005-03-15,Chelsea FC,West Bromwich Albion FC,1,0,H,1,0,H,23,7,11,4,8,3,13,9,0,1,0,0
2004/05,2005-03-16,Charlton Athletic FC,Tottenham Hotspur FC,2,0,H,1,0,H,5,7,2,4,5,2,15,16,1,4,0,0
2004/05,2005-03-16,Liverpool FC,Blackburn Rovers FC,0,0,D,0,0,D,7,5,2,2,11,3,12,13,1,1,0,0
2004/05,2005-03-19,Blackburn Rovers FC,Arsenal FC,0,1,A,0,1,A,9,10,2,8,4,6,21,8,3,1,0,0
2004/05,2005-03-19,Bolton Wanderers FC,Norwich City FC,1,0,H,1,0,H,16,6,10,2,7,6,20,16,3,1,0,0
2004/05,2005-03-19,Charlton Athletic FC,West Bromwich Albion FC,1,4,A,1,1,D,8,14,5,9,3,9,11,8,0,0,1,0
2004/05,2005-03-19,Chelsea FC,Crystal Palace FC,4,1,H,1,1,D,20,6,13,3,10,4,13,16,1,0,0,0
2004/05,2005-03-19,Manchester United FC,Fulham FC,1,0,H,1,0,H,19,10,12,6,18,3,7,11,0,1,0,0
2004/05,2005-03-19,Portsmouth FC,Newcastle United FC,1,1,D,1,1,D,13,11,6,6,4,3,15,19,5,4,0,0
2004/05,2005-03-19,Tottenham Hotspur FC,Manchester City FC,2,1,H,1,1,D,12,11,9,7,6,4,13,13,2,3,0,0
2004/05,2005-03-20,Birmingham City FC,Aston Villa FC,2,0,H,0,0,D,10,5,4,4,2,3,12,20,3,3,0,0
2004/05,2005-03-20,Liverpool FC,Everton FC,2,1,H,2,0,H,15,4,8,2,5,1,13,15,1,4,1,0
2004/05,2005-03-20,Middlesbrough FC,Southampton FC,1,3,A,1,1,D,14,12,8,7,3,6,20,17,0,0,0,0
2004/05,2005-04-02,Arsenal FC,Norwich City FC,4,1,H,2,1,H,21,3,15,1,10,3,8,11,1,0,0,0
2004/05,2005-04-02,Birmingham City FC,Tottenham Hotspur FC,1,1,D,0,0,D,14,9,7,5,3,3,6,10,0,1,0,0
2004/05,2005-04-02,Charlton Athletic FC,Manchester City FC,2,2,D,1,2,A,9,16,3,8,6,7,6,8,1,0,0,0
2004/05,2005-04-02,Crystal Palace FC,Middlesbrough FC,0,1,A,0,1,A,23,7,13,5,8,3,6,19,0,4,0,0
2004/05,2005-04-02,Liverpool FC,Bolton Wanderers FC,1,0,H,0,0,D,10,13,7,5,4,12,6,13,1,3,0,0
2004/05,2005-04-02,Manchester United FC,Blackburn Rovers FC,0,0,D,0,0,D,23,9,9,3,9,3,21,18,3,2,0,0
2004/05,2005-04-02,Newcastle United FC,Aston Villa FC,0,3,A,0,1,A,20,8,12,5,8,6,14,24,1,2,3,0
2004/05,2005-04-02,Southampton FC,Chelsea FC,1,3,A,0,2,A,4,12,3,8,4,3,11,10,0,2,0,0
2004/05,2005-04-03,Fulham FC,Portsmouth FC,3,1,H,0,1,A,12,8,7,4,5,5,14,10,3,3,0,0
2004/05,2005-04-03,West Bromwich Albion FC,Everton FC,1,0,H,0,0,D,8,8,4,2,7,7,15,20,1,2,0,0
2004/05,2005-04-09,Blackburn Rovers FC,Southampton FC,3,0,H,1,0,H,15,9,8,3,4,2,19,14,2,1,0,0
2004/05,2005-04-09,Bolton Wanderers FC,Fulham FC,3,1,H,2,0,H,15,7,10,4,4,6,6,14,0,2,0,1
2004/05,2005-04-09,Chelsea FC,Birmingham City FC,1,1,D,0,0,D,19,2,12,1,8,5,17,12,2,2,0,0
2004/05,2005-04-09,Manchester City FC,Liverpool FC,1,0,H,0,0,D,11,6,8,1,5,2,8,11,1,1,0,0
2004/05,2005-04-09,Middlesbrough FC,Arsenal FC,0,1,A,0,0,D,9,7,6,1,5,3,11,9,1,1,0,0
2004/05,2005-04-09,Norwich City FC,Manchester United FC,2,0,H,0,0,D,7,16,5,8,3,4,19,18,2,2,0,0
2004/05,2005-04-09,Portsmouth FC,Charlton Athletic FC,4,2,H,2,2,D,13,8,9,4,5,4,11,14,1,3,0,0
2004/05,2005-04-10,Aston Villa FC,West Bromwich Albion FC,1,1,D,1,0,H,14,7,7,5,5,5,6,10,1,2,1,1
2004/05,2005-04-10,Everton FC,Crystal Palace FC,4,0,H,1,0,H,13,11,8,3,4,9,10,14,1,1,0,0
2004/05,2005-04-10,Tottenham Hotspur FC,Newcastle United FC,1,0,H,1,0,H,19,6,6,3,4,7,9,15,2,2,0,0
2004/05,2005-04-16,Birmingham City FC,Portsmouth FC,0,0,D,0,0,D,9,5,4,4,7,5,16,12,1,2,0,0
2004/05,2005-04-16,Charlton Athletic FC,Bolton Wanderers FC,1,2,A,1,1,D,18,11,10,5,8,2,10,14,0,1,0,0
2004/05,2005-04-16,Crystal Palace FC,Norwich City FC,3,3,D,1,1,D,12,12,10,8,7,3,17,21,2,2,0,0
2004/05,2005-04-16,Fulham FC,Manchester City FC,1,1,D,0,1,A,8,7,3,3,6,8,9,19,0,1,0,0
2004/05,2005-04-16,Liverpool FC,Tottenham Hotspur FC,2,2,D,1,1,D,18,9,7,6,12,3,5,7,0,0,0,0
2004/05,2005-04-16,Southampton FC,Aston Villa FC,2,3,A,2,0,H,16,11,8,7,5,8,10,17,1,2,0,0
2004/05,2005-04-19,Bolton Wanderers FC,Southampton FC,1,1,D,1,0,H,22,5,16,4,5,2,9,9,2,0,0,0
2004/05,2005-04-19,Middlesbrough FC,Fulham FC,1,1,D,0,0,D,8,7,4,2,2,6,11,12,1,0,0,0
2004/05,2005-04-20,Aston Villa FC,Charlton Athletic FC,0,0,D,0,0,D,13,12,5,3,6,5,14,9,0,1,0,0
2004/05,2005-04-20,Blackburn Rovers FC,Crystal Palace FC,1,0,H,1,0,H,18,4,7,3,11,6,11,19,3,2,0,0
2004/05,2005-04-20,Chelsea FC,Arsenal FC,0,0,D,0,0,D,9,6,3,4,2,2,10,16,1,3,0,0
2004/05,2005-04-20,Everton FC,Manchester United FC,1,0,H,0,0,D,7,16,3,11,4,5,18,17,3,2,0,2
2004/05,2005-04-20,Manchester City FC,Birmingham City FC,3,0,H,0,0,D,8,5,4,1,8,3,11,9,0,1,0,0
2004/05,2005-04-20,Norwich City FC,Newcastle United FC,2,1,H,0,0,D,15,24,8,10,6,6,12,11,0,0,0,0
2004/05,2005-04-20,Portsmouth FC,Liverpool FC,1,2,A,1,2,A,8,19,6,12,5,4,10,8,1,0,0,0
2004/05,2005-04-20,Tottenham Hotspur FC,West Bromwich Albion FC,1,1,D,0,1,A,15,10,5,4,7,3,12,12,2,0,0,0
2005/06,2005-08-13,Aston Villa FC,Bolton Wanderers FC,2,2,D,2,2,D,3,13,2,6,7,8,14,16,0,2,0,0
2005/06,2005-08-13,Everton FC,Manchester United FC,0,2,A,0,1,A,10,12,5,5,8,6,15,14,3,1,0,0
2005/06,2005-08-13,Fulham FC,Birmingham City FC,0,0,D,0,0,D,15,7,7,4,6,6,12,13,1,2,0,0
2005/06,2005-08-13,Manchester City FC,West Bromwich Albion FC,0,0,D,0,0,D,15,13,8,3,3,6,13,11,2,3,0,0
2005/06,2005-08-13,Middlesbrough FC,Liverpool FC,0,0,D,0,0,D,4,16,2,7,5,0,17,11,2,3,1,0
2005/06,2005-08-13,Portsmouth FC,Tottenham Hotspur FC,0,2,A,0,1,A,11,11,7,6,7,2,13,23,0,2,0,0
2005/06,2005-08-13,Sunderland AFC,Charlton Athletic FC,1,3,A,1,1,D,12,14,8,4,5,5,15,17,2,0,0,1
2005/06,2005-08-13,West Ham United FC,Blackburn Rovers FC,3,1,H,0,1,A,13,11,5,5,2,6,11,14,0,1,0,1
2005/06,2005-08-14,Arsenal FC,Newcastle United FC,2,0,H,0,0,D,15,2,12,1,8,3,15,17,0,1,0,1
2005/06,2005-08-14,Wigan Athletic FC,Chelsea FC,0,1,A,0,0,D,12,20,5,9,2,6,14,7,1,0,0,0
2005/06,2005-08-20,Birmingham City FC,Manchester City FC,1,2,A,1,1,D,9,9,2,6,9,4,7,12,3,1,0,0
2005/06,2005-08-20,Blackburn Rovers FC,Fulham FC,2,1,H,1,0,H,16,8,9,4,8,1,26,14,2,2,0,0
2005/06,2005-08-20,Charlton Athletic FC,Wigan Athletic FC,1,0,H,1,0,H,21,4,10,0,4,4,10,11,0,1,0,0
2005/06,2005-08-20,Liverpool FC,Sunderland AFC,1,0,H,1,0,H,15,2,6,0,5,5,8,20,2,3,0,1
2005/06,2005-08-20,Manchester United FC,Aston Villa FC,1,0,H,0,0,D,18,3,12,3,11,7,13,21,2,1,0,0
2005/06,2005-08-20,Newcastle United FC,West Ham United FC,0,0,D,0,0,D,14,6,6,1,10,2,9,11,1,1,0,1
2005/06,2005-08-20,Tottenham Hotspur FC,Middlesbrough FC,2,0,H,0,0,D,18,12,8,3,5,6,16,10,3,1,0,0
2005/06,2005-08-20,West Bromwich Albion FC,Portsmouth FC,2,1,H,1,0,H,6,10,2,2,3,3,21,19,4,3,0,0
2005/06,2005-08-21,Bolton Wanderers FC,Everton FC,0,1,A,0,0,D,16,3,6,1,8,3,10,13,0,1,0,0
2005/06,2005-08-21,Chelsea FC,Arsenal FC,1,0,H,0,0,D,9,9,6,3,3,7,17,21,2,3,0,0
2005/06,2005-08-23,Birmingham City FC,Middlesbrough FC,0,3,A,0,2,A,14,8,8,3,2,2,14,15,0,1,0,0
2005/06,2005-08-23,Portsmouth FC,Aston Villa FC,1,1,D,1,1,D,20,7,11,3,13,4,12,10,3,1,0,1
2005/06,2005-08-23,Sunderland AFC,Manchester City FC,1,2,A,1,2,A,15,12,10,7,5,3,10,10,1,2,0,0
2005/06,2005-08-24,Arsenal FC,Fulham FC,4,1,H,1,1,D,20,8,14,3,6,7,16,11,5,2,0,0
2005/06,2005-08-24,Blackburn Rovers FC,Tottenham Hotspur FC,0,0,D,0,0,D,11,1,7,1,7,0,15,12,2,2,1,0
2005/06,2005-08-24,Bolton Wanderers FC,Newcastle United FC,2,0,H,1,0,H,14,7,6,4,4,3,12,17,0,1,0,0
2005/06,2005-08-24,Chelsea FC,West Bromwich Albion FC,4,0,H,2,0,H,11,0,8,0,9,1,10,7,0,1,0,0
2005/06,2005-08-27,Aston Villa FC,Blackburn Rovers FC,1,0,H,1,0,H,10,9,3,2,4,11,13,16,2,2,0,0
2005/06,2005-08-27,Fulham FC,Everton FC,1,0,H,0,0,D,9,6,4,2,6,2,19,25,1,2,0,1
2005/06,2005-08-27,Manchester City FC,Portsmouth FC,2,1,H,0,0,D,16,7,9,2,12,3,13,17,1,2,0,0
2005/06,2005-08-27,Tottenham Hotspur FC,Chelsea FC,0,2,A,0,1,A,11,13,6,7,2,5,16,12,3,2,1,0
2005/06,2005-08-27,West Bromwich Albion FC,Birmingham City FC,2,3,A,1,3,A,15,8,8,7,3,2,11,24,1,3,0,0
2005/06,2005-08-27,West Ham United FC,Bolton Wanderers FC,1,2,A,0,0,D,13,10,6,6,7,7,13,16,1,4,0,0
2005/06,2005-08-27,Wigan Athletic FC,Sunderland AFC,1,0,H,1,0,H,11,9,5,7,0,6,11,13,3,3,0,0
2005/06,2005-08-28,Middlesbrough FC,Charlton Athletic FC,0,3,A,0,1,A,10,12,6,8,6,1,18,15,2,1,0,0
2005/06,2005-08-28,Newcastle United FC,Manchester United FC,0,2,A,0,0,D,9,11,4,5,5,3,26,16,1,2,0,0
2005/06,2005-09-10,Birmingham City FC,Charlton Athletic FC,0,1,A,0,1,A,18,8,5,4,13,4,9,10,0,2,0,0
2005/06,2005-09-10,Chelsea FC,Sunderland AFC,2,0,H,0,0,D,9,2,6,2,4,2,14,10,1,0,0,0
2005/06,2005-09-10,Everton FC,Portsmouth FC,0,1,A,0,0,D,11,12,6,8,11,6,10,12,2,1,0,0
2005/06,2005-09-10,Manchester United FC,Manchester City FC,1,1,D,1,0,H,7,5,2,3,3,5,12,18,1,4,0,0
2005/06,2005-09-10,Middlesbrough FC,Arsenal FC,2,1,H,1,0,H,6,13,5,8,6,7,17,16,3,4,0,0
2005/06,2005-09-10,Newcastle United FC,Fulham FC,1,1,D,0,1,A,15,13,10,8,10,8,19,16,4,1,1,0
2005/06,2005-09-10,Tottenham Hotspur FC,Liverpool FC,0,0,D,0,0,D,10,11,7,6,4,4,16,13,1,1,0,0
2005/06,2005-09-10,West Bromwich Albion FC,Wigan Athletic FC,1,2,A,1,1,D,10,9,5,4,5,0,19,15,3,1,0,0
2005/06,2005-09-11,Bolton Wanderers FC,Blackburn Rovers FC,0,0,D,0,0,D,12,7,6,3,4,4,18,17,1,2,0,0
2005/06,2005-09-12,West Ham United FC,Aston Villa FC,4,0,H,2,0,H,14,14,9,8,4,11,15,12,0,1,0,0
2005/06,2005-09-17,Aston Villa FC,Tottenham Hotspur FC,1,1,D,1,0,H,13,13,6,7,4,3,14,14,1,2,0,0
2005/06,2005-09-17,Charlton Athletic FC,Chelsea FC,0,2,A,0,0,D,11,16,4,11,2,7,11,10,0,2,0,0
2005/06,2005-09-17,Fulham FC,West Ham United FC,1,2,A,0,0,D,9,10,6,3,4,6,11,14,2,1,0,0
2005/06,2005-09-17,Portsmouth FC,Birmingham City FC,1,1,D,1,1,D,14,3,9,2,7,3,16,14,2,0,0,1
2005/06,2005-09-17,Sunderland AFC,West Bromwich Albion FC,1,1,D,1,0,H,11,13,6,6,1,9,19,11,0,3,0,0
2005/06,2005-09-18,Blackburn Rovers FC,Newcastle United FC,0,3,A,0,0,D,17,4,10,3,7,2,14,19,1,5,0,1
2005/06,2005-09-18,Liverpool FC,Manchester United FC,0,0,D,0,0,D,9,4,3,1,4,2,24,15,2,2,0,0
2005/06,2005-09-18,Manchester City FC,Bolton Wanderers FC,0,1,A,0,0,D,17,5,8,1,7,5,14,16,1,1,0,0
2005/06,2005-09-18,Wigan Athletic FC,Middlesbrough FC,1,1,D,0,1,A,11,10,4,3,4,5,11,16,0,1,0,0
2005/06,2005-09-19,Arsenal FC,Everton FC,2,0,H,2,0,H,11,4,4,2,4,0,13,19,2,3,0,0
2005/06,2005-09-24,Birmingham City FC,Liverpool FC,2,2,D,0,0,D,4,14,4,6,3,7,14,14,2,3,1,0
2005/06,2005-09-24,Bolton Wanderers FC,Portsmouth FC,1,0,H,1,0,H,11,6,2,4,7,3,9,6,2,2,0,0
2005/06,2005-09-24,Chelsea FC,Aston Villa FC,2,1,H,1,1,D,18,3,6,2,9,1,8,17,1,1,0,0
2005/06,2005-09-24,Everton FC,Wigan Athletic FC,0,1,A,0,0,D,14,11,7,3,11,3,17,21,2,1,0,0
2005/06,2005-09-24,Manchester United FC,Blackburn Rovers FC,1,2,A,0,1,A,27,10,8,10,7,1,13,15,1,3,0,0
2005/06,2005-09-24,Newcastle United FC,Manchester City FC,1,0,H,1,0,H,8,8,6,4,3,6,14,14,0,2,0,0
2005/06,2005-09-24,West Bromwich Albion FC,Charlton Athletic FC,1,2,A,0,2,A,18,8,10,4,6,3,10,12,0,1,0,0
2005/06,2005-09-24,West Ham United FC,Arsenal FC,0,0,D,0,0,D,6,8,0,2,4,3,11,7,2,0,0,0
2005/06,2005-09-25,Middlesbrough FC,Sunderland AFC,0,2,A,0,1,A,20,4,11,2,8,2,13,21,3,2,0,0
2005/06,2005-09-26,Tottenham Hotspur FC,Fulham FC,1,0,H,1,0,H,9,8,4,5,6,6,10,9,0,3,0,0
2005/06,2005-10-01,Blackburn Rovers FC,West Bromwich Albion FC,2,0,H,0,0,D,20,6,11,3,11,1,15,17,2,0,0,0
2005/06,2005-10-01,Charlton Athletic FC,Tottenham Hotspur FC,2,3,A,1,0,H,9,13,4,7,1,6,15,17,3,2,0,0
2005/06,2005-10-01,Fulham FC,Manchester United FC,2,3,A,2,3,A,11,11,6,7,3,9,20,11,2,1,0,0
2005/06,2005-10-01,Portsmouth FC,Newcastle United FC,0,0,D,0,0,D,10,6,6,3,4,4,12,12,1,2,0,0
2005/06,2005-10-01,Sunderland AFC,West Ham United FC,1,1,D,1,0,H,16,6,8,3,5,3,12,15,1,5,0,0
2005/06,2005-10-02,Arsenal FC,Birmingham City FC,1,0,H,0,0,D,16,2,13,2,11,4,13,17,0,1,0,1
2005/06,2005-10-02,Aston Villa FC,Middlesbrough FC,2,3,A,0,1,A,13,13,6,10,6,5,17,10,4,1,0,0
2005/06,2005-10-02,Liverpool FC,Chelsea FC,1,4,A,1,2,A,11,7,5,5,4,2,15,17,1,3,0,0
2005/06,2005-10-02,Manchester City FC,Everton FC,2,0,H,0,0,D,14,5,5,4,4,2,16,10,1,0,0,0
2005/06,2005-10-02,Wigan Athletic FC,Bolton Wanderers FC,2,1,H,0,0,D,16,13,9,4,4,8,11,14,0,2,0,0
2005/06,2005-10-15,Chelsea FC,Bolton Wanderers FC,5,1,H,0,1,A,17,4,8,2,5,3,10,17,2,2,0,1
2005/06,2005-10-15,Liverpool FC,Blackburn Rovers FC,1,0,H,0,0,D,19,4,5,1,9,2,8,22,0,3,0,1
2005/06,2005-10-15,Middlesbrough FC,Portsmouth FC,1,1,D,0,0,D,14,9,7,4,6,3,12,12,2,3,0,0
2005/06,2005-10-15,Sunderland AFC,Manchester United FC,1,3,A,0,1,A,11,15,6,9,4,5,12,10,3,1,0,0
2005/06,2005-10-15,Tottenham Hotspur FC,Everton FC,2,0,H,0,0,D,7,8,5,4,5,8,13,9,0,2,0,0
2005/06,2005-10-15,West Bromwich Albion FC,Arsenal FC,2,1,H,1,1,D,5,14,4,10,3,6,23,10,1,2,0,0
2005/06,2005-10-15,Wigan Athletic FC,Newcastle United FC,1,0,H,1,0,H,12,11,6,7,6,5,15,20,2,3,1,0
2005/06,2005-10-16,Birmingham City FC,Aston Villa FC,0,1,A,0,1,A,8,4,5,1,11,5,13,19,2,2,0,0
2005/06,2005-10-16,Manchester City FC,West Ham United FC,2,1,H,1,0,H,22,6,17,3,9,3,11,13,2,0,0,0
2005/06,2005-10-17,Charlton Athletic FC,Fulham FC,1,1,D,0,1,A,14,13,3,1,6,1,19,19,2,3,0,0
2005/06,2005-10-22,Arsenal FC,Manchester City FC,1,0,H,0,0,D,4,7,2,4,4,3,24,17,3,5,0,0
2005/06,2005-10-22,Aston Villa FC,Wigan Athletic FC,0,2,A,0,1,A,16,6,5,6,9,5,12,13,0,0,0,0
2005/06,2005-10-22,Blackburn Rovers FC,Birmingham City FC,2,0,H,0,0,D,11,3,5,2,3,9,22,17,0,3,0,0
2005/06,2005-10-22,Fulham FC,Liverpool FC,2,0,H,1,0,H,6,14,3,6,3,8,9,14,0,2,0,0
2005/06,2005-10-22,Manchester United FC,Tottenham Hotspur FC,1,1,D,1,0,H,13,9,9,7,7,8,15,12,2,3,0,0
2005/06,2005-10-22,Portsmouth FC,Charlton Athletic FC,1,2,A,1,0,H,15,11,6,7,6,5,10,15,2,3,0,0
2005/06,2005-10-23,Bolton Wanderers FC,West Bromwich Albion FC,2,0,H,0,0,D,19,2,12,1,10,1,13,16,2,2,0,0
2005/06,2005-10-23,Everton FC,Chelsea FC,1,1,D,1,0,H,4,24,4,12,3,11,14,14,2,2,0,0
2005/06,2005-10-23,Newcastle United FC,Sunderland AFC,3,2,H,2,2,D,12,10,9,5,5,3,12,13,2,2,0,0
2005/06,2005-10-23,West Ham United FC,Middlesbrough FC,2,1,H,0,0,D,15,19,8,9,4,7,11,9,1,2,0,0
2005/06,2005-10-29,Birmingham City FC,Everton FC,0,1,A,0,1,A,18,11,8,6,8,6,11,15,0,1,0,0
2005/06,2005-10-29,Charlton Athletic FC,Bolton Wanderers FC,0,1,A,0,0,D,7,11,4,7,4,2,11,13,1,0,0,0
2005/06,2005-10-29,Chelsea FC,Blackburn Rovers FC,4,2,H,2,2,D,19,6,10,4,5,2,12,19,1,5,0,0
2005/06,2005-10-29,Liverpool FC,West Ham United FC,2,0,H,1,0,H,17,4,9,2,10,5,15,13,2,0,0,0
2005/06,2005-10-29,Middlesbrough FC,Manchester United FC,4,1,H,3,0,H,7,13,4,8,2,6,14,22,1,4,0,0
2005/06,2005-10-29,Sunderland AFC,Portsmouth FC,1,4,A,1,0,H,5,5,2,5,11,2,11,9,0,1,0,0
2005/06,2005-10-29,Tottenham Hotspur FC,Arsenal FC,1,1,D,1,0,H,11,10,3,7,6,1,18,13,4,2,0,0
2005/06,2005-10-29,Wigan Athletic FC,Fulham FC,1,0,H,0,0,D,12,7,6,1,6,3,11,7,1,1,0,0
2005/06,2005-10-30,West Bromwich Albion FC,Newcastle United FC,0,3,A,0,0,D,8,11,4,8,9,4,9,14,0,1,0,0
2005/06,2005-10-31,Manchester City FC,Aston Villa FC,3,1,H,2,0,H,13,11,5,5,2,6,17,10,1,1,0,0
2005/06,2005-11-05,Arsenal FC,Sunderland AFC,3,1,H,2,0,H,12,1,9,1,4,6,11,13,0,1,0,0
2005/06,2005-11-05,Aston Villa FC,Liverpool FC,0,2,A,0,0,D,6,10,2,6,3,5,16,11,2,2,0,0
2005/06,2005-11-05,Blackburn Rovers FC,Charlton Athletic FC,4,1,H,2,1,H,9,10,3,9,7,9,9,15,0,2,0,0
2005/06,2005-11-05,Fulham FC,Manchester City FC,2,1,H,2,1,H,9,4,5,2,4,2,10,16,1,3,0,0
2005/06,2005-11-05,Newcastle United FC,Birmingham City FC,1,0,H,0,0,D,10,9,5,3,3,2,20,18,3,2,0,0
2005/06,2005-11-05,Portsmouth FC,Wigan Athletic FC,0,2,A,0,0,D,7,7,4,5,5,8,11,13,1,2,0,0
2005/06,2005-11-05,West Ham United FC,West Bromwich Albion FC,1,0,H,0,0,D,10,10,6,6,8,5,15,12,2,0,0,0
2005/06,2005-11-06,Everton FC,Middlesbrough FC,1,0,H,1,0,H,12,17,8,9,9,3,21,16,2,1,0,0
2005/06,2005-11-06,Manchester United FC,Chelsea FC,1,0,H,1,0,H,10,21,5,11,5,9,19,14,3,4,0,0
2005/06,2005-11-07,Bolton Wanderers FC,Tottenham Hotspur FC,1,0,H,1,0,H,9,9,8,7,6,5,13,9,0,1,0,0
2005/06,2005-11-19,Charlton Athletic FC,Manchester United FC,1,3,A,0,1,A,18,13,11,7,4,3,13,11,0,2,0,0
2005/06,2005-11-19,Chelsea FC,Newcastle United FC,3,0,H,0,0,D,12,3,4,2,3,5,12,13,2,1,0,0
2005/06,2005-11-19,Liverpool FC,Portsmouth FC,3,0,H,2,0,H,15,7,11,5,7,6,7,8,1,1,0,0
2005/06,2005-11-19,Manchester City FC,Blackburn Rovers FC,0,0,D,0,0,D,12,5,4,4,4,4,7,15,2,4,0,0
2005/06,2005-11-19,Sunderland AFC,Aston Villa FC,1,3,A,0,0,D,8,16,6,11,6,5,10,13,2,1,0,0
2005/06,2005-11-19,West Bromwich Albion FC,Everton FC,4,0,H,1,0,H,11,11,8,6,4,8,11,9,0,0,0,0
2005/06,2005-11-19,Wigan Athletic FC,Arsenal FC,2,3,A,2,3,A,11,13,5,8,2,2,16,17,3,3,0,0
2005/06,2005-11-20,Middlesbrough FC,Fulham FC,3,2,H,0,1,A,20,9,11,6,9,4,9,16,0,1,0,0
2005/06,2005-11-20,Tottenham Hotspur FC,West Ham United FC,1,1,D,1,0,H,15,8,8,4,9,7,16,13,3,1,0,0
2005/06,2005-11-26,Arsenal FC,Blackburn Rovers FC,3,0,H,2,0,H,13,15,10,9,9,10,9,15,1,2,0,0
2005/06,2005-11-26,Aston Villa FC,Charlton Athletic FC,1,0,H,0,0,D,16,5,10,3,10,3,9,12,2,2,0,0
2005/06,2005-11-26,Manchester City FC,Liverpool FC,0,1,A,0,0,D,3,8,1,6,6,4,13,13,0,2,0,0
2005/06,2005-11-26,Portsmouth FC,Chelsea FC,0,2,A,0,1,A,6,12,2,6,2,1,22,7,5,1,0,0
2005/06,2005-11-26,Sunderland AFC,Birmingham City FC,0,1,A,0,0,D,4,10,3,7,6,2,7,10,0,0,0,0
2005/06,2005-11-26,Wigan Athletic FC,Tottenham Hotspur FC,1,2,A,0,1,A,11,7,3,5,6,5,14,17,0,2,0,0
2005/06,2005-11-27,Everton FC,Newcastle United FC,1,0,H,0,0,D,14,16,9,10,12,8,19,19,1,5,0,0
2005/06,2005-11-27,Fulham FC,Bolton Wanderers FC,2,1,H,2,0,H,10,5,7,3,3,6,17,18,2,7,0,0
2005/06,2005-11-27,Middlesbrough FC,West Bromwich Albion FC,2,2,D,1,1,D,13,9,8,6,6,5,15,13,1,1,0,0
2005/06,2005-11-27,West Ham United FC,Manchester United FC,1,2,A,1,0,H,10,16,3,10,4,5,15,7,2,3,0,0
2005/06,2005-11-30,Sunderland AFC,Liverpool FC,0,2,A,0,2,A,8,15,4,11,3,3,15,10,0,2,0,1
2005/06,2005-12-03,Blackburn Rovers FC,Everton FC,0,2,A,0,2,A,15,8,7,5,7,5,8,18,1,1,1,0
2005/06,2005-12-03,Bolton Wanderers FC,Arsenal FC,2,0,H,2,0,H,10,8,9,3,9,3,16,15,1,2,0,0
2005/06,2005-12-03,Chelsea FC,Middlesbrough FC,1,0,H,0,0,D,17,10,9,5,6,4,15,14,0,0,0,0
2005/06,2005-12-03,Liverpool FC,Wigan Athletic FC,3,0,H,2,0,H,16,10,12,6,11,6,16,15,1,2,0,0
2005/06,2005-12-03,Manchester United FC,Portsmouth FC,3,0,H,1,0,H,19,8,12,4,11,4,9,16,0,1,0,0
2005/06,2005-12-03,Newcastle United FC,Aston Villa FC,1,1,D,1,0,H,8,9,2,6,6,4,17,15,1,2,0,0
2005/06,2005-12-03,Tottenham Hotspur FC,Sunderland AFC,3,2,H,1,1,D,14,5,8,2,12,0,8,19,0,2,0,0
2005/06,2005-12-03,West Bromwich Albion FC,Fulham FC,0,0,D,0,0,D,5,8,4,1,1,3,8,15,1,3,0,1
2005/06,2005-12-04,Charlton Athletic FC,Manchester City FC,2,5,A,1,2,A,10,17,4,9,8,4,20,14,2,3,0,0
2005/06,2005-12-05,Birmingham City FC,West Ham United FC,1,2,A,1,2,A,14,10,6,4,11,8,12,5,1,1,0,0
2005/06,2005-12-10,Birmingham City FC,Fulham FC,1,0,H,0,0,D,11,7,7,3,2,2,12,10,0,0,0,0
2005/06,2005-12-10,Blackburn Rovers FC,West Ham United FC,3,2,H,0,1,A,14,6,5,3,4,1,13,14,3,6,0,0
2005/06,2005-12-10,Bolton Wanderers FC,Aston Villa FC,1,1,D,0,0,D,13,6,7,3,6,3,16,22,2,4,0,0
2005/06,2005-12-10,Charlton Athletic FC,Sunderland AFC,2,0,H,1,0,H,14,14,8,6,3,6,11,16,0,2,0,0
2005/06,2005-12-10,Chelsea FC,Wigan Athletic FC,1,0,H,0,0,D,11,4,8,1,5,1,16,10,1,1,0,0
2005/06,2005-12-10,Liverpool FC,Middlesbrough FC,2,0,H,0,0,D,23,6,13,3,11,2,10,18,1,2,0,1
2005/06,2005-12-10,Newcastle United FC,Arsenal FC,1,0,H,0,0,D,8,6,4,3,5,4,23,13,2,1,0,1
2005/06,2005-12-10,West Bromwich Albion FC,Manchester City FC,2,0,H,1,0,H,11,8,4,2,4,6,17,13,1,4,0,1
2005/06,2005-12-11,Manchester United FC,Everton FC,1,1,D,1,1,D,21,7,12,5,9,0,12,11,1,2,0,0
2005/06,2005-12-12,Tottenham Hotspur FC,Portsmouth FC,3,1,H,0,1,A,16,8,9,5,6,3,6,19,0,0,0,0
2005/06,2005-12-14,Everton FC,West Ham United FC,1,2,A,1,1,D,12,7,3,2,4,9,10,11,2,1,0,0
2005/06,2005-12-14,Manchester United FC,Wigan Athletic FC,4,0,H,2,0,H,12,15,9,7,7,7,12,6,1,1,0,0
2005/06,2005-12-17,Aston Villa FC,Manchester United FC,0,2,A,0,1,A,11,17,7,10,2,6,19,16,1,0,0,0
2005/06,2005-12-17,Everton FC,Bolton Wanderers FC,0,4,A,0,1,A,13,7,10,5,10,0,13,15,2,2,0,0
2005/06,2005-12-17,Fulham FC,Blackburn Rovers FC,2,1,H,1,0,H,8,10,5,4,8,12,12,13,4,4,0,0
2005/06,2005-12-17,Manchester City FC,Birmingham City FC,4,1,H,3,0,H,17,6,9,2,7,5,19,12,2,2,0,1
2005/06,2005-12-17,Portsmouth FC,West Bromwich Albion FC,1,0,H,0,0,D,5,4,4,2,6,8,15,7,1,1,0,0
2005/06,2005-12-17,West Ham United FC,Newcastle United FC,2,4,A,1,2,A,11,10,7,7,3,2,9,16,3,3,0,0
2005/06,2005-12-17,Wigan Athletic FC,Charlton Athletic FC,3,0,H,1,0,H,18,5,12,2,12,3,8,8,0,1,0,0
2005/06,2005-12-18,Arsenal FC,Chelsea FC,0,2,A,0,1,A,7,11,5,8,5,5,13,18,3,4,0,0
2005/06,2005-12-18,Middlesbrough FC,Tottenham Hotspur FC,3,3,D,2,1,H,11,8,8,5,14,4,17,13,2,3,0,0
2005/06,2005-12-26,Aston Villa FC,Everton FC,4,0,H,1,0,H,12,10,7,5,4,9,12,11,0,0,0,0
2005/06,2005-12-26,Charlton Athletic FC,Arsenal FC,0,1,A,0,0,D,8,18,0,11,4,10,16,10,3,2,1,0
2005/06,2005-12-26,Chelsea FC,Fulham FC,3,2,H,2,1,H,15,9,11,4,10,4,16,16,1,3,0,0
2005/06,2005-12-26,Liverpool FC,Newcastle United FC,2,0,H,2,0,H,21,2,11,2,7,4,9,13,1,0,0,1
2005/06,2005-12-26,Manchester United FC,West Bromwich Albion FC,3,0,H,2,0,H,17,5,9,3,8,2,13,6,1,0,0,0
2005/06,2005-12-26,Middlesbrough FC,Blackburn Rovers FC,0,2,A,0,1,A,8,7,5,4,2,3,14,16,4,2,0,0
2005/06,2005-12-26,Portsmouth FC,West Ham United FC,1,1,D,1,0,H,11,14,9,4,6,5,14,10,3,1,1,0
2005/06,2005-12-26,Sunderland AFC,Bolton Wanderers FC,0,0,D,0,0,D,11,8,7,1,1,4,16,12,1,3,0,0
2005/06,2005-12-26,Tottenham Hotspur FC,Birmingham City FC,2,0,H,0,0,D,9,7,4,4,9,8,19,17,4,1,0,1
2005/06,2005-12-26,Wigan Athletic FC,Manchester City FC,4,3,H,3,1,H,10,21,5,14,2,9,8,9,0,0,0,0
2005/06,2005-12-28,Arsenal FC,Portsmouth FC,4,0,H,4,0,H,6,6,4,4,3,1,12,13,0,1,0,0
2005/06,2005-12-28,Birmingham City FC,Manchester United FC,2,2,D,1,1,D,11,11,5,5,4,4,13,13,0,0,0,0
2005/06,2005-12-28,Everton FC,Liverpool FC,1,3,A,1,2,A,10,12,6,5,5,2,23,20,4,2,2,0
2005/06,2005-12-28,Fulham FC,Aston Villa FC,3,3,D,2,1,H,6,9,3,4,6,10,13,12,0,4,0,0
2005/06,2005-12-28,Manchester City FC,Chelsea FC,0,1,A,0,0,D,5,11,2,4,1,4,20,12,1,1,0,0
2005/06,2005-12-28,West Bromwich Albion FC,Tottenham Hotspur FC,2,0,H,1,0,H,6,7,5,7,4,3,16,12,0,0,0,0
2005/06,2005-12-28,West Ham United FC,Wigan Athletic FC,0,2,A,0,2,A,4,8,1,4,5,3,14,15,1,1,0,0
2005/06,2005-12-31,Aston Villa FC,Arsenal FC,0,0,D,0,0,D,11,10,5,3,10,1,19,11,1,1,0,0
2005/06,2005-12-31,Charlton Athletic FC,West Ham United FC,2,0,H,1,0,H,14,8,7,3,6,13,15,8,1,0,0,0
2005/06,2005-12-31,Chelsea FC,Birmingham City FC,2,0,H,2,0,H,12,9,8,3,5,4,11,8,1,0,0,0
2005/06,2005-12-31,Liverpool FC,West Bromwich Albion FC,1,0,H,0,0,D,27,4,13,0,10,1,8,12,0,0,0,0
2005/06,2005-12-31,Manchester United FC,Bolton Wanderers FC,4,1,H,2,1,H,18,4,9,2,7,1,9,22,2,5,0,0
2005/06,2005-12-31,Middlesbrough FC,Manchester City FC,0,0,D,0,0,D,12,8,4,3,4,7,6,12,0,1,0,0
2005/06,2005-12-31,Portsmouth FC,Fulham FC,1,0,H,1,0,H,17,9,7,4,8,8,14,7,1,2,0,0
2005/06,2005-12-31,Sunderland AFC,Everton FC,0,1,A,0,0,D,13,9,6,5,8,5,6,7,1,1,0,0
2005/06,2005-12-31,Tottenham Hotspur FC,Newcastle United FC,2,0,H,1,0,H,13,9,3,4,5,3,13,11,0,1,0,0
2005/06,2005-12-31,Wigan Athletic FC,Blackburn Rovers FC,0,3,A,0,1,A,9,13,4,7,2,7,9,13,1,1,0,0
2005/06,2006-01-02,Birmingham City FC,Wigan Athletic FC,2,0,H,2,0,H,8,6,4,2,8,3,9,16,1,2,0,0
2005/06,2006-01-02,Blackburn Rovers FC,Portsmouth FC,2,1,H,2,1,H,12,8,7,4,4,6,11,12,1,4,0,0
2005/06,2006-01-02,Bolton Wanderers FC,Liverpool FC,2,2,D,1,0,H,12,15,7,7,3,5,16,14,2,3,0,0
2005/06,2006-01-02,Everton FC,Charlton Athletic FC,3,1,H,2,1,H,13,11,6,4,5,2,13,14,0,2,0,0
2005/06,2006-01-02,Fulham FC,Sunderland AFC,2,1,H,1,1,D,12,10,9,7,6,6,9,14,2,2,0,1
2005/06,2006-01-02,Newcastle United FC,Middlesbrough FC,2,2,D,1,0,H,10,8,5,3,5,2,14,13,0,2,0,0
2005/06,2006-01-02,West Bromwich Albion FC,Aston Villa FC,1,2,A,0,0,D,9,13,5,7,7,6,9,13,2,3,0,0
2005/06,2006-01-02,West Ham United FC,Chelsea FC,1,3,A,0,1,A,6,17,3,10,2,5,10,11,1,3,0,0
2005/06,2006-01-03,Arsenal FC,Manchester United FC,0,0,D,0,0,D,8,16,5,6,6,9,17,13,2,3,0,0
2005/06,2006-01-04,Manchester City FC,Tottenham Hotspur FC,0,2,A,0,1,A,13,8,3,2,12,8,8,11,2,2,0,0
2005/06,2006-01-14,Arsenal FC,Middlesbrough FC,7,0,H,4,0,H,24,5,17,2,4,6,12,14,1,2,0,1
2005/06,2006-01-14,Aston Villa FC,West Ham United FC,1,2,A,1,0,H,14,10,8,7,4,10,15,21,1,3,0,0
2005/06,2006-01-14,Blackburn Rovers FC,Bolton Wanderers FC,0,0,D,0,0,D,18,3,3,1,11,1,21,16,2,5,0,1
2005/06,2006-01-14,Charlton Athletic FC,Birmingham City FC,2,0,H,1,0,H,11,14,4,5,2,7,16,12,0,0,0,0
2005/06,2006-01-14,Fulham FC,Newcastle United FC,1,0,H,0,0,D,12,6,5,4,5,10,9,13,0,2,0,0
2005/06,2006-01-14,Liverpool FC,Tottenham Hotspur FC,1,0,H,0,0,D,16,6,12,2,10,7,8,12,0,1,0,1
2005/06,2006-01-14,Manchester City FC,Manchester United FC,3,1,H,2,0,H,12,13,7,4,3,3,19,18,2,1,0,1
2005/06,2006-01-14,Portsmouth FC,Everton FC,0,1,A,0,1,A,14,9,8,3,4,8,21,13,2,2,0,0
2005/06,2006-01-15,Sunderland AFC,Chelsea FC,1,2,A,1,1,D,10,21,7,13,4,3,13,8,1,2,0,1
2005/06,2006-01-15,Wigan Athletic FC,West Bromwich Albion FC,0,1,A,0,0,D,27,7,12,6,6,5,14,16,0,3,0,1
2005/06,2006-01-21,Birmingham City FC,Portsmouth FC,5,0,H,2,0,H,9,10,6,4,7,2,11,23,1,1,0,0
2005/06,2006-01-21,Bolton Wanderers FC,Manchester City FC,2,0,H,2,0,H,11,9,6,2,4,5,8,17,2,2,0,0
2005/06,2006-01-21,Everton FC,Arsenal FC,1,0,H,1,0,H,9,14,3,5,5,6,19,17,4,2,0,1
2005/06,2006-01-21,Middlesbrough FC,Wigan Athletic FC,2,3,A,0,2,A,7,16,4,10,8,8,9,11,0,2,0,0
2005/06,2006-01-21,Newcastle United FC,Blackburn Rovers FC,0,1,A,0,0,D,12,6,3,2,4,4,12,12,0,2,0,0
2005/06,2006-01-21,Tottenham Hotspur FC,Aston Villa FC,0,0,D,0,0,D,21,4,13,1,9,2,10,15,0,2,0,1
2005/06,2006-01-21,West Bromwich Albion FC,Sunderland AFC,0,1,A,0,0,D,10,7,5,2,6,2,13,16,0,3,0,0
2005/06,2006-01-22,Chelsea FC,Charlton Athletic FC,1,1,D,1,0,H,12,9,7,5,6,0,10,13,2,1,1,0
2005/06,2006-01-22,Manchester United FC,Liverpool FC,1,0,H,0,0,D,7,11,4,7,1,2,15,17,2,3,0,0
2005/06,2006-01-23,West Ham United FC,Fulham FC,2,1,H,2,0,H,9,12,5,6,4,7,16,12,2,2,0,0
2005/06,2006-01-31,Charlton Athletic FC,West Bromwich Albion FC,0,0,D,0,0,D,12,12,9,6,3,5,8,18,2,4,1,0
2005/06,2006-01-31,Fulham FC,Tottenham Hotspur FC,1,0,H,0,0,D,12,7,8,3,3,9,9,11,1,3,0,1
2005/06,2006-01-31,Sunderland AFC,Middlesbrough FC,0,3,A,0,2,A,14,7,7,4,2,5,18,9,1,1,0,0
2005/06,2006-01-31,Wigan Athletic FC,Everton FC,1,1,D,1,1,D,14,8,6,6,5,5,15,15,1,1,1,1
2005/06,2006-02-01,Arsenal FC,West Ham United FC,2,3,A,1,2,A,16,4,10,4,12,2,6,15,1,1,0,0
2005/06,2006-02-01,Aston Villa FC,Chelsea FC,1,1,D,0,1,A,6,11,2,5,5,4,6,15,1,3,0,0
2005/06,2006-02-01,Blackburn Rovers FC,Manchester United FC,4,3,H,3,1,H,7,12,4,6,2,2,23,17,3,3,0,1
2005/06,2006-02-01,Liverpool FC,Birmingham City FC,1,1,D,0,0,D,24,3,10,2,11,3,13,12,0,0,0,1
2005/06,2006-02-01,Manchester City FC,Newcastle United FC,3,0,H,2,0,H,14,4,8,1,3,3,13,10,1,1,0,0
2005/06,2006-02-01,Portsmouth FC,Bolton Wanderers FC,1,1,D,0,0,D,13,8,5,2,6,4,12,9,0,0,0,0
2005/06,2006-02-04,Birmingham City FC,Arsenal FC,0,2,A,0,1,A,13,9,5,6,6,6,18,21,2,3,1,0
2005/06,2006-02-04,Bolton Wanderers FC,Wigan Athletic FC,1,1,D,0,0,D,12,7,9,4,4,1,12,12,0,4,0,0
2005/06,2006-02-04,Everton FC,Manchester City FC,1,0,H,1,0,H,10,7,5,3,9,5,13,19,0,3,0,1
2005/06,2006-02-04,Manchester United FC,Fulham FC,4,2,H,3,2,H,21,10,14,7,8,5,10,14,4,2,0,0
2005/06,2006-02-04,Middlesbrough FC,Aston Villa FC,0,4,A,0,2,A,9,10,4,5,6,5,14,12,3,1,0,0
2005/06,2006-02-04,Newcastle United FC,Portsmouth FC,2,0,H,1,0,H,14,3,10,1,7,1,9,8,0,1,0,0
2005/06,2006-02-04,West Bromwich Albion FC,Blackburn Rovers FC,2,0,H,2,0,H,9,10,5,4,4,7,16,10,1,1,0,0
2005/06,2006-02-04,West Ham United FC,Sunderland AFC,2,0,H,0,0,D,11,7,7,3,6,5,13,11,1,3,0,1
2005/06,2006-02-05,Chelsea FC,Liverpool FC,2,0,H,1,0,H,10,12,6,2,5,5,14,17,1,2,0,1
2005/06,2006-02-05,Tottenham Hotspur FC,Charlton Athletic FC,3,1,H,2,0,H,14,7,10,5,5,2,13,13,0,3,0,0
2005/06,2006-02-08,Charlton Athletic FC,Liverpool FC,2,0,H,2,0,H,6,13,2,5,1,10,12,13,2,2,0,0
2005/06,2006-02-11,Arsenal FC,Bolton Wanderers FC,1,1,D,0,1,A,16,5,10,3,8,6,14,12,2,2,0,0
2005/06,2006-02-11,Aston Villa FC,Newcastle United FC,1,2,A,1,2,A,13,9,7,6,11,7,23,20,4,2,0,1
2005/06,2006-02-11,Everton FC,Blackburn Rovers FC,1,0,H,1,0,H,5,18,2,5,6,10,8,14,4,2,1,0
2005/06,2006-02-11,Fulham FC,West Bromwich Albion FC,6,1,H,2,0,H,11,11,7,6,4,7,19,14,3,2,0,0
2005/06,2006-02-11,Middlesbrough FC,Chelsea FC,3,0,H,2,0,H,7,17,6,10,5,9,17,7,0,3,0,0
2005/06,2006-02-11,Portsmouth FC,Manchester United FC,1,3,A,0,3,A,15,6,6,4,16,2,12,16,0,0,0,0
2005/06,2006-02-11,Wigan Athletic FC,Liverpool FC,0,1,A,0,1,A,5,7,1,6,4,3,8,3,2,0,0,0
2005/06,2006-02-12,Manchester City FC,Charlton Athletic FC,3,2,H,1,0,H,16,12,10,7,11,1,12,15,0,0,0,0
2005/06,2006-02-12,Sunderland AFC,Tottenham Hotspur FC,1,1,D,0,1,A,9,10,5,7,5,0,16,9,2,1,0,0
2005/06,2006-02-13,West Ham United FC,Birmingham City FC,3,0,H,1,0,H,13,17,8,7,4,6,10,7,0,2,0,0
2005/06,2006-02-14,Liverpool FC,Arsenal FC,1,0,H,0,0,D,22,6,9,2,13,1,12,15,0,1,0,0
2005/06,2006-02-15,Blackburn Rovers FC,Sunderland AFC,2,0,H,1,0,H,12,5,6,1,6,2,16,19,1,2,0,0
2005/06,2006-02-19,Tottenham Hotspur FC,Wigan Athletic FC,2,2,D,1,1,D,10,8,4,5,4,3,12,14,1,1,0,0
2005/06,2006-02-22,Newcastle United FC,Charlton Athletic FC,0,0,D,0,0,D,13,7,8,4,5,6,13,13,1,2,0,0
2005/06,2006-02-25,Birmingham City FC,Sunderland AFC,1,0,H,1,0,H,14,8,7,4,6,2,13,14,0,3,0,0
2005/06,2006-02-25,Blackburn Rovers FC,Arsenal FC,1,0,H,1,0,H,6,10,2,3,3,5,23,10,3,2,0,0
2005/06,2006-02-25,Charlton Athletic FC,Aston Villa FC,0,0,D,0,0,D,13,11,6,7,1,8,9,9,0,1,0,0
2005/06,2006-02-25,Chelsea FC,Portsmouth FC,2,0,H,0,0,D,17,5,8,1,6,7,7,13,0,1,0,0
2005/06,2006-02-25,Newcastle United FC,Everton FC,2,0,H,0,0,D,18,12,10,6,6,4,26,15,1,1,0,0
2005/06,2006-02-26,Bolton Wanderers FC,Fulham FC,2,1,H,1,1,D,13,10,5,6,8,5,13,13,1,1,0,0
2005/06,2006-02-26,Liverpool FC,Manchester City FC,1,0,H,1,0,H,20,6,12,3,12,2,4,16,0,2,0,1
2005/06,2006-02-26,West Bromwich Albion FC,Middlesbrough FC,0,2,A,0,2,A,17,5,9,4,6,3,7,14,0,2,1,0
2005/06,2006-03-04,Aston Villa FC,Portsmouth FC,1,0,H,1,0,H,17,11,8,6,16,10,15,14,1,1,0,0
2005/06,2006-03-04,Fulham FC,Arsenal FC,0,4,A,0,2,A,7,18,4,11,0,7,11,15,0,1,0,0
2005/06,2006-03-04,Liverpool FC,Charlton Athletic FC,0,0,D,0,0,D,21,3,10,1,12,5,5,14,1,1,0,0
2005/06,2006-03-04,Middlesbrough FC,Birmingham City FC,1,0,H,1,0,H,12,14,6,5,3,4,12,12,0,0,0,0
2005/06,2006-03-04,Newcastle United FC,Bolton Wanderers FC,3,1,H,2,0,H,9,11,5,3,11,5,18,13,2,1,0,0
2005/06,2006-03-04,West Bromwich Albion FC,Chelsea FC,1,2,A,0,0,D,6,7,2,5,6,4,12,10,1,0,0,1
2005/06,2006-03-04,West Ham United FC,Everton FC,2,2,D,2,1,H,7,13,3,5,1,9,12,10,3,3,0,0
2005/06,2006-03-05,Manchester City FC,Sunderland AFC,2,1,H,2,1,H,15,6,7,3,6,3,11,16,1,3,0,1
2005/06,2006-03-05,Tottenham Hotspur FC,Blackburn Rovers FC,3,2,H,2,1,H,10,6,5,4,6,9,14,12,2,3,0,0
2005/06,2006-03-06,Wigan Athletic FC,Manchester United FC,1,2,A,0,0,D,18,9,7,2,6,2,22,13,5,3,0,0
2005/06,2006-03-11,Birmingham City FC,West Bromwich Albion FC,1,1,D,0,0,D,6,10,1,4,6,11,12,22,2,3,0,0
2005/06,2006-03-11,Blackburn Rovers FC,Aston Villa FC,2,0,H,0,0,D,12,12,5,5,3,6,10,16,0,1,0,0
2005/06,2006-03-11,Bolton Wanderers FC,West Ham United FC,4,1,H,3,0,H,19,9,10,5,7,6,12,18,1,5,0,0
2005/06,2006-03-11,Chelsea FC,Tottenham Hotspur FC,2,1,H,1,1,D,13,4,10,3,4,4,11,16,2,0,0,0
2005/06,2006-03-11,Everton FC,Fulham FC,3,1,H,2,0,H,15,8,7,3,8,4,15,12,2,2,0,0
2005/06,2006-03-11,Portsmouth FC,Manchester City FC,2,1,H,0,0,D,12,9,5,4,8,1,11,7,0,0,0,0
2005/06,2006-03-11,Sunderland AFC,Wigan Athletic FC,0,1,A,0,1,A,13,5,9,2,5,2,14,13,1,0,0,0
2005/06,2006-03-12,Arsenal FC,Liverpool FC,2,1,H,1,0,H,11,8,4,3,5,0,8,18,0,2,0,1
2005/06,2006-03-12,Charlton Athletic FC,Middlesbrough FC,2,1,H,0,0,D,5,9,3,7,0,4,16,20,2,1,0,0
2005/06,2006-03-12,Manchester United FC,Newcastle United FC,2,0,H,2,0,H,28,5,12,2,5,7,6,11,0,1,0,0
2005/06,2006-03-15,Liverpool FC,Fulham FC,5,1,H,2,1,H,19,8,10,4,8,2,8,12,0,3,0,0
2005/06,2006-03-18,Arsenal FC,Charlton Athletic FC,3,0,H,2,0,H,16,2,9,1,8,1,6,10,0,1,0,0
2005/06,2006-03-18,Birmingham City FC,Tottenham Hotspur FC,0,2,A,0,0,D,6,9,4,6,10,4,11,9,2,0,0,0
2005/06,2006-03-18,Blackburn Rovers FC,Middlesbrough FC,3,2,H,2,1,H,5,7,3,5,6,4,11,11,3,3,1,0
2005/06,2006-03-18,Bolton Wanderers FC,Sunderland AFC,2,0,H,0,0,D,16,6,7,3,7,6,9,18,1,4,0,0
2005/06,2006-03-18,Everton FC,Aston Villa FC,4,1,H,3,0,H,12,9,7,7,4,9,6,11,1,3,0,0
2005/06,2006-03-18,Manchester City FC,Wigan Athletic FC,0,1,A,0,0,D,7,10,1,4,6,7,12,14,2,0,0,0
2005/06,2006-03-18,West Bromwich Albion FC,Manchester United FC,1,2,A,0,1,A,8,20,3,9,6,8,12,12,1,3,0,0
2005/06,2006-03-18,West Ham United FC,Portsmouth FC,2,4,A,0,3,A,13,12,6,8,5,4,13,12,1,1,0,0
2005/06,2006-03-19,Fulham FC,Chelsea FC,1,0,H,1,0,H,7,10,4,4,0,16,12,13,1,4,0,1
2005/06,2006-03-19,Newcastle United FC,Liverpool FC,1,3,A,1,2,A,8,12,4,6,2,1,21,18,2,3,1,0
2005/06,2006-03-25,Aston Villa FC,Fulham FC,0,0,D,0,0,D,10,9,6,3,8,4,11,8,0,0,0,0
2005/06,2006-03-25,Chelsea FC,Manchester City FC,2,0,H,2,0,H,19,5,10,4,11,1,5,10,1,3,0,1
2005/06,2006-03-25,Liverpool FC,Everton FC,3,1,H,1,0,H,17,8,10,5,5,3,12,25,3,7,1,1
2005/06,2006-03-25,Sunderland AFC,Blackburn Rovers FC,0,1,A,0,1,A,10,7,6,4,4,4,12,17,4,1,0,0
2005/06,2006-03-25,Wigan Athletic FC,West Ham United FC,1,2,A,1,0,H,12,5,8,3,4,1,10,20,3,0,0,0
2005/06,2006-03-26,Charlton Athletic FC,Newcastle United FC,3,1,H,2,1,H,11,15,5,8,5,5,12,13,1,1,0,0
2005/06,2006-03-26,Manchester United FC,Birmingham City FC,3,0,H,2,0,H,8,7,5,5,2,9,14,11,0,3,0,0
2005/06,2006-03-26,Middlesbrough FC,Bolton Wanderers FC,4,3,H,2,1,H,15,11,10,6,1,6,11,12,2,2,0,0
2005/06,2006-03-27,Tottenham Hotspur FC,West Bromwich Albion FC,2,1,H,0,1,A,11,13,8,8,6,5,10,14,0,2,0,0
2005/06,2006-03-29,Manchester United FC,West Ham United FC,1,0,H,1,0,H,23,9,13,3,3,6,10,12,0,0,0,0
2005/06,2006-04-01,Arsenal FC,Aston Villa FC,5,0,H,2,0,H,20,9,16,4,8,8,9,11,0,1,0,0
2005/06,2006-04-01,Birmingham City FC,Chelsea FC,0,0,D,0,0,D,4,13,1,4,2,8,11,6,0,0,0,0
2005/06,2006-04-01,Bolton Wanderers FC,Manchester United FC,1,2,A,1,1,D,7,14,2,10,3,5,17,11,1,2,0,0
2005/06,2006-04-01,Everton FC,Sunderland AFC,2,2,D,2,1,H,16,16,8,8,4,4,8,10,0,0,0,0
2005/06,2006-04-01,Fulham FC,Portsmouth FC,1,3,A,1,2,A,10,10,4,7,7,8,9,16,2,2,1,0
2005/06,2006-04-01,Newcastle United FC,Tottenham Hotspur FC,3,1,H,3,1,H,14,10,11,5,5,3,11,12,2,3,0,1
2005/06,2006-04-01,West Bromwich Albion FC,Liverpool FC,0,2,A,0,2,A,8,13,4,4,1,4,11,8,0,0,0,0
2005/06,2006-04-02,Manchester City FC,Middlesbrough FC,0,1,A,0,1,A,9,16,2,9,2,9,15,17,0,1,0,0
2005/06,2006-04-02,West Ham United FC,Charlton Athletic FC,0,0,D,0,0,D,16,8,7,2,12,8,9,6,0,1,0,0
2005/06,2006-04-03,Blackburn Rovers FC,Wigan Athletic FC,1,1,D,0,0,D,11,12,5,4,12,3,13,19,0,2,0,0
2005/06,2006-04-04,Birmingham City FC,Bolton Wanderers FC,1,0,H,1,0,H,7,8,2,1,5,2,12,7,1,0,0,0
2005/06,2006-04-08,Charlton Athletic FC,Everton FC,0,0,D,0,0,D,9,7,4,3,6,4,16,16,0,2,0,0
2005/06,2006-04-08,Portsmouth FC,Blackburn Rovers FC,2,2,D,1,1,D,22,4,12,3,7,3,12,10,1,3,0,0
2005/06,2006-04-08,Tottenham Hotspur FC,Manchester City FC,2,1,H,1,0,H,23,14,19,6,8,5,4,16,0,3,0,0
2005/06,2006-04-08,Wigan Athletic FC,Birmingham City FC,1,1,D,0,0,D,13,11,6,5,13,7,16,9,0,2,0,0
2005/06,2006-04-09,Aston Villa FC,West Bromwich Albion FC,0,0,D,0,0,D,6,7,3,4,6,10,15,10,1,2,0,0
2005/06,2006-04-09,Chelsea FC,West Ham United FC,4,1,H,2,1,H,14,6,5,4,5,5,7,14,0,2,1,0
2005/06,2006-04-09,Liverpool FC,Bolton Wanderers FC,1,0,H,1,0,H,17,7,7,4,3,2,6,6,1,1,0,0
2005/06,2006-04-09,Manchester United FC,Arsenal FC,2,0,H,0,0,D,14,10,8,3,5,3,16,16,3,1,0,0
2005/06,2006-04-09,Middlesbrough FC,Newcastle United FC,1,2,A,0,2,A,13,14,8,5,6,5,14,21,2,4,0,0
2005/06,2006-04-12,Portsmouth FC,Arsenal FC,1,1,D,0,1,A,10,9,4,3,3,10,9,9,1,1,0,0
2005/06,2006-04-14,Manchester United FC,Sunderland AFC,0,0,D,0,0,D,24,12,11,3,16,2,6,13,0,1,0,0
2005/06,2006-04-15,Arsenal FC,West Bromwich Albion FC,3,1,H,1,0,H,16,8,10,1,5,1,8,6,2,1,0,0
2005/06,2006-04-15,Bolton Wanderers FC,Chelsea FC,0,2,A,0,1,A,7,5,4,3,4,1,19,15,3,3,1,0
2005/06,2006-04-15,Everton FC,Tottenham Hotspur FC,0,1,A,0,1,A,8,10,4,6,7,9,16,9,2,1,0,0
2005/06,2006-04-15,Fulham FC,Charlton Athletic FC,2,1,H,2,1,H,6,10,4,7,2,12,12,16,0,0,0,0
2005/06,2006-04-15,Newcastle United FC,Wigan Athletic FC,3,1,H,2,1,H,11,13,8,5,7,1,13,16,2,3,0,0
2005/06,2006-04-15,Portsmouth FC,Middlesbrough FC,1,0,H,0,0,D,16,12,11,8,7,5,12,10,0,0,0,0
2005/06,2006-04-15,West Ham United FC,Manchester City FC,1,0,H,1,0,H,8,6,6,2,9,3,18,11,0,2,0,0
2005/06,2006-04-16,Aston Villa FC,Birmingham City FC,3,1,H,1,1,D,9,12,7,8,5,5,22,12,4,3,0,0
2005/06,2006-04-16,Blackburn Rovers FC,Liverpool FC,0,1,A,0,1,A,6,7,3,2,6,4,12,11,3,2,0,0
2005/06,2006-04-17,Charlton Athletic FC,Portsmouth FC,2,1,H,0,1,A,16,11,9,5,6,9,10,17,1,1,0,0
2005/06,2006-04-17,Chelsea FC,Everton FC,3,0,H,1,0,H,15,4,8,2,6,3,6,6,0,0,0,1
2005/06,2006-04-17,Middlesbrough FC,West Ham United FC,2,0,H,1,0,H,12,14,8,6,4,7,6,12,0,1,0,0
2005/06,2006-04-17,Sunderland AFC,Newcastle United FC,1,4,A,1,0,H,12,9,6,4,13,1,16,21,1,2,0,0
2005/06,2006-04-17,Tottenham Hotspur FC,Manchester United FC,1,2,A,0,2,A,15,11,8,5,9,5,7,15,1,1,0,0
2005/06,2006-04-17,West Bromwich Albion FC,Bolton Wanderers FC,0,0,D,0,0,D,9,8,1,3,3,6,13,16,0,0,0,0
2005/06,2006-04-18,Wigan Athletic FC,Aston Villa FC,3,2,H,1,0,H,18,9,11,4,8,7,10,13,2,2,0,0
2005/06,2006-04-19,Birmingham City FC,Blackburn Rovers FC,2,1,H,0,0,D,12,12,6,6,9,11,15,12,5,0,0,0
2005/06,2006-04-22,Arsenal FC,Tottenham Hotspur FC,1,1,D,0,0,D,9,9,6,6,5,4,9,9,1,1,0,1
2005/06,2006-04-22,Bolton Wanderers FC,Charlton Athletic FC,4,1,H,3,0,H,13,5,11,3,9,1,14,12,0,0,0,0
2005/06,2006-04-22,Everton FC,Birmingham City FC,0,0,D,0,0,D,17,6,9,2,11,2,15,18,0,4,0,0
2005/06,2006-04-22,Newcastle United FC,West Bromwich Albion FC,3,0,H,2,0,H,14,5,9,1,4,2,16,11,0,1,0,0
2005/06,2006-04-22,Portsmouth FC,Sunderland AFC,2,1,H,0,0,D,23,7,15,6,8,5,9,15,2,3,0,0
2005/06,2006-04-24,Fulham FC,Wigan Athletic FC,1,0,H,1,0,H,12,21,6,10,4,8,11,9,4,2,0,0
2005/06,2006-04-25,Aston Villa FC,Manchester City FC,0,1,A,0,0,D,10,15,5,6,4,9,12,9,1,1,0,0
2005/06,2006-04-26,West Ham United FC,Liverpool FC,1,2,A,0,1,A,11,13,7,7,6,3,11,7,0,0,1,1
2005/06,2006-04-29,Birmingham City FC,Newcastle United FC,0,0,D,0,0,D,15,4,5,0,6,3,9,10,2,2,0,0
2005/06,2006-04-29,Charlton Athletic FC,Blackburn Rovers FC,0,2,A,0,1,A,7,10,3,4,4,4,10,6,3,4,0,0
2005/06,2006-04-29,Chelsea FC,Manchester United FC,3,0,H,1,0,H,11,7,5,2,2,3,17,12,4,2,0,0
2005/06,2006-04-29,Liverpool FC,Aston Villa FC,3,1,H,1,0,H,15,7,9,3,6,5,7,11,0,0,0,0
2005/06,2006-04-29,Manchester City FC,Fulham FC,1,2,A,0,0,D,19,12,10,7,9,6,11,11,1,2,0,0
2005/06,2006-04-29,Middlesbrough FC,Everton FC,0,1,A,0,0,D,11,8,3,4,4,6,13,17,2,2,0,0
2005/06,2006-04-29,Wigan Athletic FC,Portsmouth FC,1,2,A,1,0,H,13,16,7,8,3,9,11,8,3,1,1,0
2005/06,2006-04-30,Tottenham Hotspur FC,Bolton Wanderers FC,1,0,H,0,0,D,9,14,4,6,6,8,11,12,1,5,0,0
2005/06,2006-05-01,Manchester United FC,Middlesbrough FC,0,0,D,0,0,D,17,10,6,6,10,2,11,10,2,2,0,0
2005/06,2006-05-01,Sunderland AFC,Arsenal FC,0,3,A,0,3,A,7,7,2,4,5,3,17,8,3,0,0,0
2005/06,2006-05-01,West Bromwich Albion FC,West Ham United FC,0,1,A,0,1,A,16,10,4,5,9,6,8,15,0,0,0,0
2005/06,2006-05-02,Blackburn Rovers FC,Chelsea FC,1,0,H,1,0,H,6,7,1,2,5,8,18,6,2,2,0,0
2005/06,2006-05-03,Bolton Wanderers FC,Middlesbrough FC,1,1,D,0,0,D,17,5,9,3,6,1,9,10,1,1,0,0
2005/06,2006-05-04,Manchester City FC,Arsenal FC,1,3,A,1,1,D,10,17,8,12,12,6,21,8,3,0,0,0
2005/06,2006-05-04,Sunderland AFC,Fulham FC,2,1,H,1,0,H,3,10,3,2,10,3,18,6,4,4,0,0
2005/06,2006-05-07,Arsenal FC,Wigan Athletic FC,4,2,H,2,2,D,13,8,7,3,5,1,12,16,1,1,0,1
2005/06,2006-05-07,Aston Villa FC,Sunderland AFC,2,1,H,1,0,H,16,14,9,7,7,7,11,10,4,2,0,0
2005/06,2006-05-07,Blackburn Rovers FC,Manchester City FC,2,0,H,1,0,H,6,11,2,4,4,4,20,9,2,4,1,0
2005/06,2006-05-07,Bolton Wanderers FC,Birmingham City FC,1,0,H,0,0,D,16,5,6,2,5,2,7,14,0,1,0,0
2005/06,2006-05-07,Everton FC,West Bromwich Albion FC,2,2,D,0,1,A,22,6,18,5,14,2,16,18,1,2,0,0
2005/06,2006-05-07,Fulham FC,Middlesbrough FC,1,0,H,0,0,D,8,6,3,3,8,4,8,12,0,1,0,0
2005/06,2006-05-07,Manchester United FC,Charlton Athletic FC,4,0,H,3,0,H,20,8,11,3,8,2,9,6,1,0,0,0
2005/06,2006-05-07,Newcastle United FC,Chelsea FC,1,0,H,0,0,D,16,10,8,5,3,7,17,14,4,2,1,0
2005/06,2006-05-07,Portsmouth FC,Liverpool FC,1,3,A,0,0,D,6,8,4,4,5,6,5,11,1,0,0,0
2005/06,2006-05-07,West Ham United FC,Tottenham Hotspur FC,2,1,H,1,1,D,12,14,7,6,11,4,17,7,1,0,0,0
2006/07,2006-08-19,Arsenal FC,Aston Villa FC,1,1,D,0,0,D,19,5,11,3,18,1,10,19,1,2,0,0
2006/07,2006-08-19,Bolton Wanderers FC,Tottenham Hotspur FC,2,0,H,2,0,H,8,9,6,6,6,3,19,22,0,1,0,0
2006/07,2006-08-19,Everton FC,Watford FC,2,1,H,1,0,H,6,12,2,8,0,6,12,13,2,2,0,0
2006/07,2006-08-19,Newcastle United FC,Wigan Athletic FC,2,1,H,1,0,H,9,14,8,9,4,11,17,20,1,2,0,0
2006/07,2006-08-19,Portsmouth FC,Blackburn Rovers FC,3,0,H,1,0,H,21,9,16,7,6,2,20,17,2,1,0,2
2006/07,2006-08-19,Reading FC,Middlesbrough FC,3,2,H,2,2,D,14,7,9,5,8,2,8,15,1,3,0,0
2006/07,2006-08-19,Sheffield United FC,Liverpool FC,1,1,D,0,0,D,5,12,3,7,0,12,10,16,1,2,0,0
2006/07,2006-08-19,West Ham United FC,Charlton Athletic FC,3,1,H,0,1,A,16,4,5,2,6,0,14,14,2,2,0,1
2006/07,2006-08-20,Chelsea FC,Manchester City FC,3,0,H,2,0,H,10,5,4,2,5,2,7,15,1,3,0,1
2006/07,2006-08-20,Manchester United FC,Fulham FC,5,1,H,4,1,H,15,12,7,8,5,2,14,20,1,1,0,0
2006/07,2006-08-22,Tottenham Hotspur FC,Sheffield United FC,2,0,H,2,0,H,18,6,13,3,6,4,5,9,0,1,0,0
2006/07,2006-08-22,Watford FC,West Ham United FC,1,1,D,0,0,D,11,8,4,4,5,1,12,12,0,0,0,0
2006/07,2006-08-23,Aston Villa FC,Reading FC,2,1,H,1,1,D,11,5,6,3,2,7,9,6,2,1,0,1
2006/07,2006-08-23,Blackburn Rovers FC,Everton FC,1,1,D,0,0,D,10,10,5,4,5,3,22,20,4,3,0,0
2006/07,2006-08-23,Charlton Athletic FC,Manchester United FC,0,3,A,0,0,D,8,21,2,11,4,11,14,11,1,1,0,0
2006/07,2006-08-23,Fulham FC,Bolton Wanderers FC,1,1,D,0,0,D,11,4,4,1,1,6,9,16,0,2,0,0
2006/07,2006-08-23,Manchester City FC,Portsmouth FC,0,0,D,0,0,D,6,3,3,1,8,0,15,13,2,1,0,0
2006/07,2006-08-23,Middlesbrough FC,Chelsea FC,2,1,H,0,1,A,9,8,2,5,3,3,15,7,2,2,0,0
2006/07,2006-08-26,Charlton Athletic FC,Bolton Wanderers FC,2,0,H,0,0,D,9,7,5,2,6,5,11,17,1,4,1,1
2006/07,2006-08-26,Fulham FC,Sheffield United FC,1,0,H,1,0,H,10,9,5,1,9,5,17,17,3,3,0,0
2006/07,2006-08-26,Liverpool FC,West Ham United FC,2,1,H,2,1,H,19,8,8,3,6,1,15,6,1,0,0,0
2006/07,2006-08-26,Manchester City FC,Arsenal FC,1,0,H,1,0,H,10,17,3,6,2,8,16,8,1,1,0,0
2006/07,2006-08-26,Tottenham Hotspur FC,Everton FC,0,2,A,0,0,D,15,6,6,2,7,2,9,12,1,1,0,1
2006/07,2006-08-26,Watford FC,Manchester United FC,1,2,A,1,1,D,8,19,7,10,4,7,20,14,1,1,0,0
2006/07,2006-08-26,Wigan Athletic FC,Reading FC,1,0,H,1,0,H,15,5,5,3,4,10,12,14,2,2,0,0
2006/07,2006-08-27,Aston Villa FC,Newcastle United FC,2,0,H,2,0,H,9,8,7,5,2,3,14,12,2,2,0,0
2006/07,2006-08-27,Blackburn Rovers FC,Chelsea FC,0,2,A,0,0,D,12,14,3,8,7,3,10,15,3,1,0,0
2006/07,2006-08-28,Middlesbrough FC,Portsmouth FC,0,4,A,0,1,A,19,10,8,7,8,6,15,9,2,1,0,0
2006/07,2006-09-09,Arsenal FC,Middlesbrough FC,1,1,D,0,1,A,20,1,12,1,15,0,5,17,1,6,0,1
2006/07,2006-09-09,Bolton Wanderers FC,Watford FC,1,0,H,0,0,D,7,15,2,6,6,6,13,15,3,1,0,0
2006/07,2006-09-09,Chelsea FC,Charlton Athletic FC,2,1,H,1,0,H,19,3,6,2,6,3,12,7,2,1,0,0
2006/07,2006-09-09,Everton FC,Liverpool FC,3,0,H,2,0,H,8,21,6,5,2,11,22,13,1,3,0,0
2006/07,2006-09-09,Manchester United FC,Tottenham Hotspur FC,1,0,H,1,0,H,10,9,5,4,5,4,12,17,2,2,0,0
2006/07,2006-09-09,Newcastle United FC,Fulham FC,1,2,A,0,0,D,15,8,7,5,4,7,16,12,1,1,0,0
2006/07,2006-09-09,Portsmouth FC,Wigan Athletic FC,1,0,H,0,0,D,9,11,7,5,6,9,14,5,0,1,0,0
2006/07,2006-09-09,Sheffield United FC,Blackburn Rovers FC,0,0,D,0,0,D,14,12,9,1,7,6,12,11,2,2,0,0
2006/07,2006-09-10,West Ham United FC,Aston Villa FC,1,1,D,0,1,A,7,10,1,6,3,5,15,9,2,2,0,0
2006/07,2006-09-11,Reading FC,Manchester City FC,1,0,H,1,0,H,12,15,7,8,6,4,6,16,0,4,0,1
2006/07,2006-09-16,Bolton Wanderers FC,Middlesbrough FC,0,0,D,0,0,D,13,14,3,7,9,4,7,19,0,1,0,0
2006/07,2006-09-16,Charlton Athletic FC,Portsmouth FC,0,1,A,0,0,D,18,12,5,5,9,4,6,10,0,2,0,0
2006/07,2006-09-16,Everton FC,Wigan Athletic FC,2,2,D,0,0,D,14,10,9,7,4,2,14,23,1,5,0,0
2006/07,2006-09-16,Sheffield United FC,Reading FC,1,2,A,0,2,A,14,8,7,2,8,7,12,6,2,1,0,0
2006/07,2006-09-16,Watford FC,Aston Villa FC,0,0,D,0,0,D,12,9,5,4,7,1,12,10,1,0,0,0
2006/07,2006-09-17,Blackburn Rovers FC,Manchester City FC,4,2,H,2,2,D,11,15,5,8,4,3,11,11,2,3,0,0
2006/07,2006-09-17,Chelsea FC,Liverpool FC,1,0,H,1,0,H,4,9,3,6,1,3,13,17,3,2,1,0
2006/07,2006-09-17,Manchester United FC,Arsenal FC,0,1,A,0,0,D,17,14,9,7,10,5,11,11,2,2,0,0
2006/07,2006-09-17,Tottenham Hotspur FC,Fulham FC,0,0,D,0,0,D,18,8,8,3,12,2,11,20,2,2,0,0
2006/07,2006-09-17,West Ham United FC,Newcastle United FC,0,2,A,0,0,D,10,16,7,9,5,6,11,11,3,3,0,0
2006/07,2006-09-20,Liverpool FC,Newcastle United FC,2,0,H,1,0,H,22,11,11,6,8,6,12,13,1,1,0,0
2006/07,2006-09-23,Arsenal FC,Sheffield United FC,3,0,H,0,0,D,14,5,11,4,7,2,11,8,2,1,0,0
2006/07,2006-09-23,Aston Villa FC,Charlton Athletic FC,2,0,H,1,0,H,12,8,5,3,4,4,10,14,0,1,0,0
2006/07,2006-09-23,Fulham FC,Chelsea FC,0,2,A,0,0,D,7,13,4,5,5,7,19,9,2,1,0,0
2006/07,2006-09-23,Liverpool FC,Tottenham Hotspur FC,3,0,H,0,0,D,14,5,6,1,6,0,12,9,1,0,0,0
2006/07,2006-09-23,Manchester City FC,West Ham United FC,2,0,H,0,0,D,17,4,8,0,4,6,12,15,0,0,0,0
2006/07,2006-09-23,Middlesbrough FC,Blackburn Rovers FC,0,1,A,0,1,A,13,13,7,7,6,7,14,17,1,3,0,0
2006/07,2006-09-23,Reading FC,Manchester United FC,1,1,D,0,0,D,3,18,1,8,2,6,6,10,0,0,0,0
2006/07,2006-09-23,Wigan Athletic FC,Watford FC,1,1,D,1,0,H,8,10,4,4,4,3,15,15,2,2,0,0
2006/07,2006-09-24,Newcastle United FC,Everton FC,1,1,D,1,1,D,21,12,13,5,9,6,12,18,2,4,1,1
2006/07,2006-09-25,Portsmouth FC,Bolton Wanderers FC,0,1,A,0,1,A,13,4,5,3,11,2,8,13,2,2,0,0
2006/07,2006-09-30,Bolton Wanderers FC,Liverpool FC,2,0,H,1,0,H,4,13,3,6,1,10,15,12,2,1,0,0
2006/07,2006-09-30,Charlton Athletic FC,Arsenal FC,1,2,A,1,1,D,10,21,6,12,4,7,19,8,4,4,0,0
2006/07,2006-09-30,Chelsea FC,Aston Villa FC,1,1,D,1,1,D,18,9,10,5,7,5,13,14,0,2,0,0
2006/07,2006-09-30,Everton FC,Manchester City FC,1,1,D,1,0,H,14,11,10,5,8,4,14,17,2,2,0,0
2006/07,2006-09-30,Sheffield United FC,Middlesbrough FC,2,1,H,1,0,H,13,7,7,2,10,4,8,12,1,3,0,0
2006/07,2006-10-01,Blackburn Rovers FC,Wigan Athletic FC,2,1,H,1,1,D,12,11,8,6,5,4,16,17,3,4,0,0
2006/07,2006-10-01,Manchester United FC,Newcastle United FC,2,0,H,1,0,H,24,3,11,3,8,3,5,13,1,3,0,0
2006/07,2006-10-01,Tottenham Hotspur FC,Portsmouth FC,2,1,H,2,1,H,8,9,6,6,6,10,8,10,0,0,0,0
2006/07,2006-10-01,West Ham United FC,Reading FC,0,1,A,0,1,A,13,2,8,1,10,5,8,7,4,2,0,0
2006/07,2006-10-02,Watford FC,Fulham FC,3,3,D,1,0,H,9,9,4,3,3,2,24,12,1,3,0,0
2006/07,2006-10-14,Arsenal FC,Watford FC,3,0,H,2,0,H,15,9,7,3,8,4,6,14,0,1,0,0
2006/07,2006-10-14,Aston Villa FC,Tottenham Hotspur FC,1,1,D,0,0,D,12,10,6,5,2,2,13,11,0,1,0,1
2006/07,2006-10-14,Liverpool FC,Blackburn Rovers FC,1,1,D,0,1,A,18,5,9,3,8,1,6,15,1,3,0,0
2006/07,2006-10-14,Manchester City FC,Sheffield United FC,0,0,D,0,0,D,14,7,6,3,3,4,14,12,0,1,0,0
2006/07,2006-10-14,Middlesbrough FC,Everton FC,2,1,H,1,0,H,9,12,6,8,10,13,12,9,1,0,0,0
2006/07,2006-10-14,Portsmouth FC,West Ham United FC,2,0,H,1,0,H,18,6,6,3,4,4,20,11,4,4,0,0
2006/07,2006-10-14,Reading FC,Chelsea FC,0,1,A,0,1,A,5,7,0,4,8,5,16,7,3,2,1,1
2006/07,2006-10-14,Wigan Athletic FC,Manchester United FC,1,3,A,1,0,H,6,12,2,5,2,5,7,8,0,2,0,0
2006/07,2006-10-15,Newcastle United FC,Bolton Wanderers FC,1,2,A,1,0,H,10,7,3,5,3,3,21,15,3,3,0,0
2006/07,2006-10-16,Fulham FC,Charlton Athletic FC,2,1,H,0,0,D,11,10,6,3,3,6,9,12,1,3,0,0
2006/07,2006-10-21,Aston Villa FC,Fulham FC,1,1,D,1,1,D,3,5,1,2,4,1,12,13,0,2,0,0
2006/07,2006-10-21,Charlton Athletic FC,Watford FC,0,0,D,0,0,D,16,8,8,3,9,9,13,17,2,0,0,0
2006/07,2006-10-21,Chelsea FC,Portsmouth FC,2,1,H,0,0,D,26,10,18,1,9,5,6,12,3,2,0,0
2006/07,2006-10-21,Everton FC,Sheffield United FC,2,0,H,2,0,H,13,10,5,4,4,3,13,11,0,1,0,1
2006/07,2006-10-21,Wigan Athletic FC,Manchester City FC,4,0,H,2,0,H,12,9,5,4,3,5,14,13,1,1,0,0
2006/07,2006-10-22,Blackburn Rovers FC,Bolton Wanderers FC,0,1,A,0,0,D,24,8,11,7,7,8,12,16,2,2,0,1
2006/07,2006-10-22,Manchester United FC,Liverpool FC,2,0,H,1,0,H,10,13,8,5,5,5,14,21,1,3,0,0
2006/07,2006-10-22,Middlesbrough FC,Newcastle United FC,1,0,H,0,0,D,19,13,8,4,8,4,17,13,2,0,0,0
2006/07,2006-10-22,Reading FC,Arsenal FC,0,4,A,0,2,A,3,16,1,9,10,2,6,6,0,0,0,0
2006/07,2006-10-22,Tottenham Hotspur FC,West Ham United FC,1,0,H,1,0,H,13,5,5,2,9,9,14,15,3,4,0,0
2006/07,2006-10-28,Arsenal FC,Everton FC,1,1,D,0,1,A,26,2,12,2,16,3,6,21,2,3,0,0
2006/07,2006-10-28,Bolton Wanderers FC,Manchester United FC,0,4,A,0,2,A,8,15,3,10,7,2,18,11,2,2,0,0
2006/07,2006-10-28,Fulham FC,Wigan Athletic FC,0,1,A,0,0,D,4,15,1,7,5,4,11,12,1,2,0,0
2006/07,2006-10-28,Liverpool FC,Aston Villa FC,3,1,H,3,0,H,19,7,6,5,8,4,11,17,0,1,0,0
2006/07,2006-10-28,Newcastle United FC,Charlton Athletic FC,0,0,D,0,0,D,20,8,10,4,10,3,12,9,1,1,0,0
2006/07,2006-10-28,Portsmouth FC,Reading FC,3,1,H,1,0,H,18,8,12,4,5,13,18,6,0,0,0,0
2006/07,2006-10-28,Sheffield United FC,Chelsea FC,0,2,A,0,1,A,6,10,2,7,8,7,15,12,2,0,0,0
2006/07,2006-10-28,Watford FC,Tottenham Hotspur FC,0,0,D,0,0,D,9,11,2,8,7,7,14,14,3,1,0,0
2006/07,2006-10-29,West Ham United FC,Blackburn Rovers FC,2,1,H,1,0,H,9,13,5,7,5,8,16,10,1,1,0,0
2006/07,2006-10-30,Manchester City FC,Middlesbrough FC,1,0,H,1,0,H,14,4,5,0,9,1,16,22,2,4,0,0
2006/07,2006-11-04,Bolton Wanderers FC,Wigan Athletic FC,0,1,A,0,0,D,13,9,5,3,5,3,15,14,1,2,0,0
2006/07,2006-11-04,Charlton Athletic FC,Manchester City FC,1,0,H,1,0,H,18,15,11,9,5,12,10,9,1,2,0,0
2006/07,2006-11-04,Fulham FC,Everton FC,1,0,H,0,0,D,5,5,3,3,4,10,8,17,0,1,0,0
2006/07,2006-11-04,Liverpool FC,Reading FC,2,0,H,1,0,H,21,5,10,2,9,6,8,14,0,2,0,0
2006/07,2006-11-04,Manchester United FC,Portsmouth FC,3,0,H,2,0,H,18,8,11,5,9,5,6,9,0,1,0,0
2006/07,2006-11-04,Newcastle United FC,Sheffield United FC,0,1,A,0,0,D,11,12,3,6,7,0,16,12,3,2,0,0
2006/07,2006-11-04,Watford FC,Middlesbrough FC,2,0,H,1,0,H,14,5,6,2,10,4,15,15,1,1,0,0
2006/07,2006-11-05,Aston Villa FC,Blackburn Rovers FC,2,0,H,1,0,H,8,5,5,3,4,3,15,13,1,3,0,0
2006/07,2006-11-05,Tottenham Hotspur FC,Chelsea FC,2,1,H,1,1,D,8,17,3,10,7,10,15,15,3,5,0,1
2006/07,2006-11-05,West Ham United FC,Arsenal FC,1,0,H,0,0,D,11,11,5,5,8,3,11,8,3,2,0,0
2006/07,2006-11-11,Blackburn Rovers FC,Manchester United FC,0,1,A,0,0,D,9,14,4,7,6,4,17,8,4,3,0,0
2006/07,2006-11-11,Chelsea FC,Watford FC,4,0,H,2,0,H,14,2,8,1,9,4,13,14,1,1,0,0
2006/07,2006-11-11,Everton FC,Aston Villa FC,0,1,A,0,1,A,10,17,4,9,6,2,16,19,2,3,0,0
2006/07,2006-11-11,Manchester City FC,Newcastle United FC,0,0,D,0,0,D,15,8,8,3,6,5,18,11,1,3,0,0
2006/07,2006-11-11,Middlesbrough FC,West Ham United FC,1,0,H,0,0,D,11,11,8,7,7,1,7,10,1,3,0,0
2006/07,2006-11-11,Portsmouth FC,Fulham FC,1,1,D,0,0,D,23,7,12,4,19,5,11,7,0,3,0,0
2006/07,2006-11-11,Sheffield United FC,Bolton Wanderers FC,2,2,D,0,1,A,8,6,4,4,4,5,5,6,1,1,0,0
2006/07,2006-11-11,Wigan Athletic FC,Charlton Athletic FC,3,2,H,2,0,H,8,7,5,4,2,3,18,11,2,0,0,0
2006/07,2006-11-12,Arsenal FC,Liverpool FC,3,0,H,1,0,H,7,10,7,4,2,6,7,12,2,3,0,0
2006/07,2006-11-12,Reading FC,Tottenham Hotspur FC,3,1,H,2,1,H,8,9,4,3,7,2,14,7,1,1,0,0
2006/07,2006-11-18,Arsenal FC,Newcastle United FC,1,1,D,0,1,A,23,2,10,1,11,1,10,9,2,5,0,0
2006/07,2006-11-18,Chelsea FC,West Ham United FC,1,0,H,1,0,H,19,7,9,1,5,6,10,8,1,4,0,0
2006/07,2006-11-18,Everton FC,Bolton Wanderers FC,1,0,H,0,0,D,9,13,2,2,5,8,18,14,3,0,0,0
2006/07,2006-11-18,Manchester City FC,Fulham FC,3,1,H,3,0,H,15,7,7,2,5,0,22,12,1,1,0,0
2006/07,2006-11-18,Middlesbrough FC,Liverpool FC,0,0,D,0,0,D,1,17,1,10,2,12,14,3,0,0,0,0
2006/07,2006-11-18,Portsmouth FC,Watford FC,2,1,H,1,1,D,17,8,11,4,9,5,14,18,1,3,0,0
2006/07,2006-11-18,Reading FC,Charlton Athletic FC,2,0,H,1,0,H,11,4,4,2,4,9,6,11,0,3,0,0
2006/07,2006-11-18,Sheffield United FC,Manchester United FC,1,2,A,1,1,D,5,22,3,15,0,14,19,10,1,1,0,0
2006/07,2006-11-19,Blackburn Rovers FC,Tottenham Hotspur FC,1,1,D,1,0,H,6,13,3,5,4,5,17,16,0,1,1,1
2006/07,2006-11-19,Wigan Athletic FC,Aston Villa FC,0,0,D,0,0,D,14,7,5,3,6,6,6,11,1,0,0,0
2006/07,2006-11-25,Aston Villa FC,Middlesbrough FC,1,1,D,1,1,D,11,9,4,4,9,4,18,11,1,3,0,0
2006/07,2006-11-25,Bolton Wanderers FC,Arsenal FC,3,1,H,2,1,H,10,14,8,7,7,11,11,8,3,4,0,0
2006/07,2006-11-25,Charlton Athletic FC,Everton FC,1,1,D,0,0,D,16,9,8,6,6,7,16,13,2,0,0,0
2006/07,2006-11-25,Fulham FC,Reading FC,0,1,A,0,1,A,10,8,4,2,4,3,6,14,0,3,1,0
2006/07,2006-11-25,Liverpool FC,Manchester City FC,1,0,H,0,0,D,12,6,6,2,8,2,9,20,2,1,0,0
2006/07,2006-11-25,West Ham United FC,Sheffield United FC,1,0,H,1,0,H,12,13,7,5,5,9,16,22,2,4,0,0
2006/07,2006-11-26,Manchester United FC,Chelsea FC,1,1,D,1,0,H,8,13,5,7,3,2,16,12,1,3,0,0
2006/07,2006-11-26,Newcastle United FC,Portsmouth FC,1,0,H,0,0,D,13,7,10,2,10,3,13,12,2,2,0,0
2006/07,2006-11-26,Tottenham Hotspur FC,Wigan Athletic FC,3,1,H,2,1,H,11,10,6,5,3,2,12,17,2,4,0,0
2006/07,2006-11-28,Watford FC,Sheffield United FC,0,1,A,0,0,D,9,17,6,7,6,1,20,10,3,1,1,0
2006/07,2006-11-29,Aston Villa FC,Manchester City FC,1,3,A,0,2,A,6,11,4,8,1,5,15,11,1,0,0,0
2006/07,2006-11-29,Bolton Wanderers FC,Chelsea FC,0,1,A,0,1,A,9,16,3,10,3,5,13,13,3,1,0,0
2006/07,2006-11-29,Fulham FC,Arsenal FC,2,1,H,2,1,H,13,7,7,2,6,6,17,15,4,5,0,1
2006/07,2006-11-29,Liverpool FC,Portsmouth FC,0,0,D,0,0,D,15,3,4,1,5,1,13,13,1,3,0,0
2006/07,2006-11-29,Manchester United FC,Everton FC,3,0,H,1,0,H,18,7,6,4,3,2,15,15,1,1,0,0
2006/07,2006-12-02,Arsenal FC,Tottenham Hotspur FC,3,0,H,2,0,H,6,7,5,4,3,2,15,15,1,2,0,0
2006/07,2006-12-02,Blackburn Rovers FC,Fulham FC,2,0,H,2,0,H,10,4,6,2,3,3,19,13,2,2,0,0
2006/07,2006-12-02,Middlesbrough FC,Manchester United FC,1,2,A,0,1,A,13,11,5,7,6,9,12,16,2,3,0,0
2006/07,2006-12-02,Portsmouth FC,Aston Villa FC,2,2,D,0,1,A,18,8,6,4,6,7,14,19,2,4,1,0
2006/07,2006-12-02,Reading FC,Bolton Wanderers FC,1,0,H,1,0,H,10,12,3,7,5,4,11,15,0,3,0,0
2006/07,2006-12-02,Sheffield United FC,Charlton Athletic FC,2,1,H,0,1,A,26,8,10,4,12,3,11,14,1,1,0,0
2006/07,2006-12-02,Wigan Athletic FC,Liverpool FC,0,4,A,0,4,A,15,9,6,6,8,2,9,14,2,2,0,0
2006/07,2006-12-03,Everton FC,West Ham United FC,2,0,H,0,0,D,8,16,5,11,3,14,16,9,2,2,0,0
2006/07,2006-12-04,Manchester City FC,Watford FC,0,0,D,0,0,D,14,6,12,4,9,8,12,16,1,3,0,0
2006/07,2006-12-05,Charlton Athletic FC,Blackburn Rovers FC,1,0,H,0,0,D,13,5,10,3,5,4,10,12,1,2,0,0
2006/07,2006-12-05,Tottenham Hotspur FC,Middlesbrough FC,2,1,H,0,0,D,22,6,11,3,7,5,10,16,0,3,1,1
2006/07,2006-12-06,Newcastle United FC,Reading FC,3,2,H,1,2,A,14,14,8,5,1,8,11,13,1,1,0,0
2006/07,2006-12-06,West Ham United FC,Wigan Athletic FC,0,2,A,0,0,D,13,9,6,4,7,9,12,16,0,3,0,0
2006/07,2006-12-09,Blackburn Rovers FC,Newcastle United FC,1,3,A,0,2,A,13,16,7,8,7,4,10,5,1,2,1,0
2006/07,2006-12-09,Bolton Wanderers FC,West Ham United FC,4,0,H,1,0,H,17,3,10,1,4,3,11,11,2,2,0,0
2006/07,2006-12-09,Liverpool FC,Fulham FC,4,0,H,0,0,D,32,5,19,3,14,1,7,8,1,1,0,0
2006/07,2006-12-09,Manchester United FC,Manchester City FC,3,1,H,2,0,H,20,15,11,7,7,4,15,19,1,3,0,1
2006/07,2006-12-09,Middlesbrough FC,Wigan Athletic FC,1,1,D,0,1,A,13,8,7,3,7,4,10,7,2,1,0,0
2006/07,2006-12-09,Portsmouth FC,Everton FC,2,0,H,2,0,H,13,12,8,5,6,4,20,11,2,4,0,0
2006/07,2006-12-09,Tottenham Hotspur FC,Charlton Athletic FC,5,1,H,2,1,H,13,12,9,3,5,9,7,11,2,4,0,0
2006/07,2006-12-09,Watford FC,Reading FC,0,0,D,0,0,D,8,6,5,1,2,5,14,12,0,1,0,0
2006/07,2006-12-10,Chelsea FC,Arsenal FC,1,1,D,0,0,D,20,11,7,4,4,5,16,16,2,2,0,0
2006/07,2006-12-11,Sheffield United FC,Aston Villa FC,2,2,D,0,1,A,16,7,10,5,10,4,11,16,2,1,0,0
2006/07,2006-12-13,Chelsea FC,Newcastle United FC,1,0,H,0,0,D,15,6,8,1,7,2,16,13,2,2,0,0
2006/07,2006-12-13,Wigan Athletic FC,Arsenal FC,0,1,A,0,0,D,15,9,7,3,4,7,10,7,1,0,0,0
2006/07,2006-12-16,Arsenal FC,Portsmouth FC,2,2,D,0,1,A,14,7,8,5,7,4,13,13,0,2,0,0
2006/07,2006-12-16,Aston Villa FC,Bolton Wanderers FC,0,1,A,0,0,D,15,7,9,3,8,2,16,19,0,4,0,0
2006/07,2006-12-16,Charlton Athletic FC,Liverpool FC,0,3,A,0,1,A,7,22,2,10,2,8,9,5,1,1,0,0
2006/07,2006-12-16,Newcastle United FC,Watford FC,2,1,H,0,0,D,11,11,6,8,4,8,7,18,0,0,0,0
2006/07,2006-12-16,Reading FC,Blackburn Rovers FC,1,2,A,1,0,H,10,10,5,7,9,3,17,8,1,2,0,0
2006/07,2006-12-16,Wigan Athletic FC,Sheffield United FC,0,1,A,0,1,A,14,11,6,7,6,2,10,12,0,2,0,0
2006/07,2006-12-17,Everton FC,Chelsea FC,2,3,A,1,0,H,3,18,1,9,5,6,17,8,1,1,0,0
2006/07,2006-12-17,Manchester City FC,Tottenham Hotspur FC,1,2,A,0,2,A,10,11,4,7,6,3,13,11,1,0,0,0
2006/07,2006-12-17,West Ham United FC,Manchester United FC,1,0,H,0,0,D,10,19,4,11,1,11,25,10,3,2,0,0
2006/07,2006-12-18,Fulham FC,Middlesbrough FC,2,1,H,2,0,H,11,16,6,10,5,6,19,16,0,0,0,0
2006/07,2006-12-23,Arsenal FC,Blackburn Rovers FC,6,2,H,3,1,H,18,11,12,7,7,6,14,14,3,3,0,0
2006/07,2006-12-23,Aston Villa FC,Manchester United FC,0,3,A,0,0,D,11,14,3,10,6,8,12,11,2,2,0,0
2006/07,2006-12-23,Fulham FC,West Ham United FC,0,0,D,0,0,D,11,13,7,4,2,7,17,17,1,2,0,1
2006/07,2006-12-23,Liverpool FC,Watford FC,2,0,H,0,0,D,15,7,10,4,7,6,10,17,0,0,0,0
2006/07,2006-12-23,Manchester City FC,Bolton Wanderers FC,0,2,A,0,2,A,5,9,3,3,8,2,23,16,1,3,1,0
2006/07,2006-12-23,Middlesbrough FC,Charlton Athletic FC,2,0,H,1,0,H,16,8,9,6,11,4,1,9,0,1,0,0
2006/07,2006-12-23,Newcastle United FC,Tottenham Hotspur FC,3,1,H,3,1,H,12,17,9,6,5,5,12,18,1,1,0,0
2006/07,2006-12-23,Portsmouth FC,Sheffield United FC,3,1,H,0,1,A,13,11,6,6,6,3,14,6,0,2,0,0
2006/07,2006-12-23,Reading FC,Everton FC,0,2,A,0,1,A,11,10,7,7,12,4,10,6,0,0,0,0
2006/07,2006-12-23,Wigan Athletic FC,Chelsea FC,2,3,A,1,2,A,14,8,6,5,3,6,10,10,3,4,0,0
2006/07,2006-12-26,Blackburn Rovers FC,Liverpool FC,1,0,H,0,0,D,8,18,4,12,3,5,13,6,3,2,0,0
2006/07,2006-12-26,Bolton Wanderers FC,Newcastle United FC,2,1,H,1,1,D,10,10,7,5,5,2,15,14,3,3,0,0
2006/07,2006-12-26,Chelsea FC,Reading FC,2,2,D,1,0,H,16,6,5,1,6,7,14,9,1,1,0,0
2006/07,2006-12-26,Everton FC,Middlesbrough FC,0,0,D,0,0,D,10,7,4,2,12,2,12,17,2,1,0,0
2006/07,2006-12-26,Manchester United FC,Wigan Athletic FC,3,1,H,0,0,D,17,6,8,3,8,1,12,14,0,0,0,0
2006/07,2006-12-26,Sheffield United FC,Manchester City FC,0,1,A,0,0,D,19,11,13,8,8,5,7,9,2,1,0,0
2006/07,2006-12-26,Tottenham Hotspur FC,Aston Villa FC,2,1,H,0,0,D,12,9,10,7,4,4,12,14,1,2,0,0
2006/07,2006-12-26,Watford FC,Arsenal FC,1,2,A,1,1,D,6,16,3,8,7,5,11,6,2,0,0,0
2006/07,2006-12-26,West Ham United FC,Portsmouth FC,1,2,A,0,2,A,14,12,7,6,6,4,12,13,2,1,0,0
2006/07,2006-12-27,Charlton Athletic FC,Fulham FC,2,2,D,2,1,H,12,15,7,9,4,9,14,15,0,0,0,0
2006/07,2006-12-30,Blackburn Rovers FC,Middlesbrough FC,2,1,H,1,0,H,14,8,7,5,6,3,16,21,1,3,0,0
2006/07,2006-12-30,Bolton Wanderers FC,Portsmouth FC,3,2,H,2,1,H,12,14,7,7,8,7,11,13,0,1,0,0
2006/07,2006-12-30,Charlton Athletic FC,Aston Villa FC,2,1,H,0,1,A,14,6,8,2,7,4,10,10,2,1,0,1
2006/07,2006-12-30,Chelsea FC,Fulham FC,2,2,D,1,1,D,15,11,4,6,5,5,14,11,1,1,0,0
2006/07,2006-12-30,Everton FC,Newcastle United FC,3,0,H,1,0,H,16,7,9,3,7,12,7,11,2,3,0,0
2006/07,2006-12-30,Manchester United FC,Reading FC,3,2,H,1,1,D,28,7,12,3,13,4,9,11,1,2,0,1
2006/07,2006-12-30,Sheffield United FC,Arsenal FC,1,0,H,1,0,H,11,9,5,4,5,9,11,5,2,3,0,0
2006/07,2006-12-30,Tottenham Hotspur FC,Liverpool FC,0,1,A,0,1,A,9,10,3,5,2,3,5,21,0,0,0,0
2006/07,2006-12-30,West Ham United FC,Manchester City FC,0,1,A,0,0,D,12,7,6,5,6,2,12,15,1,2,0,0
2006/07,2007-01-01,Fulham FC,Watford FC,0,0,D,0,0,D,16,13,4,5,6,7,6,17,1,2,0,1
2006/07,2007-01-01,Liverpool FC,Bolton Wanderers FC,3,0,H,0,0,D,19,1,9,0,8,8,18,12,0,3,0,0
2006/07,2007-01-01,Manchester City FC,Everton FC,2,1,H,0,0,D,11,15,7,5,4,6,13,13,2,3,0,0
2006/07,2007-01-01,Middlesbrough FC,Sheffield United FC,3,1,H,1,1,D,13,6,7,3,7,3,10,11,2,1,0,0
2006/07,2007-01-01,Newcastle United FC,Manchester United FC,2,2,D,1,1,D,8,20,8,8,1,10,11,10,1,2,0,0
2006/07,2007-01-01,Portsmouth FC,Tottenham Hotspur FC,1,1,D,1,0,H,15,9,9,7,10,6,12,12,1,4,0,0
2006/07,2007-01-01,Reading FC,West Ham United FC,6,0,H,4,0,H,18,9,9,3,3,3,6,13,1,0,0,0
2006/07,2007-01-01,Wigan Athletic FC,Blackburn Rovers FC,0,3,A,0,1,A,14,8,5,5,5,5,10,16,0,5,0,0
2006/07,2007-01-02,Arsenal FC,Charlton Athletic FC,4,0,H,2,0,H,16,4,10,2,8,2,13,9,0,1,0,1
2006/07,2007-01-02,Aston Villa FC,Chelsea FC,0,0,D,0,0,D,4,22,2,12,5,8,7,13,1,3,0,0
2006/07,2007-01-13,Blackburn Rovers FC,Arsenal FC,0,2,A,0,1,A,13,6,7,4,8,2,15,5,4,0,0,1
2006/07,2007-01-13,Bolton Wanderers FC,Manchester City FC,0,0,D,0,0,D,8,7,4,0,5,2,14,13,2,2,0,0
2006/07,2007-01-13,Charlton Athletic FC,Middlesbrough FC,1,3,A,1,1,D,16,12,9,9,5,3,12,15,3,1,0,0
2006/07,2007-01-13,Chelsea FC,Wigan Athletic FC,4,0,H,1,0,H,12,2,6,1,7,3,15,17,1,3,0,0
2006/07,2007-01-13,Manchester United FC,Aston Villa FC,3,1,H,3,0,H,27,7,17,5,8,4,8,15,1,1,0,0
2006/07,2007-01-13,Sheffield United FC,Portsmouth FC,1,1,D,1,0,H,6,13,3,6,2,10,14,19,0,2,0,0
2006/07,2007-01-13,Watford FC,Liverpool FC,0,3,A,0,2,A,8,22,4,13,3,12,9,10,0,0,0,0
2006/07,2007-01-13,West Ham United FC,Fulham FC,3,3,D,1,1,D,10,9,7,6,8,5,20,21,3,6,1,0
2006/07,2007-01-14,Everton FC,Reading FC,1,1,D,0,1,A,14,7,7,3,8,5,12,17,2,2,0,0
2006/07,2007-01-14,Tottenham Hotspur FC,Newcastle United FC,2,3,A,1,1,D,25,12,17,7,5,3,8,9,1,4,0,0
2006/07,2007-01-20,Aston Villa FC,Watford FC,2,0,H,0,0,D,17,11,6,6,7,6,11,20,2,0,0,0
2006/07,2007-01-20,Fulham FC,Tottenham Hotspur FC,1,1,D,0,0,D,9,9,3,4,5,6,14,16,3,2,1,0
2006/07,2007-01-20,Liverpool FC,Chelsea FC,2,0,H,2,0,H,17,11,8,3,3,7,10,17,0,1,0,0
2006/07,2007-01-20,Manchester City FC,Blackburn Rovers FC,0,3,A,0,1,A,13,12,9,5,6,3,14,11,1,3,0,0
2006/07,2007-01-20,Middlesbrough FC,Bolton Wanderers FC,5,1,H,4,1,H,10,11,5,5,1,8,12,13,1,3,0,1
2006/07,2007-01-20,Newcastle United FC,West Ham United FC,2,2,D,1,2,A,14,12,7,7,10,2,16,26,3,4,0,0
2006/07,2007-01-20,Portsmouth FC,Charlton Athletic FC,0,1,A,0,0,D,9,8,3,5,10,7,9,11,0,3,0,0
2006/07,2007-01-20,Reading FC,Sheffield United FC,3,1,H,1,0,H,17,4,10,1,7,2,12,8,1,1,0,1
2006/07,2007-01-21,Arsenal FC,Manchester United FC,2,1,H,0,0,D,18,10,11,6,8,6,13,11,1,3,0,0
2006/07,2007-01-21,Wigan Athletic FC,Everton FC,0,2,A,0,0,D,13,8,6,5,6,6,11,17,0,1,0,0
2006/07,2007-01-23,Watford FC,Blackburn Rovers FC,2,1,H,1,1,D,15,15,7,3,9,6,14,7,2,0,0,0
2006/07,2007-01-30,Portsmouth FC,Middlesbrough FC,0,0,D,0,0,D,15,3,4,3,10,5,10,10,0,1,0,0
2006/07,2007-01-30,Reading FC,Wigan Athletic FC,3,2,H,1,1,D,19,21,12,14,4,3,11,11,1,1,0,0
2006/07,2007-01-30,Sheffield United FC,Fulham FC,2,0,H,2,0,H,16,7,8,0,5,4,14,10,1,1,0,0
2006/07,2007-01-30,West Ham United FC,Liverpool FC,1,2,A,0,0,D,13,15,6,9,4,9,11,8,1,1,0,0
2006/07,2007-01-31,Bolton Wanderers FC,Charlton Athletic FC,1,1,D,1,1,D,12,4,7,2,10,0,7,11,0,1,0,0
2006/07,2007-01-31,Chelsea FC,Blackburn Rovers FC,3,0,H,1,0,H,18,6,15,4,3,9,12,11,0,1,0,0
2006/07,2007-01-31,Manchester United FC,Watford FC,4,0,H,1,0,H,21,2,10,1,7,2,11,11,2,2,0,0
2006/07,2007-01-31,Newcastle United FC,Aston Villa FC,3,1,H,2,1,H,8,14,4,9,3,7,15,15,1,1,0,0
2006/07,2007-02-03,Aston Villa FC,West Ham United FC,1,0,H,1,0,H,17,7,6,2,9,6,13,21,0,1,0,0
2006/07,2007-02-03,Blackburn Rovers FC,Sheffield United FC,2,1,H,1,1,D,11,11,6,5,7,6,18,19,1,4,1,0
2006/07,2007-02-03,Charlton Athletic FC,Chelsea FC,0,1,A,0,1,A,8,17,5,8,6,5,7,8,0,1,0,0
2006/07,2007-02-03,Fulham FC,Newcastle United FC,2,1,H,0,0,D,15,8,9,4,8,6,12,13,1,3,0,0
2006/07,2007-02-03,Liverpool FC,Everton FC,0,0,D,0,0,D,25,6,10,4,6,4,13,18,0,3,0,0
2006/07,2007-02-03,Manchester City FC,Reading FC,0,2,A,0,0,D,16,7,7,3,5,6,12,13,0,0,0,0
2006/07,2007-02-03,Middlesbrough FC,Arsenal FC,1,1,D,0,0,D,3,11,1,4,3,6,14,5,2,1,0,1
2006/07,2007-02-03,Watford FC,Bolton Wanderers FC,0,1,A,0,0,D,7,7,3,4,5,4,8,9,0,3,0,0
2006/07,2007-02-03,Wigan Athletic FC,Portsmouth FC,1,0,H,0,0,D,15,5,8,4,6,6,10,8,1,0,0,0
2006/07,2007-02-04,Tottenham Hotspur FC,Manchester United FC,0,4,A,0,1,A,10,12,5,7,5,7,8,16,2,3,0,0
2006/07,2007-02-10,Chelsea FC,Middlesbrough FC,3,0,H,1,0,H,15,3,5,0,5,1,6,11,0,1,0,0
2006/07,2007-02-10,Everton FC,Blackburn Rovers FC,1,0,H,1,0,H,15,8,8,4,3,10,15,13,2,1,0,0
2006/07,2007-02-10,Manchester United FC,Charlton Athletic FC,2,0,H,1,0,H,18,8,11,2,5,3,11,8,0,1,0,0
2006/07,2007-02-10,Newcastle United FC,Liverpool FC,2,1,H,1,1,D,7,13,3,9,3,4,9,14,1,1,0,0
2006/07,2007-02-10,Portsmouth FC,Manchester City FC,2,1,H,1,0,H,17,6,10,3,13,8,12,12,3,3,0,0
2006/07,2007-02-10,Reading FC,Aston Villa FC,2,0,H,1,0,H,12,17,9,7,12,8,13,11,2,1,0,0
2006/07,2007-02-10,Sheffield United FC,Tottenham Hotspur FC,2,1,H,1,1,D,16,6,5,1,13,3,14,11,3,5,0,0
2006/07,2007-02-10,West Ham United FC,Watford FC,0,1,A,0,1,A,23,8,10,5,10,4,17,23,4,2,0,0
2006/07,2007-02-11,Arsenal FC,Wigan Athletic FC,2,1,H,0,1,A,10,8,3,2,10,1,9,15,6,3,0,0
2006/07,2007-02-11,Bolton Wanderers FC,Fulham FC,2,1,H,1,0,H,7,7,4,6,9,8,14,11,1,4,0,0
2006/07,2007-02-21,Everton FC,Tottenham Hotspur FC,1,2,A,1,1,D,10,8,3,4,5,1,7,14,2,1,0,0
2006/07,2007-02-21,Watford FC,Wigan Athletic FC,1,1,D,1,1,D,10,16,6,13,8,3,11,11,1,1,0,1
2006/07,2007-02-24,Charlton Athletic FC,West Ham United FC,4,0,H,3,0,H,12,11,5,8,7,6,13,7,3,2,0,0
2006/07,2007-02-24,Fulham FC,Manchester United FC,1,2,A,1,1,D,16,16,6,8,3,7,16,12,3,2,0,0
2006/07,2007-02-24,Liverpool FC,Sheffield United FC,4,0,H,2,0,H,8,6,4,2,5,1,12,9,0,2,0,0
2006/07,2007-02-24,Middlesbrough FC,Reading FC,2,1,H,1,0,H,9,10,6,4,9,5,9,12,1,1,0,0
2006/07,2007-02-24,Watford FC,Everton FC,0,3,A,0,2,A,11,13,3,5,5,9,10,17,2,1,0,0
2006/07,2007-02-25,Blackburn Rovers FC,Portsmouth FC,3,0,H,2,0,H,13,13,11,6,7,4,11,16,2,3,0,0
2006/07,2007-02-25,Tottenham Hotspur FC,Bolton Wanderers FC,4,1,H,3,1,H,14,10,10,6,5,5,2,17,0,4,1,0
2006/07,2007-02-25,Wigan Athletic FC,Newcastle United FC,1,0,H,1,0,H,7,5,4,2,8,6,11,12,6,2,0,0
2006/07,2007-03-03,Arsenal FC,Reading FC,2,1,H,0,0,D,16,7,9,4,16,7,8,14,1,1,0,0
2006/07,2007-03-03,Fulham FC,Aston Villa FC,1,1,D,1,1,D,13,9,7,4,5,8,10,21,0,2,0,0
2006/07,2007-03-03,Liverpool FC,Manchester United FC,0,1,A,0,0,D,15,5,8,3,12,2,11,12,2,2,0,1
2006/07,2007-03-03,Manchester City FC,Wigan Athletic FC,0,1,A,0,1,A,4,9,3,5,9,4,13,14,3,2,0,0
2006/07,2007-03-03,Newcastle United FC,Middlesbrough FC,0,0,D,0,0,D,11,7,8,4,8,2,12,14,0,3,0,0
2006/07,2007-03-03,Portsmouth FC,Chelsea FC,0,2,A,0,1,A,8,10,5,5,7,5,8,10,0,2,0,0
2006/07,2007-03-03,Sheffield United FC,Everton FC,1,1,D,0,0,D,8,7,6,2,5,6,18,10,3,2,0,0
2006/07,2007-03-03,Watford FC,Charlton Athletic FC,2,2,D,2,0,H,14,13,10,5,8,1,18,10,2,2,0,0
2006/07,2007-03-04,Bolton Wanderers FC,Blackburn Rovers FC,1,2,A,0,0,D,15,10,10,2,8,0,14,8,1,0,0,0
2006/07,2007-03-04,West Ham United FC,Tottenham Hotspur FC,3,4,A,2,0,H,12,12,6,7,6,3,15,12,6,1,0,0
2006/07,2007-03-14,Aston Villa FC,Arsenal FC,0,1,A,0,1,A,11,10,6,5,6,4,12,14,1,1,0,0
2006/07,2007-03-14,Manchester City FC,Chelsea FC,0,1,A,0,1,A,8,5,2,3,5,4,10,13,3,2,0,0
2006/07,2007-03-17,Blackburn Rovers FC,West Ham United FC,1,2,A,0,0,D,9,10,3,7,10,9,18,22,4,4,1,0
2006/07,2007-03-17,Chelsea FC,Sheffield United FC,3,0,H,2,0,H,13,7,8,4,5,1,7,10,0,0,0,0
2006/07,2007-03-17,Manchester United FC,Bolton Wanderers FC,4,1,H,3,0,H,15,7,7,0,1,5,14,13,1,2,0,0
2006/07,2007-03-17,Middlesbrough FC,Manchester City FC,0,2,A,0,0,D,11,14,5,8,10,3,13,21,1,2,0,0
2006/07,2007-03-17,Reading FC,Portsmouth FC,0,0,D,0,0,D,5,10,0,5,10,4,11,15,1,1,0,0
2006/07,2007-03-17,Tottenham Hotspur FC,Watford FC,3,1,H,1,0,H,17,2,11,2,5,4,5,8,0,0,0,0
2006/07,2007-03-17,Wigan Athletic FC,Fulham FC,0,0,D,0,0,D,6,3,3,0,7,1,13,6,1,0,0,0
2006/07,2007-03-18,Aston Villa FC,Liverpool FC,0,0,D,0,0,D,9,7,3,3,2,6,11,12,2,3,0,0
2006/07,2007-03-18,Charlton Athletic FC,Newcastle United FC,2,0,H,0,0,D,10,12,4,6,5,5,14,20,1,2,0,0
2006/07,2007-03-18,Everton FC,Arsenal FC,1,0,H,0,0,D,11,18,4,9,5,4,17,13,6,0,0,0
2006/07,2007-03-31,Bolton Wanderers FC,Sheffield United FC,1,0,H,0,0,D,19,7,12,4,11,4,8,12,1,3,0,0
2006/07,2007-03-31,Charlton Athletic FC,Wigan Athletic FC,1,0,H,0,0,D,4,6,1,1,4,9,10,15,1,3,0,0
2006/07,2007-03-31,Fulham FC,Portsmouth FC,1,1,D,0,1,A,13,10,9,7,6,4,14,22,1,0,0,0
2006/07,2007-03-31,Liverpool FC,Arsenal FC,4,1,H,2,0,H,12,11,7,3,2,7,17,8,1,3,0,0
2006/07,2007-03-31,Manchester United FC,Blackburn Rovers FC,4,1,H,0,1,A,27,6,17,3,8,1,7,12,1,3,0,0
2006/07,2007-03-31,Newcastle United FC,Manchester City FC,0,1,A,0,0,D,15,7,6,5,8,1,9,16,1,3,0,0
2006/07,2007-03-31,Watford FC,Chelsea FC,0,1,A,0,0,D,12,13,6,8,5,10,18,9,1,3,0,0
2006/07,2007-03-31,West Ham United FC,Middlesbrough FC,2,0,H,2,0,H,9,10,6,3,3,4,11,17,0,1,0,0
2006/07,2007-04-01,Tottenham Hotspur FC,Reading FC,1,0,H,1,0,H,18,6,7,3,5,7,7,6,1,0,0,0
2006/07,2007-04-02,Aston Villa FC,Everton FC,1,1,D,0,1,A,17,18,10,8,5,6,18,16,3,3,0,0
2006/07,2007-04-06,Everton FC,Fulham FC,4,1,H,3,1,H,14,15,10,8,4,10,18,12,0,0,0,0
2006/07,2007-04-06,Manchester City FC,Charlton Athletic FC,0,0,D,0,0,D,13,3,6,1,14,7,12,11,0,0,0,0
2006/07,2007-04-07,Arsenal FC,West Ham United FC,0,1,A,0,1,A,29,6,15,5,14,1,10,15,0,1,0,0
2006/07,2007-04-07,Blackburn Rovers FC,Aston Villa FC,1,2,A,1,1,D,10,9,3,7,4,10,17,12,2,1,0,0
2006/07,2007-04-07,Chelsea FC,Tottenham Hotspur FC,1,0,H,0,0,D,11,6,8,5,11,7,13,11,2,1,0,0
2006/07,2007-04-07,Middlesbrough FC,Watford FC,4,1,H,2,1,H,24,6,14,3,9,3,7,14,0,0,0,0
2006/07,2007-04-07,Portsmouth FC,Manchester United FC,2,1,H,1,0,H,14,15,9,7,8,7,13,2,3,1,0,0
2006/07,2007-04-07,Reading FC,Liverpool FC,1,2,A,0,1,A,8,4,4,3,7,6,10,16,2,1,0,0
2006/07,2007-04-07,Sheffield United FC,Newcastle United FC,1,2,A,0,1,A,17,10,11,3,5,4,11,13,1,1,0,0
2006/07,2007-04-07,Wigan Athletic FC,Bolton Wanderers FC,1,3,A,1,1,D,17,10,9,9,9,5,7,13,0,3,0,0
2006/07,2007-04-09,Aston Villa FC,Wigan Athletic FC,1,1,D,0,1,A,13,2,7,1,13,1,11,11,2,3,0,1
2006/07,2007-04-09,Bolton Wanderers FC,Everton FC,1,1,D,1,1,D,7,9,4,7,7,7,16,19,3,1,0,0
2006/07,2007-04-09,Charlton Athletic FC,Reading FC,0,0,D,0,0,D,8,14,5,6,1,11,13,13,1,0,0,0
2006/07,2007-04-09,Fulham FC,Manchester City FC,1,3,A,0,2,A,12,7,5,5,7,4,12,15,1,3,0,0
2006/07,2007-04-09,Newcastle United FC,Arsenal FC,0,0,D,0,0,D,8,6,4,2,3,6,13,14,1,2,0,0
2006/07,2007-04-09,Watford FC,Portsmouth FC,4,2,H,2,1,H,15,10,10,6,6,2,13,15,0,0,0,0
2006/07,2007-04-14,Arsenal FC,Bolton Wanderers FC,2,1,H,1,1,D,19,6,9,2,2,5,7,18,2,3,0,1
2006/07,2007-04-14,Manchester City FC,Liverpool FC,0,0,D,0,0,D,7,11,1,3,4,4,12,15,1,2,0,0
2006/07,2007-04-14,Middlesbrough FC,Aston Villa FC,1,3,A,1,1,D,13,9,5,7,2,4,20,8,2,1,0,0
2006/07,2007-04-14,Portsmouth FC,Newcastle United FC,2,1,H,1,0,H,21,7,7,3,10,5,13,8,2,0,0,0
2006/07,2007-04-14,Reading FC,Fulham FC,1,0,H,1,0,H,12,13,6,5,10,6,8,7,2,1,0,0
2006/07,2007-04-14,Sheffield United FC,West Ham United FC,3,0,H,1,0,H,6,11,5,3,4,2,11,8,2,3,0,0
2006/07,2007-04-15,Everton FC,Charlton Athletic FC,2,1,H,0,0,D,18,7,11,4,7,4,7,15,0,3,0,0
2006/07,2007-04-15,Wigan Athletic FC,Tottenham Hotspur FC,3,3,D,2,2,D,21,10,11,6,5,5,18,6,3,0,0,0
2006/07,2007-04-17,Arsenal FC,Manchester City FC,3,1,H,1,1,D,12,9,10,6,7,3,8,8,0,0,0,0
2006/07,2007-04-17,Manchester United FC,Sheffield United FC,2,0,H,1,0,H,13,10,10,3,4,1,10,13,5,3,0,0
2006/07,2007-04-18,Blackburn Rovers FC,Watford FC,3,1,H,3,1,H,18,4,10,4,5,4,8,14,0,0,0,0
2006/07,2007-04-18,Liverpool FC,Middlesbrough FC,2,0,H,0,0,D,18,5,7,2,8,2,8,13,0,1,0,0
2006/07,2007-04-18,West Ham United FC,Chelsea FC,1,4,A,1,2,A,14,14,10,7,9,5,21,9,5,2,0,0
2006/07,2007-04-21,Bolton Wanderers FC,Reading FC,1,3,A,0,0,D,18,10,15,7,7,4,17,13,0,2,0,0
2006/07,2007-04-21,Charlton Athletic FC,Sheffield United FC,1,1,D,0,0,D,10,15,2,10,8,3,16,13,5,3,0,0
2006/07,2007-04-21,Fulham FC,Blackburn Rovers FC,1,1,D,1,0,H,13,18,6,9,7,11,17,15,1,1,0,0
2006/07,2007-04-21,Liverpool FC,Wigan Athletic FC,2,0,H,1,0,H,23,4,12,3,12,3,10,10,2,2,0,0
2006/07,2007-04-21,Manchester United FC,Middlesbrough FC,1,1,D,1,1,D,21,10,9,5,6,7,10,17,2,5,0,0
2006/07,2007-04-21,Tottenham Hotspur FC,Arsenal FC,2,2,D,1,0,H,7,17,3,5,4,6,10,6,2,2,0,0
2006/07,2007-04-21,Watford FC,Manchester City FC,1,1,D,0,0,D,4,4,1,1,5,3,9,6,1,1,0,0
2006/07,2007-04-21,West Ham United FC,Everton FC,1,0,H,1,0,H,15,10,7,2,5,7,16,10,2,1,0,0
2006/07,2007-04-22,Aston Villa FC,Portsmouth FC,0,0,D,0,0,D,17,5,8,2,15,3,10,20,0,1,0,0
2006/07,2007-04-22,Newcastle United FC,Chelsea FC,0,0,D,0,0,D,11,12,3,4,4,2,15,16,0,3,0,0
2006/07,2007-04-28,Blackburn Rovers FC,Charlton Athletic FC,4,1,H,0,0,D,16,8,9,3,7,2,14,5,1,1,0,1
2006/07,2007-04-28,Chelsea FC,Bolton Wanderers FC,2,2,D,2,1,H,11,6,3,3,11,2,8,10,0,3,0,0
2006/07,2007-04-28,Everton FC,Manchester United FC,2,4,A,1,0,H,8,18,3,12,4,9,17,11,1,1,0,0
2006/07,2007-04-28,Manchester City FC,Aston Villa FC,0,2,A,0,1,A,14,15,7,7,5,6,14,8,1,0,0,0
2006/07,2007-04-28,Middlesbrough FC,Tottenham Hotspur FC,2,3,A,0,1,A,16,11,8,5,7,3,11,9,1,1,0,0
2006/07,2007-04-28,Portsmouth FC,Liverpool FC,2,1,H,2,0,H,9,11,7,4,7,6,12,7,1,1,0,0
2006/07,2007-04-28,Sheffield United FC,Watford FC,1,0,H,1,0,H,11,13,6,3,5,7,13,17,1,4,0,0
2006/07,2007-04-28,Wigan Athletic FC,West Ham United FC,0,3,A,0,1,A,9,12,6,7,5,1,5,17,1,2,0,0
2006/07,2007-04-29,Arsenal FC,Fulham FC,3,1,H,1,0,H,10,7,5,1,7,6,6,10,2,4,0,0
2006/07,2007-04-30,Reading FC,Newcastle United FC,1,0,H,0,0,D,13,18,8,11,8,10,14,11,2,0,0,0
2006/07,2007-05-05,Aston Villa FC,Sheffield United FC,3,0,H,2,0,H,19,9,11,2,13,5,14,14,2,2,0,0
2006/07,2007-05-05,Everton FC,Portsmouth FC,3,0,H,0,0,D,13,12,7,5,9,8,9,19,3,3,0,0
2006/07,2007-05-05,Fulham FC,Liverpool FC,1,0,H,0,0,D,7,9,5,5,4,14,17,15,2,2,1,0
2006/07,2007-05-05,Manchester City FC,Manchester United FC,0,1,A,0,1,A,4,6,3,3,5,3,13,10,2,2,0,0
2006/07,2007-05-05,Newcastle United FC,Blackburn Rovers FC,0,2,A,0,1,A,14,8,6,6,5,2,12,20,1,3,0,0
2006/07,2007-05-05,Reading FC,Watford FC,0,2,A,0,0,D,15,4,7,4,14,2,10,16,0,2,0,0
2006/07,2007-05-05,West Ham United FC,Bolton Wanderers FC,3,1,H,3,0,H,9,8,6,3,5,3,17,21,2,5,0,0
2006/07,2007-05-05,Wigan Athletic FC,Middlesbrough FC,0,1,A,0,1,A,15,7,7,3,5,3,17,8,3,0,0,0
2006/07,2007-05-06,Arsenal FC,Chelsea FC,1,1,D,1,0,H,7,9,4,4,3,7,19,13,1,2,0,1
2006/07,2007-05-07,Charlton Athletic FC,Tottenham Hotspur FC,0,2,A,0,1,A,7,9,4,6,11,5,7,4,0,0,0,0
2006/07,2007-05-09,Chelsea FC,Manchester United FC,0,0,D,0,0,D,15,5,10,0,8,1,12,20,3,4,0,0
2006/07,2007-05-10,Tottenham Hotspur FC,Blackburn Rovers FC,1,1,D,0,1,A,15,10,7,4,6,6,4,17,0,3,0,1
2006/07,2007-05-13,Blackburn Rovers FC,Reading FC,3,3,D,1,1,D,15,12,6,7,5,10,16,7,2,0,0,0
2006/07,2007-05-13,Bolton Wanderers FC,Aston Villa FC,2,2,D,1,1,D,10,8,2,3,7,6,10,11,2,1,0,0
2006/07,2007-05-13,Chelsea FC,Everton FC,1,1,D,0,0,D,14,8,10,5,9,2,13,5,2,1,0,0
2006/07,2007-05-13,Liverpool FC,Charlton Athletic FC,2,2,D,0,1,A,22,8,7,4,9,2,5,12,0,0,0,0
2006/07,2007-05-13,Manchester United FC,West Ham United FC,0,1,A,0,1,A,28,6,20,4,14,3,13,11,0,2,0,0
2006/07,2007-05-13,Middlesbrough FC,Fulham FC,3,1,H,2,1,H,21,8,10,5,10,3,11,12,1,0,0,0
2006/07,2007-05-13,Portsmouth FC,Arsenal FC,0,0,D,0,0,D,9,14,4,6,2,6,18,15,0,0,0,0
2006/07,2007-05-13,Sheffield United FC,Wigan Athletic FC,1,2,A,1,2,A,9,9,5,3,10,3,11,15,3,5,0,1
2006/07,2007-05-13,Tottenham Hotspur FC,Manchester City FC,2,1,H,2,1,H,8,10,3,5,6,6,11,13,1,1,0,0
2006/07,2007-05-13,Watford FC,Newcastle United FC,1,1,D,0,1,A,11,1,2,1,8,5,13,6,2,4,0,0
2007/08,2007-08-11,Aston Villa FC,Liverpool FC,1,2,A,0,1,A,10,17,6,7,4,2,18,11,4,2,0,0
2007/08,2007-08-11,Bolton Wanderers FC,Newcastle United FC,1,3,A,0,3,A,13,7,9,5,4,3,15,16,1,1,0,0
2007/08,2007-08-11,Derby County FC,Portsmouth FC,2,2,D,1,1,D,12,12,5,6,6,6,14,17,1,2,0,0
2007/08,2007-08-11,Everton FC,Wigan Athletic FC,2,1,H,1,0,H,12,14,8,4,6,2,8,13,0,0,0,0
2007/08,2007-08-11,Middlesbrough FC,Blackburn Rovers FC,1,2,A,1,0,H,10,4,6,4,13,3,16,16,3,4,0,0
2007/08,2007-08-11,Sunderland AFC,Tottenham Hotspur FC,1,0,H,0,0,D,9,6,4,3,7,2,14,14,1,1,0,0
2007/08,2007-08-11,West Ham United FC,Manchester City FC,0,2,A,0,1,A,9,14,2,5,5,3,13,11,0,4,0,0
2007/08,2007-08-12,Arsenal FC,Fulham FC,2,1,H,0,1,A,19,12,13,9,14,4,6,19,1,5,0,0
2007/08,2007-08-12,Chelsea FC,Birmingham City FC,3,2,H,2,2,D,19,6,11,4,5,3,8,8,2,1,0,0
2007/08,2007-08-12,Manchester United FC,Reading FC,0,0,D,0,0,D,22,3,9,2,12,3,8,16,0,2,0,1
2007/08,2007-08-14,Tottenham Hotspur FC,Everton FC,1,3,A,1,3,A,14,16,8,10,9,4,16,9,2,0,0,0
2007/08,2007-08-15,Birmingham City FC,Sunderland AFC,2,2,D,1,0,H,7,7,3,3,2,7,17,10,1,1,0,0
2007/08,2007-08-15,Fulham FC,Bolton Wanderers FC,2,1,H,2,1,H,8,14,6,7,9,8,19,13,2,1,0,0
2007/08,2007-08-15,Manchester City FC,Derby County FC,1,0,H,1,0,H,9,5,6,3,4,4,12,13,3,1,0,0
2007/08,2007-08-15,Portsmouth FC,Manchester United FC,1,1,D,0,1,A,7,20,6,12,6,12,13,5,2,1,1,1
2007/08,2007-08-15,Reading FC,Chelsea FC,1,2,A,1,0,H,15,15,11,7,4,11,15,16,4,5,1,0
2007/08,2007-08-15,Wigan Athletic FC,Middlesbrough FC,1,0,H,0,0,D,14,5,5,1,5,3,8,20,1,3,0,0
2007/08,2007-08-18,Birmingham City FC,West Ham United FC,0,1,A,0,0,D,6,13,3,5,9,5,16,15,4,2,0,0
2007/08,2007-08-18,Fulham FC,Middlesbrough FC,1,2,A,1,0,H,13,9,6,6,8,7,9,12,1,3,0,0
2007/08,2007-08-18,Newcastle United FC,Aston Villa FC,0,0,D,0,0,D,6,11,2,5,8,6,16,12,0,2,0,0
2007/08,2007-08-18,Portsmouth FC,Bolton Wanderers FC,3,1,H,2,1,H,11,8,6,3,10,6,13,11,0,2,0,0
2007/08,2007-08-18,Reading FC,Everton FC,1,0,H,1,0,H,10,13,5,5,4,12,14,8,2,2,0,0
2007/08,2007-08-18,Tottenham Hotspur FC,Derby County FC,4,0,H,3,0,H,25,4,14,2,9,3,8,14,0,4,0,0
2007/08,2007-08-18,Wigan Athletic FC,Sunderland AFC,3,0,H,1,0,H,9,9,4,6,5,9,8,17,0,2,0,0
2007/08,2007-08-19,Blackburn Rovers FC,Arsenal FC,1,1,D,0,1,A,9,10,4,3,5,4,19,15,4,4,1,0
2007/08,2007-08-19,Liverpool FC,Chelsea FC,1,1,D,1,0,H,18,6,8,2,5,2,11,16,4,5,0,0
2007/08,2007-08-19,Manchester City FC,Manchester United FC,1,0,H,1,0,H,6,15,2,6,0,11,8,11,2,2,0,0
2007/08,2007-08-25,Arsenal FC,Manchester City FC,1,0,H,0,0,D,16,8,10,4,8,2,8,9,0,1,0,0
2007/08,2007-08-25,Aston Villa FC,Fulham FC,2,1,H,0,1,A,23,10,4,5,12,3,11,13,1,2,0,1
2007/08,2007-08-25,Bolton Wanderers FC,Reading FC,3,0,H,1,0,H,18,5,12,2,10,7,10,7,2,1,0,0
2007/08,2007-08-25,Chelsea FC,Portsmouth FC,1,0,H,1,0,H,18,18,7,4,4,6,16,12,0,2,0,0
2007/08,2007-08-25,Derby County FC,Birmingham City FC,1,2,A,0,1,A,16,11,8,6,4,4,8,13,0,1,0,0
2007/08,2007-08-25,Everton FC,Blackburn Rovers FC,1,1,D,0,1,A,12,11,8,7,5,7,20,18,0,2,0,0
2007/08,2007-08-25,Sunderland AFC,Liverpool FC,0,2,A,0,1,A,7,17,2,12,6,4,12,12,1,1,0,0
2007/08,2007-08-25,West Ham United FC,Wigan Athletic FC,1,1,D,0,0,D,13,12,4,3,6,1,11,12,1,2,0,0
2007/08,2007-08-26,Manchester United FC,Tottenham Hotspur FC,1,0,H,0,0,D,14,10,5,3,4,4,15,7,2,3,0,0
2007/08,2007-08-26,Middlesbrough FC,Newcastle United FC,2,2,D,1,1,D,11,5,7,3,5,2,13,10,6,3,0,0
2007/08,2007-09-01,Bolton Wanderers FC,Everton FC,1,2,A,0,1,A,13,15,7,11,11,6,8,10,1,3,0,0
2007/08,2007-09-01,Fulham FC,Tottenham Hotspur FC,3,3,D,1,2,A,13,13,7,8,6,14,13,11,1,0,0,0
2007/08,2007-09-01,Liverpool FC,Derby County FC,6,0,H,2,0,H,20,8,10,3,4,2,10,14,0,1,0,0
2007/08,2007-09-01,Manchester United FC,Sunderland AFC,1,0,H,0,0,D,17,4,9,1,6,0,10,7,1,2,0,0
2007/08,2007-09-01,Middlesbrough FC,Birmingham City FC,2,0,H,2,0,H,13,9,7,4,11,5,8,12,1,3,0,0
2007/08,2007-09-01,Newcastle United FC,Wigan Athletic FC,1,0,H,0,0,D,20,7,8,6,9,1,15,18,2,4,0,1
2007/08,2007-09-01,Reading FC,West Ham United FC,0,3,A,0,1,A,9,13,3,9,14,4,10,11,0,1,0,0
2007/08,2007-09-02,Arsenal FC,Portsmouth FC,3,1,H,2,0,H,10,15,8,10,8,5,6,12,1,2,1,0
2007/08,2007-09-02,Aston Villa FC,Chelsea FC,2,0,H,0,0,D,9,20,5,8,2,13,17,11,4,1,0,0
2007/08,2007-09-02,Blackburn Rovers FC,Manchester City FC,1,0,H,1,0,H,16,7,11,3,6,3,23,3,5,1,1,1
2007/08,2007-09-15,Birmingham City FC,Bolton Wanderers FC,1,0,H,1,0,H,10,8,5,3,6,5,16,15,1,3,0,0
2007/08,2007-09-15,Chelsea FC,Blackburn Rovers FC,0,0,D,0,0,D,16,5,8,1,9,2,21,13,2,2,0,0
2007/08,2007-09-15,Everton FC,Manchester United FC,0,1,A,0,0,D,8,16,2,8,3,6,20,10,2,2,0,0
2007/08,2007-09-15,Portsmouth FC,Liverpool FC,0,0,D,0,0,D,9,12,2,6,5,4,20,14,3,2,0,0
2007/08,2007-09-15,Sunderland AFC,Reading FC,2,1,H,1,0,H,14,10,8,4,9,9,14,18,1,2,0,0
2007/08,2007-09-15,Tottenham Hotspur FC,Arsenal FC,1,3,A,1,0,H,14,16,5,10,8,4,28,22,2,2,0,0
2007/08,2007-09-15,West Ham United FC,Middlesbrough FC,3,0,H,0,0,D,13,16,7,12,5,8,14,14,2,1,0,0
2007/08,2007-09-15,Wigan Athletic FC,Fulham FC,1,1,D,0,1,A,14,10,4,5,9,4,8,9,1,0,0,0
2007/08,2007-09-16,Manchester City FC,Aston Villa FC,1,0,H,0,0,D,12,11,8,2,8,6,11,14,1,1,0,0
2007/08,2007-09-17,Derby County FC,Newcastle United FC,1,0,H,1,0,H,10,8,3,3,5,5,16,11,2,3,0,0
2007/08,2007-09-22,Arsenal FC,Derby County FC,5,0,H,2,0,H,15,4,9,3,5,4,9,12,1,1,0,0
2007/08,2007-09-22,Fulham FC,Manchester City FC,3,3,D,1,1,D,13,11,8,5,6,2,10,7,3,2,0,0
2007/08,2007-09-22,Liverpool FC,Birmingham City FC,0,0,D,0,0,D,18,5,4,2,11,2,3,10,0,2,0,0
2007/08,2007-09-22,Middlesbrough FC,Sunderland AFC,2,2,D,1,1,D,16,11,5,6,7,2,18,11,3,4,0,0
2007/08,2007-09-22,Reading FC,Wigan Athletic FC,2,1,H,1,0,H,15,9,7,5,6,7,17,13,3,2,0,0
2007/08,2007-09-23,Aston Villa FC,Everton FC,2,0,H,1,0,H,8,8,3,6,6,3,17,12,1,0,0,0
2007/08,2007-09-23,Blackburn Rovers FC,Portsmouth FC,0,1,A,0,1,A,9,13,3,7,7,4,6,16,0,3,0,0
2007/08,2007-09-23,Bolton Wanderers FC,Tottenham Hotspur FC,1,1,D,1,1,D,5,10,4,7,4,11,14,15,0,2,0,0
2007/08,2007-09-23,Manchester United FC,Chelsea FC,2,0,H,1,0,H,17,4,9,1,10,1,10,15,2,2,0,1
2007/08,2007-09-23,Newcastle United FC,West Ham United FC,3,1,H,2,1,H,12,13,4,8,1,5,16,15,1,3,0,0
2007/08,2007-09-29,Birmingham City FC,Manchester United FC,0,1,A,0,0,D,17,11,9,4,4,4,14,11,3,1,0,0
2007/08,2007-09-29,Chelsea FC,Fulham FC,0,0,D,0,0,D,16,6,4,1,9,4,8,18,1,1,1,0
2007/08,2007-09-29,Derby County FC,Bolton Wanderers FC,1,1,D,1,1,D,10,12,6,7,7,8,15,8,3,2,0,0
2007/08,2007-09-29,Manchester City FC,Newcastle United FC,3,1,H,1,1,D,16,12,12,8,3,9,7,10,0,0,0,0
2007/08,2007-09-29,Portsmouth FC,Reading FC,7,4,H,2,1,H,25,13,17,7,8,4,4,7,1,1,0,0
2007/08,2007-09-29,Sunderland AFC,Blackburn Rovers FC,1,2,A,0,0,D,14,14,12,8,10,2,11,4,1,0,0,0
2007/08,2007-09-29,West Ham United FC,Arsenal FC,0,1,A,0,1,A,9,16,4,12,3,14,15,14,2,2,0,0
2007/08,2007-09-29,Wigan Athletic FC,Liverpool FC,0,1,A,0,0,D,9,14,3,10,5,6,11,10,2,1,0,0
2007/08,2007-09-30,Everton FC,Middlesbrough FC,2,0,H,1,0,H,13,13,9,5,2,6,17,21,0,4,0,0
2007/08,2007-10-01,Tottenham Hotspur FC,Aston Villa FC,4,4,D,1,3,A,19,7,12,7,13,3,10,13,2,3,0,0
2007/08,2007-10-06,Aston Villa FC,West Ham United FC,1,0,H,1,0,H,5,8,5,3,7,4,17,12,3,2,0,0
2007/08,2007-10-06,Manchester United FC,Wigan Athletic FC,4,0,H,0,0,D,17,6,12,2,12,2,12,6,1,1,0,0
2007/08,2007-10-07,Arsenal FC,Sunderland AFC,3,2,H,2,1,H,18,11,8,7,8,2,10,9,0,2,0,1
2007/08,2007-10-07,Blackburn Rovers FC,Birmingham City FC,2,1,H,1,0,H,17,6,5,5,6,7,15,13,3,1,0,0
2007/08,2007-10-07,Bolton Wanderers FC,Chelsea FC,0,1,A,0,1,A,13,15,7,8,5,5,17,8,5,1,0,0
2007/08,2007-10-07,Fulham FC,Portsmouth FC,0,2,A,0,0,D,13,14,10,8,8,5,7,17,1,0,0,0
2007/08,2007-10-07,Liverpool FC,Tottenham Hotspur FC,2,2,D,1,1,D,21,11,9,6,5,3,18,10,0,1,0,0
2007/08,2007-10-07,Manchester City FC,Middlesbrough FC,3,1,H,2,0,H,18,17,13,11,8,8,11,13,2,3,0,0
2007/08,2007-10-07,Newcastle United FC,Everton FC,3,2,H,1,0,H,15,11,10,6,8,2,13,19,2,1,0,0
2007/08,2007-10-07,Reading FC,Derby County FC,1,0,H,0,0,D,11,7,3,0,3,3,9,18,1,1,0,0
2007/08,2007-10-20,Arsenal FC,Bolton Wanderers FC,2,0,H,0,0,D,19,1,9,0,5,3,14,20,1,5,0,0
2007/08,2007-10-20,Aston Villa FC,Manchester United FC,1,4,A,1,3,A,11,21,5,13,3,9,8,8,2,2,2,0
2007/08,2007-10-20,Blackburn Rovers FC,Reading FC,4,2,H,3,0,H,11,13,6,7,4,9,8,7,0,0,0,0
2007/08,2007-10-20,Everton FC,Liverpool FC,1,2,A,1,0,H,6,17,1,7,9,6,8,14,1,2,2,0
2007/08,2007-10-20,Fulham FC,Derby County FC,0,0,D,0,0,D,13,13,9,9,6,8,10,10,0,2,1,0
2007/08,2007-10-20,Manchester City FC,Birmingham City FC,1,0,H,1,0,H,12,13,4,8,6,7,17,12,3,2,0,0
2007/08,2007-10-20,Middlesbrough FC,Chelsea FC,0,2,A,0,1,A,7,9,4,6,6,6,9,9,1,1,0,0
2007/08,2007-10-20,Wigan Athletic FC,Portsmouth FC,0,2,A,0,0,D,7,15,0,8,3,2,9,9,2,3,0,0
2007/08,2007-10-21,West Ham United FC,Sunderland AFC,3,1,H,1,0,H,12,16,7,10,6,7,8,17,3,2,0,0
2007/08,2007-10-22,Newcastle United FC,Tottenham Hotspur FC,3,1,H,1,0,H,15,11,7,4,5,5,12,7,2,2,0,0
2007/08,2007-10-27,Birmingham City FC,Wigan Athletic FC,3,2,H,1,1,D,16,8,10,5,6,5,11,12,0,1,0,0
2007/08,2007-10-27,Chelsea FC,Manchester City FC,6,0,H,2,0,H,16,7,9,4,9,3,13,12,2,2,0,0
2007/08,2007-10-27,Manchester United FC,Middlesbrough FC,4,1,H,2,1,H,18,7,14,4,2,4,10,15,0,2,0,0
2007/08,2007-10-27,Portsmouth FC,West Ham United FC,0,0,D,0,0,D,10,10,3,3,11,5,18,9,2,4,0,0
2007/08,2007-10-27,Reading FC,Newcastle United FC,2,1,H,0,0,D,12,6,5,2,5,8,14,10,0,1,0,0
2007/08,2007-10-27,Sunderland AFC,Fulham FC,1,1,D,0,1,A,8,8,6,3,9,1,13,16,1,4,1,0
2007/08,2007-10-28,Bolton Wanderers FC,Aston Villa FC,1,1,D,1,0,H,13,8,6,3,7,3,15,13,2,1,0,0
2007/08,2007-10-28,Derby County FC,Everton FC,0,2,A,0,1,A,5,7,2,3,0,2,11,12,1,1,0,0
2007/08,2007-10-28,Liverpool FC,Arsenal FC,1,1,D,1,0,H,11,11,8,4,4,1,16,10,3,3,0,0
2007/08,2007-10-28,Tottenham Hotspur FC,Blackburn Rovers FC,1,2,A,0,0,D,9,9,6,4,10,2,11,14,4,3,0,0
2007/08,2007-11-03,Arsenal FC,Manchester United FC,2,2,D,0,1,A,16,10,6,4,3,4,15,15,1,2,0,0
2007/08,2007-11-03,Aston Villa FC,Derby County FC,2,0,H,0,0,D,15,8,7,2,7,4,7,20,0,3,0,0
2007/08,2007-11-03,Blackburn Rovers FC,Liverpool FC,0,0,D,0,0,D,15,11,7,7,6,3,7,11,0,1,0,0
2007/08,2007-11-03,Everton FC,Birmingham City FC,3,1,H,1,0,H,16,7,9,6,6,5,14,22,0,1,0,0
2007/08,2007-11-03,Fulham FC,Reading FC,3,1,H,1,0,H,9,13,7,6,8,9,11,6,3,0,1,0
2007/08,2007-11-03,Middlesbrough FC,Tottenham Hotspur FC,1,1,D,0,1,A,5,9,3,4,6,7,13,8,1,0,0,0
2007/08,2007-11-03,Newcastle United FC,Portsmouth FC,1,4,A,1,3,A,14,10,7,7,4,5,15,15,2,2,0,0
2007/08,2007-11-03,Wigan Athletic FC,Chelsea FC,0,2,A,0,2,A,10,13,3,7,4,3,16,9,2,1,0,0
2007/08,2007-11-04,West Ham United FC,Bolton Wanderers FC,1,1,D,1,0,H,9,11,7,6,8,3,13,13,2,1,0,0
2007/08,2007-11-05,Manchester City FC,Sunderland AFC,1,0,H,0,0,D,7,8,3,2,2,3,11,14,0,1,0,0
2007/08,2007-11-10,Derby County FC,West Ham United FC,0,5,A,0,1,A,9,16,2,11,4,5,12,9,2,2,0,0
2007/08,2007-11-10,Liverpool FC,Fulham FC,2,0,H,0,0,D,20,5,12,3,8,2,9,12,0,2,0,0
2007/08,2007-11-10,Sunderland AFC,Newcastle United FC,1,1,D,0,0,D,19,9,8,5,7,4,10,15,1,2,0,0
2007/08,2007-11-11,Birmingham City FC,Aston Villa FC,1,2,A,0,1,A,13,13,8,6,8,5,17,8,3,2,0,0
2007/08,2007-11-11,Bolton Wanderers FC,Middlesbrough FC,0,0,D,0,0,D,15,8,7,7,6,7,16,22,1,2,0,0
2007/08,2007-11-11,Chelsea FC,Everton FC,1,1,D,0,0,D,15,6,10,2,9,1,13,16,2,2,0,0
2007/08,2007-11-11,Manchester United FC,Blackburn Rovers FC,2,0,H,2,0,H,22,12,15,7,9,4,7,19,1,4,0,1
2007/08,2007-11-11,Portsmouth FC,Manchester City FC,0,0,D,0,0,D,20,10,12,5,9,1,11,7,1,1,0,0
2007/08,2007-11-11,Tottenham Hotspur FC,Wigan Athletic FC,4,0,H,3,0,H,19,6,8,2,5,2,8,16,0,2,0,0
2007/08,2007-11-12,Reading FC,Arsenal FC,1,3,A,0,1,A,8,16,5,7,5,1,9,5,1,1,0,0
2007/08,2007-11-24,Arsenal FC,Wigan Athletic FC,2,0,H,0,0,D,13,7,6,2,7,3,9,17,1,4,0,0
2007/08,2007-11-24,Birmingham City FC,Portsmouth FC,0,2,A,0,1,A,4,15,3,8,4,3,17,21,3,2,0,0
2007/08,2007-11-24,Bolton Wanderers FC,Manchester United FC,1,0,H,1,0,H,6,13,5,3,4,6,16,13,3,0,0,0
2007/08,2007-11-24,Derby County FC,Chelsea FC,0,2,A,0,1,A,9,9,4,5,3,2,8,6,0,1,0,1
2007/08,2007-11-24,Everton FC,Sunderland AFC,7,1,H,3,1,H,24,13,18,7,2,6,9,13,0,1,0,0
2007/08,2007-11-24,Manchester City FC,Reading FC,2,1,H,1,1,D,13,5,9,3,2,7,12,15,0,2,0,0
2007/08,2007-11-24,Middlesbrough FC,Aston Villa FC,0,3,A,0,1,A,15,11,8,8,11,6,16,17,2,1,0,0
2007/08,2007-11-24,Newcastle United FC,Liverpool FC,0,3,A,0,1,A,6,17,2,11,0,8,13,11,3,1,0,0
2007/08,2007-11-25,Fulham FC,Blackburn Rovers FC,2,2,D,0,0,D,5,12,2,10,3,6,19,10,2,1,0,0
2007/08,2007-11-25,West Ham United FC,Tottenham Hotspur FC,1,1,D,1,0,H,14,9,9,5,7,8,33,5,3,4,0,0
2007/08,2007-11-28,Blackburn Rovers FC,Aston Villa FC,0,4,A,0,1,A,16,7,10,7,11,2,11,16,0,1,1,0
2007/08,2007-12-01,Aston Villa FC,Arsenal FC,1,2,A,1,2,A,11,14,5,9,4,7,16,10,3,2,0,0
2007/08,2007-12-01,Blackburn Rovers FC,Newcastle United FC,3,1,H,0,0,D,13,20,6,8,1,1,21,17,2,3,0,0
2007/08,2007-12-01,Chelsea FC,West Ham United FC,1,0,H,0,0,D,14,4,5,1,7,0,15,26,5,3,0,0
2007/08,2007-12-01,Portsmouth FC,Everton FC,0,0,D,0,0,D,20,4,6,2,9,0,14,13,1,2,0,0
2007/08,2007-12-01,Reading FC,Middlesbrough FC,1,1,D,0,0,D,12,16,7,11,5,4,11,16,2,1,0,0
2007/08,2007-12-01,Sunderland AFC,Derby County FC,1,0,H,0,0,D,20,12,9,9,5,3,12,15,1,1,0,0
2007/08,2007-12-01,Wigan Athletic FC,Manchester City FC,1,1,D,1,1,D,5,4,4,1,2,4,13,10,2,2,1,0
2007/08,2007-12-02,Liverpool FC,Bolton Wanderers FC,4,0,H,2,0,H,23,6,14,3,5,5,11,14,0,3,0,0
2007/08,2007-12-02,Tottenham Hotspur FC,Birmingham City FC,2,3,A,0,1,A,17,7,9,3,12,3,10,13,0,1,1,0
2007/08,2007-12-03,Manchester United FC,Fulham FC,2,0,H,1,0,H,15,12,11,3,7,3,3,13,2,1,0,0
2007/08,2007-12-05,Newcastle United FC,Arsenal FC,1,1,D,0,1,A,12,6,8,2,6,6,9,10,3,2,0,0
2007/08,2007-12-08,Aston Villa FC,Portsmouth FC,1,3,A,0,2,A,14,12,6,8,7,5,18,23,2,5,0,0
2007/08,2007-12-08,Chelsea FC,Sunderland AFC,2,0,H,1,0,H,11,9,4,2,10,2,6,12,0,1,0,1
2007/08,2007-12-08,Everton FC,Fulham FC,3,0,H,0,0,D,15,6,11,4,12,7,9,9,0,2,0,0
2007/08,2007-12-08,Manchester United FC,Derby County FC,4,1,H,2,0,H,23,10,12,6,9,3,12,12,0,2,0,0
2007/08,2007-12-08,Newcastle United FC,Birmingham City FC,2,1,H,1,1,D,17,7,9,4,6,5,10,8,1,2,0,0
2007/08,2007-12-08,Reading FC,Liverpool FC,3,1,H,1,1,D,7,15,4,5,7,7,10,10,0,1,0,0
2007/08,2007-12-09,Blackburn Rovers FC,West Ham United FC,0,1,A,0,0,D,15,11,7,5,9,5,15,17,1,1,0,0
2007/08,2007-12-09,Bolton Wanderers FC,Wigan Athletic FC,4,1,H,2,1,H,8,11,6,7,5,11,13,11,2,1,0,0
2007/08,2007-12-09,Middlesbrough FC,Arsenal FC,2,1,H,1,0,H,13,7,7,4,5,4,15,13,2,2,0,0
2007/08,2007-12-09,Tottenham Hotspur FC,Manchester City FC,2,1,H,1,0,H,12,7,8,3,2,6,7,13,2,3,0,1
2007/08,2007-12-15,Birmingham City FC,Reading FC,1,1,D,1,0,H,15,10,9,6,6,6,12,19,2,1,0,0
2007/08,2007-12-15,Derby County FC,Middlesbrough FC,0,1,A,0,1,A,13,7,9,5,5,3,6,7,0,0,0,0
2007/08,2007-12-15,Fulham FC,Newcastle United FC,0,1,A,0,0,D,10,6,5,4,7,6,17,10,0,1,0,0
2007/08,2007-12-15,Manchester City FC,Bolton Wanderers FC,4,2,H,1,2,A,15,9,11,3,6,4,12,12,1,1,0,0
2007/08,2007-12-15,Portsmouth FC,Tottenham Hotspur FC,0,1,A,0,0,D,9,12,5,5,4,4,22,13,3,2,0,0
2007/08,2007-12-15,Sunderland AFC,Aston Villa FC,1,1,D,1,0,H,9,14,7,11,5,13,17,14,2,2,0,0
2007/08,2007-12-15,West Ham United FC,Everton FC,0,2,A,0,1,A,11,12,3,8,9,2,16,14,1,2,0,0
2007/08,2007-12-15,Wigan Athletic FC,Blackburn Rovers FC,5,3,H,3,1,H,9,9,7,5,6,4,17,24,4,4,0,1
2007/08,2007-12-16,Arsenal FC,Chelsea FC,1,0,H,1,0,H,11,10,5,7,3,5,19,12,5,5,0,0
2007/08,2007-12-16,Liverpool FC,Manchester United FC,0,1,A,0,1,A,19,5,6,3,3,3,14,13,2,3,0,0
2007/08,2007-12-22,Arsenal FC,Tottenham Hotspur FC,2,1,H,0,0,D,9,10,5,5,5,1,10,10,1,3,0,0
2007/08,2007-12-22,Aston Villa FC,Manchester City FC,1,1,D,1,1,D,9,6,6,2,7,4,15,15,2,4,0,0
2007/08,2007-12-22,Bolton Wanderers FC,Birmingham City FC,3,0,H,0,0,D,10,4,6,1,7,2,14,18,3,2,0,0
2007/08,2007-12-22,Fulham FC,Wigan Athletic FC,1,1,D,0,0,D,9,10,3,4,8,4,15,16,0,0,0,0
2007/08,2007-12-22,Liverpool FC,Portsmouth FC,4,1,H,2,0,H,14,9,7,3,3,1,13,11,1,2,0,0
2007/08,2007-12-22,Middlesbrough FC,West Ham United FC,1,2,A,1,1,D,7,8,2,4,7,4,15,12,2,3,0,0
2007/08,2007-12-22,Reading FC,Sunderland AFC,2,1,H,0,0,D,17,8,9,4,7,2,9,17,0,4,0,0
2007/08,2007-12-23,Blackburn Rovers FC,Chelsea FC,0,1,A,0,1,A,16,10,7,8,7,11,15,14,1,2,0,0
2007/08,2007-12-23,Manchester United FC,Everton FC,2,1,H,1,1,D,18,4,11,2,8,2,10,13,3,3,0,0
2007/08,2007-12-23,Newcastle United FC,Derby County FC,2,2,D,1,1,D,23,9,13,6,9,2,12,20,2,2,0,0
2007/08,2007-12-26,Birmingham City FC,Middlesbrough FC,3,0,H,2,0,H,13,18,5,12,12,9,13,6,1,2,0,0
2007/08,2007-12-26,Chelsea FC,Aston Villa FC,4,4,D,1,2,A,14,9,8,4,3,7,7,11,3,2,2,1
2007/08,2007-12-26,Derby County FC,Liverpool FC,1,2,A,0,1,A,9,22,4,10,2,7,9,9,1,0,0,0
2007/08,2007-12-26,Everton FC,Bolton Wanderers FC,2,0,H,0,0,D,18,9,10,7,7,4,8,18,0,3,0,0
2007/08,2007-12-26,Portsmouth FC,Arsenal FC,0,0,D,0,0,D,9,12,6,6,4,7,15,9,2,1,0,0
2007/08,2007-12-26,Sunderland AFC,Manchester United FC,0,4,A,0,3,A,10,17,3,11,4,3,14,12,2,1,0,0
2007/08,2007-12-26,Tottenham Hotspur FC,Fulham FC,5,1,H,2,0,H,12,9,8,4,3,5,10,17,1,4,0,1
2007/08,2007-12-26,West Ham United FC,Reading FC,1,1,D,1,0,H,18,13,11,10,10,6,8,6,2,2,0,1
2007/08,2007-12-26,Wigan Athletic FC,Newcastle United FC,1,0,H,0,0,D,8,7,6,6,3,2,13,22,1,4,0,0
2007/08,2007-12-27,Manchester City FC,Blackburn Rovers FC,2,2,D,2,1,H,5,7,2,5,3,3,10,16,1,1,0,0
2007/08,2007-12-29,Birmingham City FC,Fulham FC,1,1,D,0,1,A,15,10,6,7,8,6,13,14,0,3,0,1
2007/08,2007-12-29,Chelsea FC,Newcastle United FC,2,1,H,1,0,H,16,3,10,2,12,3,9,11,1,2,0,0
2007/08,2007-12-29,Everton FC,Arsenal FC,1,4,A,1,0,H,10,10,3,7,10,2,14,13,0,5,1,1
2007/08,2007-12-29,Portsmouth FC,Middlesbrough FC,0,1,A,0,1,A,18,13,9,7,4,4,10,17,1,4,0,0
2007/08,2007-12-29,Sunderland AFC,Bolton Wanderers FC,3,1,H,2,1,H,5,5,5,3,2,6,12,16,1,2,0,0
2007/08,2007-12-29,Tottenham Hotspur FC,Reading FC,6,4,H,1,1,D,14,11,12,8,3,6,9,12,0,3,0,0
2007/08,2007-12-29,West Ham United FC,Manchester United FC,2,1,H,0,1,A,11,7,5,3,6,3,10,12,2,0,0,0
2007/08,2007-12-29,Wigan Athletic FC,Aston Villa FC,1,2,A,1,0,H,3,5,3,4,6,5,18,9,1,1,0,0
2007/08,2007-12-30,Derby County FC,Blackburn Rovers FC,1,2,A,1,2,A,13,23,7,18,9,7,14,13,1,3,0,0
2007/08,2007-12-30,Manchester City FC,Liverpool FC,0,0,D,0,0,D,4,19,3,11,2,9,4,7,0,1,0,0
2007/08,2008-01-01,Arsenal FC,West Ham United FC,2,0,H,2,0,H,21,15,13,7,5,7,5,7,0,3,0,0
2007/08,2008-01-01,Aston Villa FC,Tottenham Hotspur FC,2,1,H,1,0,H,14,9,4,6,8,2,5,16,0,3,0,0
2007/08,2008-01-01,Fulham FC,Chelsea FC,1,2,A,1,0,H,5,11,2,5,4,8,7,8,1,0,0,0
2007/08,2008-01-01,Manchester United FC,Birmingham City FC,1,0,H,1,0,H,18,11,13,4,2,0,11,8,1,4,0,0
2007/08,2008-01-01,Middlesbrough FC,Everton FC,0,2,A,0,0,D,7,5,4,3,5,6,18,11,0,1,0,0
2007/08,2008-01-01,Reading FC,Portsmouth FC,0,2,A,0,1,A,9,18,5,13,5,4,10,6,3,1,1,0
2007/08,2008-01-02,Blackburn Rovers FC,Sunderland AFC,1,0,H,0,0,D,8,7,3,4,7,3,12,11,3,4,0,1
2007/08,2008-01-02,Bolton Wanderers FC,Derby County FC,1,0,H,0,0,D,12,9,5,3,11,7,8,10,2,3,0,0
2007/08,2008-01-02,Liverpool FC,Wigan Athletic FC,1,1,D,0,0,D,15,6,11,1,4,1,13,16,2,1,0,0
2007/08,2008-01-02,Newcastle United FC,Manchester City FC,0,2,A,0,1,A,16,12,10,7,8,7,8,12,0,3,0,0
2007/08,2008-01-12,Arsenal FC,Birmingham City FC,1,1,D,1,0,H,16,2,9,2,14,3,8,10,1,2,0,0
2007/08,2008-01-12,Aston Villa FC,Reading FC,3,1,H,1,0,H,14,6,8,3,13,7,15,11,0,2,0,0
2007/08,2008-01-12,Chelsea FC,Tottenham Hotspur FC,2,0,H,1,0,H,8,6,6,2,4,7,17,11,2,4,0,0
2007/08,2008-01-12,Derby County FC,Wigan Athletic FC,0,1,A,0,0,D,2,12,1,4,1,6,12,16,1,2,1,0
2007/08,2008-01-12,Everton FC,Manchester City FC,1,0,H,1,0,H,10,5,5,1,4,4,14,12,2,1,0,0
2007/08,2008-01-12,Manchester United FC,Newcastle United FC,6,0,H,0,0,D,30,7,21,5,16,1,7,7,1,1,0,1
2007/08,2008-01-12,Middlesbrough FC,Liverpool FC,1,1,D,1,0,H,8,14,3,7,3,9,4,11,1,1,0,0
2007/08,2008-01-12,West Ham United FC,Fulham FC,2,1,H,1,1,D,12,9,9,2,8,7,19,13,0,1,0,0
2007/08,2008-01-13,Bolton Wanderers FC,Blackburn Rovers FC,1,2,A,1,0,H,9,13,5,6,2,6,17,18,2,1,0,0
2007/08,2008-01-13,Sunderland AFC,Portsmouth FC,2,0,H,2,0,H,12,9,5,5,7,5,14,6,3,1,0,0
2007/08,2008-01-19,Birmingham City FC,Chelsea FC,0,1,A,0,0,D,15,12,7,9,6,10,9,5,1,1,0,0
2007/08,2008-01-19,Blackburn Rovers FC,Middlesbrough FC,1,1,D,0,1,A,14,10,5,5,6,3,7,26,1,3,0,0
2007/08,2008-01-19,Fulham FC,Arsenal FC,0,3,A,0,2,A,5,11,0,4,4,3,13,10,0,1,0,0
2007/08,2008-01-19,Newcastle United FC,Bolton Wanderers FC,0,0,D,0,0,D,13,7,5,5,9,6,14,15,1,2,0,0
2007/08,2008-01-19,Portsmouth FC,Derby County FC,3,1,H,2,1,H,18,8,8,5,6,2,14,9,1,2,0,0
2007/08,2008-01-19,Reading FC,Manchester United FC,0,2,A,0,0,D,9,21,6,9,8,6,11,8,1,1,0,0
2007/08,2008-01-19,Tottenham Hotspur FC,Sunderland AFC,2,0,H,1,0,H,17,14,13,8,6,7,13,13,2,2,0,0
2007/08,2008-01-20,Manchester City FC,West Ham United FC,1,1,D,1,1,D,11,11,6,5,5,10,15,20,2,4,0,0
2007/08,2008-01-20,Wigan Athletic FC,Everton FC,1,2,A,0,2,A,14,11,3,6,5,5,15,15,1,2,0,0
2007/08,2008-01-21,Liverpool FC,Aston Villa FC,2,2,D,1,0,H,17,4,7,3,8,2,11,15,2,2,0,0
2007/08,2008-01-26,Aston Villa FC,Blackburn Rovers FC,1,1,D,0,0,D,5,9,3,4,2,7,14,15,0,2,0,0
2007/08,2008-01-29,Arsenal FC,Newcastle United FC,3,0,H,1,0,H,10,7,4,3,4,2,11,15,1,3,0,0
2007/08,2008-01-29,Bolton Wanderers FC,Fulham FC,0,0,D,0,0,D,13,9,4,4,4,2,11,14,0,0,0,0
2007/08,2008-01-29,Middlesbrough FC,Wigan Athletic FC,1,0,H,1,0,H,7,10,3,6,4,9,12,13,0,1,0,0
2007/08,2008-01-29,Sunderland AFC,Birmingham City FC,2,0,H,1,0,H,9,5,6,2,4,8,9,18,1,3,0,0
2007/08,2008-01-30,Chelsea FC,Reading FC,1,0,H,1,0,H,16,7,10,2,10,9,13,9,0,0,0,0
2007/08,2008-01-30,Derby County FC,Manchester City FC,1,1,D,0,0,D,12,10,6,5,6,5,11,11,1,1,0,0
2007/08,2008-01-30,Everton FC,Tottenham Hotspur FC,0,0,D,0,0,D,11,5,6,4,7,2,14,12,1,1,0,0
2007/08,2008-01-30,Manchester United FC,Portsmouth FC,2,0,H,2,0,H,25,3,14,3,5,3,9,11,0,1,0,0
2007/08,2008-01-30,West Ham United FC,Liverpool FC,1,0,H,0,0,D,8,13,2,5,4,6,11,19,0,3,0,0
2007/08,2008-02-02,Birmingham City FC,Derby County FC,1,1,D,0,0,D,11,6,7,3,5,5,7,11,1,5,0,0
2007/08,2008-02-02,Blackburn Rovers FC,Everton FC,0,0,D,0,0,D,13,10,3,4,4,8,18,15,4,2,0,0
2007/08,2008-02-02,Liverpool FC,Sunderland AFC,3,0,H,0,0,D,14,6,11,3,4,1,8,10,1,2,0,0
2007/08,2008-02-02,Manchester City FC,Arsenal FC,1,3,A,1,2,A,5,14,2,9,1,9,7,7,2,0,0,0
2007/08,2008-02-02,Portsmouth FC,Chelsea FC,1,1,D,0,0,D,17,20,6,12,4,8,13,12,2,0,0,0
2007/08,2008-02-02,Reading FC,Bolton Wanderers FC,0,2,A,0,1,A,9,8,6,4,13,3,14,16,3,1,0,0
2007/08,2008-02-02,Tottenham Hotspur FC,Manchester United FC,1,1,D,1,0,H,10,16,8,10,8,9,18,10,3,7,0,0
2007/08,2008-02-02,Wigan Athletic FC,West Ham United FC,1,0,H,1,0,H,10,5,3,1,6,3,11,12,1,3,0,0
2007/08,2008-02-03,Fulham FC,Aston Villa FC,2,1,H,0,0,D,11,11,8,6,3,10,9,13,1,2,0,0
2007/08,2008-02-03,Newcastle United FC,Middlesbrough FC,1,1,D,0,0,D,10,19,8,11,11,6,13,11,1,4,0,0
2007/08,2008-02-09,Aston Villa FC,Newcastle United FC,4,1,H,0,1,A,13,5,8,3,7,5,19,11,2,1,0,0
2007/08,2008-02-09,Bolton Wanderers FC,Portsmouth FC,0,1,A,0,0,D,19,7,10,4,5,2,12,14,1,1,0,0
2007/08,2008-02-09,Derby County FC,Tottenham Hotspur FC,0,3,A,0,0,D,10,13,6,8,7,9,14,10,3,1,0,0
2007/08,2008-02-09,Everton FC,Reading FC,1,0,H,0,0,D,11,14,6,5,8,8,13,13,0,0,0,0
2007/08,2008-02-09,Middlesbrough FC,Fulham FC,1,0,H,1,0,H,11,10,6,5,7,3,12,10,1,2,0,0
2007/08,2008-02-09,Sunderland AFC,Wigan Athletic FC,2,0,H,1,0,H,9,21,4,11,2,8,13,6,0,1,0,0
2007/08,2008-02-09,West Ham United FC,Birmingham City FC,1,1,D,1,1,D,18,5,10,3,7,4,12,20,0,5,1,0
2007/08,2008-02-10,Chelsea FC,Liverpool FC,0,0,D,0,0,D,5,10,3,4,6,4,14,18,3,2,0,0
2007/08,2008-02-10,Manchester United FC,Manchester City FC,1,2,A,0,2,A,19,9,9,7,8,7,6,11,1,0,0,0
2007/08,2008-02-11,Arsenal FC,Blackburn Rovers FC,2,0,H,1,0,H,13,6,9,2,7,5,12,6,1,0,0,0
2007/08,2008-02-23,Birmingham City FC,Arsenal FC,2,2,D,1,0,H,2,26,1,13,1,7,9,13,0,2,1,0
2007/08,2008-02-23,Fulham FC,West Ham United FC,0,1,A,0,0,D,18,12,14,6,5,8,12,17,3,0,1,0
2007/08,2008-02-23,Liverpool FC,Middlesbrough FC,3,2,H,2,1,H,13,6,8,3,6,2,8,11,2,5,0,1
2007/08,2008-02-23,Newcastle United FC,Manchester United FC,1,5,A,0,2,A,10,16,5,10,7,4,13,12,4,0,0,0
2007/08,2008-02-23,Portsmouth FC,Sunderland AFC,1,0,H,0,0,D,17,5,10,2,5,3,13,13,1,2,0,0
2007/08,2008-02-23,Wigan Athletic FC,Derby County FC,2,0,H,0,0,D,22,5,18,3,14,2,10,12,0,1,0,0
2007/08,2008-02-24,Blackburn Rovers FC,Bolton Wanderers FC,4,1,H,1,0,H,11,15,6,9,5,4,16,21,2,4,0,0
2007/08,2008-02-24,Reading FC,Aston Villa FC,1,2,A,0,1,A,9,19,6,11,11,7,10,15,2,1,0,0
2007/08,2008-02-25,Manchester City FC,Everton FC,0,2,A,0,2,A,20,13,12,8,4,7,7,14,0,1,1,0
2007/08,2008-03-01,Arsenal FC,Aston Villa FC,1,1,D,0,1,A,16,5,7,4,8,7,8,13,1,2,0,0
2007/08,2008-03-01,Birmingham City FC,Tottenham Hotspur FC,4,1,H,1,0,H,13,19,10,10,5,6,14,10,1,0,0,0
2007/08,2008-03-01,Derby County FC,Sunderland AFC,0,0,D,0,0,D,8,13,4,5,4,5,19,15,5,1,0,0
2007/08,2008-03-01,Fulham FC,Manchester United FC,0,3,A,0,2,A,13,16,7,10,3,6,6,13,0,0,0,0
2007/08,2008-03-01,Manchester City FC,Wigan Athletic FC,0,0,D,0,0,D,12,8,6,5,4,1,12,7,0,1,0,0
2007/08,2008-03-01,Middlesbrough FC,Reading FC,0,1,A,0,0,D,10,6,5,3,7,2,10,17,4,5,0,0
2007/08,2008-03-01,Newcastle United FC,Blackburn Rovers FC,0,1,A,0,0,D,17,14,9,6,14,7,10,7,1,2,0,0
2007/08,2008-03-01,West Ham United FC,Chelsea FC,0,4,A,0,3,A,9,13,7,8,6,1,14,6,0,2,0,1
2007/08,2008-03-02,Bolton Wanderers FC,Liverpool FC,1,3,A,0,1,A,7,12,2,9,3,10,7,14,2,1,0,0
2007/08,2008-03-02,Everton FC,Portsmouth FC,3,1,H,1,1,D,13,9,5,5,10,3,12,18,1,1,0,0
2007/08,2008-03-05,Liverpool FC,West Ham United FC,4,0,H,1,0,H,20,2,11,2,16,3,9,15,0,3,0,0
2007/08,2008-03-08,Blackburn Rovers FC,Fulham FC,1,1,D,0,0,D,14,8,4,4,7,7,19,16,2,2,0,0
2007/08,2008-03-08,Liverpool FC,Newcastle United FC,3,0,H,2,0,H,15,6,13,4,12,8,8,7,1,0,0,0
2007/08,2008-03-08,Reading FC,Manchester City FC,2,0,H,0,0,D,13,12,8,5,7,5,9,11,0,2,0,0
2007/08,2008-03-09,Sunderland AFC,Everton FC,0,1,A,0,0,D,9,7,6,6,3,4,17,9,2,1,0,0
2007/08,2008-03-09,Tottenham Hotspur FC,West Ham United FC,4,0,H,2,0,H,18,8,11,4,8,4,6,17,0,2,0,1
2007/08,2008-03-09,Wigan Athletic FC,Arsenal FC,0,0,D,0,0,D,6,10,3,6,8,5,10,8,2,2,0,0
2007/08,2008-03-12,Aston Villa FC,Middlesbrough FC,1,1,D,0,1,A,5,10,3,2,4,4,15,21,0,4,0,0
2007/08,2008-03-12,Chelsea FC,Derby County FC,6,1,H,2,0,H,14,4,10,3,7,0,7,17,0,1,0,0
2007/08,2008-03-12,Portsmouth FC,Birmingham City FC,4,2,H,2,2,D,13,7,9,5,4,3,8,10,0,1,0,0
2007/08,2008-03-15,Arsenal FC,Middlesbrough FC,1,1,D,0,1,A,17,4,9,1,11,1,7,10,0,2,0,1
2007/08,2008-03-15,Derby County FC,Manchester United FC,0,1,A,0,0,D,10,17,8,9,5,11,13,7,4,1,0,0
2007/08,2008-03-15,Liverpool FC,Reading FC,2,1,H,1,1,D,19,7,8,3,7,2,7,22,0,5,0,0
2007/08,2008-03-15,Portsmouth FC,Aston Villa FC,2,0,H,2,0,H,13,16,5,10,3,6,17,13,3,1,1,1
2007/08,2008-03-15,Sunderland AFC,Chelsea FC,0,1,A,0,1,A,11,11,4,3,7,7,8,9,2,1,0,0
2007/08,2008-03-15,West Ham United FC,Blackburn Rovers FC,2,1,H,1,1,D,12,9,6,5,8,10,11,13,1,3,0,0
2007/08,2008-03-16,Fulham FC,Everton FC,1,0,H,0,0,D,10,7,2,4,3,3,14,6,1,0,0,0
2007/08,2008-03-16,Manchester City FC,Tottenham Hotspur FC,2,1,H,0,1,A,13,12,8,7,5,5,11,3,0,0,0,0
2007/08,2008-03-16,Wigan Athletic FC,Bolton Wanderers FC,1,0,H,1,0,H,10,12,7,7,8,5,16,13,2,3,1,0
2007/08,2008-03-17,Birmingham City FC,Newcastle United FC,1,1,D,1,0,H,12,13,4,7,3,8,8,12,2,2,0,0
2007/08,2008-03-19,Manchester United FC,Bolton Wanderers FC,2,0,H,2,0,H,21,14,12,10,6,3,12,14,0,2,0,0
2007/08,2008-03-19,Tottenham Hotspur FC,Chelsea FC,4,4,D,1,2,A,10,10,9,8,10,2,10,16,2,2,0,0
2007/08,2008-03-22,Aston Villa FC,Sunderland AFC,0,1,A,0,0,D,9,12,3,3,4,4,9,11,0,2,0,0
2007/08,2008-03-22,Blackburn Rovers FC,Wigan Athletic FC,3,1,H,2,1,H,11,14,7,7,1,9,19,15,1,3,1,1
2007/08,2008-03-22,Bolton Wanderers FC,Manchester City FC,0,0,D,0,0,D,17,7,7,4,12,12,9,14,1,0,0,0
2007/08,2008-03-22,Everton FC,West Ham United FC,1,1,D,1,0,H,14,13,7,5,4,4,10,10,0,0,0,0
2007/08,2008-03-22,Middlesbrough FC,Derby County FC,1,0,H,1,0,H,6,5,3,1,9,2,9,10,2,1,0,0
2007/08,2008-03-22,Newcastle United FC,Fulham FC,2,0,H,1,0,H,15,9,9,5,6,4,9,5,0,1,0,0
2007/08,2008-03-22,Reading FC,Birmingham City FC,2,1,H,1,0,H,13,13,8,7,8,7,16,15,0,1,0,0
2007/08,2008-03-22,Tottenham Hotspur FC,Portsmouth FC,2,0,H,0,0,D,17,4,8,4,7,2,8,13,0,1,0,0
2007/08,2008-03-23,Chelsea FC,Arsenal FC,2,1,H,0,0,D,11,7,8,5,4,2,10,13,3,1,0,0
2007/08,2008-03-23,Manchester United FC,Liverpool FC,3,0,H,1,0,H,22,8,15,4,2,4,11,12,1,3,0,1
2007/08,2008-03-29,Birmingham City FC,Manchester City FC,3,1,H,1,0,H,10,8,7,4,5,2,13,10,0,2,1,0
2007/08,2008-03-29,Bolton Wanderers FC,Arsenal FC,2,3,A,2,0,H,13,17,9,8,8,6,12,10,2,2,0,1
2007/08,2008-03-29,Derby County FC,Fulham FC,2,2,D,1,1,D,19,9,13,4,4,5,18,16,2,4,0,0
2007/08,2008-03-29,Manchester United FC,Aston Villa FC,4,0,H,2,0,H,14,13,7,6,4,7,7,5,1,1,0,0
2007/08,2008-03-29,Portsmouth FC,Wigan Athletic FC,2,0,H,1,0,H,12,17,7,9,5,4,10,13,1,2,0,0
2007/08,2008-03-29,Reading FC,Blackburn Rovers FC,0,0,D,0,0,D,8,9,2,6,6,7,10,15,3,5,1,0
2007/08,2008-03-29,Sunderland AFC,West Ham United FC,2,1,H,1,1,D,22,10,12,4,13,4,9,10,2,1,0,0
2007/08,2008-03-30,Chelsea FC,Middlesbrough FC,1,0,H,1,0,H,16,7,6,3,8,3,11,9,1,1,0,0
2007/08,2008-03-30,Liverpool FC,Everton FC,1,0,H,1,0,H,15,3,9,2,11,4,13,14,1,4,0,0
2007/08,2008-03-30,Tottenham Hotspur FC,Newcastle United FC,1,4,A,1,1,D,18,17,10,9,6,7,10,8,1,1,0,0
2007/08,2008-04-05,Arsenal FC,Liverpool FC,1,1,D,0,1,A,8,11,6,4,5,3,10,10,1,2,0,0
2007/08,2008-04-05,Aston Villa FC,Bolton Wanderers FC,4,0,H,1,0,H,10,6,6,3,5,4,15,9,2,1,0,0
2007/08,2008-04-05,Blackburn Rovers FC,Tottenham Hotspur FC,1,1,D,1,1,D,12,11,7,8,1,1,20,4,3,1,0,0
2007/08,2008-04-05,Fulham FC,Sunderland AFC,1,3,A,0,1,A,14,9,5,6,8,5,12,9,2,0,0,0
2007/08,2008-04-05,Manchester City FC,Chelsea FC,0,2,A,0,1,A,14,10,7,5,7,5,6,12,1,0,0,0
2007/08,2008-04-05,Newcastle United FC,Reading FC,3,0,H,2,0,H,14,8,9,3,9,7,10,11,0,1,0,0
2007/08,2008-04-05,Wigan Athletic FC,Birmingham City FC,2,0,H,1,0,H,15,5,8,1,2,2,11,17,1,2,0,1
2007/08,2008-04-06,Everton FC,Derby County FC,1,0,H,0,0,D,11,7,5,5,9,8,17,19,1,3,0,0
2007/08,2008-04-06,Middlesbrough FC,Manchester United FC,2,2,D,1,1,D,12,15,7,7,4,10,20,11,3,1,0,0
2007/08,2008-04-08,West Ham United FC,Portsmouth FC,0,1,A,0,0,D,10,18,8,9,7,4,16,11,0,0,0,0
2007/08,2008-04-12,Birmingham City FC,Everton FC,1,1,D,0,0,D,14,13,7,6,11,1,9,6,1,1,0,0
2007/08,2008-04-12,Bolton Wanderers FC,West Ham United FC,1,0,H,0,0,D,12,11,9,7,12,5,12,11,1,1,0,0
2007/08,2008-04-12,Derby County FC,Aston Villa FC,0,6,A,0,3,A,8,16,5,12,3,2,15,15,0,0,0,0
2007/08,2008-04-12,Portsmouth FC,Newcastle United FC,0,0,D,0,0,D,17,14,8,5,2,11,11,8,1,1,0,0
2007/08,2008-04-12,Reading FC,Fulham FC,0,2,A,0,1,A,4,16,0,8,4,7,11,5,0,1,0,0
2007/08,2008-04-12,Sunderland AFC,Manchester City FC,1,2,A,0,0,D,12,7,7,5,6,2,13,12,3,2,0,0
2007/08,2008-04-12,Tottenham Hotspur FC,Middlesbrough FC,1,1,D,1,0,H,12,13,9,7,2,7,6,19,0,3,0,0
2007/08,2008-04-13,Liverpool FC,Blackburn Rovers FC,3,1,H,0,0,D,17,7,9,3,5,1,12,10,1,0,0,0
2007/08,2008-04-13,Manchester United FC,Arsenal FC,2,1,H,0,0,D,13,18,7,11,6,5,12,7,2,6,0,0
2007/08,2008-04-14,Chelsea FC,Wigan Athletic FC,1,1,D,0,0,D,19,6,10,5,9,3,10,17,0,2,0,0
2007/08,2008-04-17,Everton FC,Chelsea FC,0,1,A,0,1,A,10,5,5,3,4,6,8,9,0,2,0,0
2007/08,2008-04-19,Arsenal FC,Reading FC,2,0,H,2,0,H,19,4,12,2,12,4,7,15,0,3,0,0
2007/08,2008-04-19,Blackburn Rovers FC,Manchester United FC,1,1,D,1,0,H,4,13,3,10,3,8,14,12,1,1,0,0
2007/08,2008-04-19,Fulham FC,Liverpool FC,0,2,A,0,1,A,10,16,6,7,3,3,9,10,1,0,0,0
2007/08,2008-04-19,Middlesbrough FC,Bolton Wanderers FC,0,1,A,0,0,D,16,12,10,9,7,4,10,14,0,2,0,0
2007/08,2008-04-19,West Ham United FC,Derby County FC,2,1,H,1,0,H,12,12,8,8,5,11,11,13,2,1,0,0
2007/08,2008-04-19,Wigan Athletic FC,Tottenham Hotspur FC,1,1,D,1,1,D,13,15,7,12,2,6,8,9,2,1,0,0
2007/08,2008-04-20,Aston Villa FC,Birmingham City FC,5,1,H,2,0,H,16,11,9,6,7,8,11,20,0,1,0,0
2007/08,2008-04-20,Manchester City FC,Portsmouth FC,3,1,H,2,1,H,16,12,10,6,6,3,7,6,1,1,0,1
2007/08,2008-04-20,Newcastle United FC,Sunderland AFC,2,0,H,2,0,H,8,12,4,8,4,4,8,13,0,5,0,0
2007/08,2008-04-26,Birmingham City FC,Liverpool FC,2,2,D,1,0,H,5,12,3,7,3,5,6,9,2,1,0,0
2007/08,2008-04-26,Chelsea FC,Manchester United FC,2,1,H,1,0,H,13,7,8,6,8,3,14,16,3,4,0,0
2007/08,2008-04-26,Manchester City FC,Fulham FC,2,3,A,2,0,H,10,18,5,13,3,4,9,7,0,1,0,0
2007/08,2008-04-26,Sunderland AFC,Middlesbrough FC,3,2,H,2,1,H,10,10,5,6,7,1,13,9,3,2,0,0
2007/08,2008-04-26,Tottenham Hotspur FC,Bolton Wanderers FC,1,1,D,0,0,D,26,7,13,4,12,3,6,11,1,3,0,0
2007/08,2008-04-26,West Ham United FC,Newcastle United FC,2,2,D,2,2,D,18,4,11,3,6,1,13,11,2,3,0,0
2007/08,2008-04-26,Wigan Athletic FC,Reading FC,0,0,D,0,0,D,12,7,5,2,6,5,18,13,2,4,0,0
2007/08,2008-04-27,Everton FC,Aston Villa FC,2,2,D,0,0,D,13,6,7,3,9,6,10,17,3,3,0,0
2007/08,2008-04-27,Portsmouth FC,Blackburn Rovers FC,0,1,A,0,0,D,15,12,6,9,8,7,20,12,2,2,0,0
2007/08,2008-04-28,Derby County FC,Arsenal FC,2,6,A,1,2,A,12,20,10,11,5,6,6,7,0,0,0,0
2007/08,2008-05-03,Aston Villa FC,Wigan Athletic FC,0,2,A,0,0,D,14,9,5,5,8,2,7,8,0,1,0,0
2007/08,2008-05-03,Blackburn Rovers FC,Derby County FC,3,1,H,1,1,D,25,6,14,3,10,1,12,17,0,0,0,0
2007/08,2008-05-03,Bolton Wanderers FC,Sunderland AFC,2,0,H,1,0,H,4,5,2,4,3,1,11,12,1,0,0,0
2007/08,2008-05-03,Fulham FC,Birmingham City FC,2,0,H,0,0,D,9,2,6,0,2,8,10,12,2,5,0,0
2007/08,2008-05-03,Manchester United FC,West Ham United FC,4,1,H,3,1,H,8,9,4,5,4,2,15,16,1,3,1,0
2007/08,2008-05-03,Middlesbrough FC,Portsmouth FC,2,0,H,1,0,H,11,13,7,8,7,5,16,11,1,1,0,0
2007/08,2008-05-03,Reading FC,Tottenham Hotspur FC,0,1,A,0,1,A,13,13,6,7,10,1,10,7,1,0,0,0
2007/08,2008-05-04,Arsenal FC,Everton FC,1,0,H,0,0,D,11,8,2,4,8,3,10,4,0,1,0,0
2007/08,2008-05-04,Liverpool FC,Manchester City FC,1,0,H,0,0,D,23,4,10,3,12,5,9,5,0,0,0,0
2007/08,2008-05-05,Newcastle United FC,Chelsea FC,0,2,A,0,0,D,13,18,5,9,1,6,13,15,2,2,0,0
2007/08,2008-05-11,Birmingham City FC,Blackburn Rovers FC,4,1,H,1,0,H,15,14,9,9,5,2,16,11,3,2,0,0
2007/08,2008-05-11,Chelsea FC,Bolton Wanderers FC,1,1,D,0,0,D,19,6,12,4,9,2,12,8,1,3,0,0
2007/08,2008-05-11,Derby County FC,Reading FC,0,4,A,0,1,A,6,11,2,7,2,0,17,13,0,1,0,0
2007/08,2008-05-11,Everton FC,Newcastle United FC,3,1,H,1,0,H,20,3,11,2,6,2,11,12,0,2,0,0
2007/08,2008-05-11,Middlesbrough FC,Manchester City FC,8,1,H,2,0,H,19,8,15,2,7,0,10,9,2,1,0,1
2007/08,2008-05-11,Portsmouth FC,Fulham FC,0,1,A,0,0,D,15,7,10,4,5,6,13,11,0,0,0,0
2007/08,2008-05-11,Sunderland AFC,Arsenal FC,0,1,A,0,1,A,13,12,5,8,3,4,14,12,1,1,0,0
2007/08,2008-05-11,Tottenham Hotspur FC,Liverpool FC,0,2,A,0,0,D,6,18,3,12,8,4,11,9,1,1,0,0
2007/08,2008-05-11,West Ham United FC,Aston Villa FC,2,2,D,1,1,D,16,13,8,8,7,8,9,21,2,2,0,0
2007/08,2008-05-11,Wigan Athletic FC,Manchester United FC,0,2,A,0,1,A,15,11,6,6,5,12,10,5,3,2,0,0
2008/09,2008-08-16,Arsenal FC,West Bromwich Albion FC,1,0,H,1,0,H,24,5,14,4,7,5,11,8,0,0,0,0
2008/09,2008-08-16,Bolton Wanderers FC,Stoke City FC,3,1,H,3,0,H,14,8,8,2,4,3,13,12,1,2,0,0
2008/09,2008-08-16,Everton FC,Blackburn Rovers FC,2,3,A,1,1,D,10,15,5,11,3,5,11,9,2,2,0,0
2008/09,2008-08-16,Hull City FC,Fulham FC,2,1,H,1,1,D,11,12,6,6,5,6,10,9,3,0,0,0
2008/09,2008-08-16,Middlesbrough FC,Tottenham Hotspur FC,2,1,H,0,0,D,14,8,10,5,7,9,11,12,1,2,0,0
2008/09,2008-08-16,Sunderland AFC,Liverpool FC,0,1,A,0,0,D,6,14,3,8,1,8,13,12,0,2,0,0
2008/09,2008-08-16,West Ham United FC,Wigan Athletic FC,2,1,H,2,0,H,15,22,8,9,6,10,14,11,2,1,0,0
2008/09,2008-08-17,Aston Villa FC,Manchester City FC,4,2,H,0,0,D,14,13,10,8,7,8,8,11,0,1,0,0
2008/09,2008-08-17,Chelsea FC,Portsmouth FC,4,0,H,3,0,H,18,12,11,8,8,3,10,6,0,1,0,0
2008/09,2008-08-17,Manchester United FC,Newcastle United FC,1,1,D,1,1,D,18,11,12,4,6,6,15,11,3,0,0,0
2008/09,2008-08-23,Blackburn Rovers FC,Hull City FC,1,1,D,1,1,D,12,7,5,4,6,3,11,15,0,1,0,0
2008/09,2008-08-23,Fulham FC,Arsenal FC,1,0,H,1,0,H,5,15,2,6,1,5,14,6,2,0,0,0
2008/09,2008-08-23,Liverpool FC,Middlesbrough FC,2,1,H,0,0,D,16,9,8,4,14,3,10,12,2,1,0,0
2008/09,2008-08-23,Newcastle United FC,Bolton Wanderers FC,1,0,H,0,0,D,10,9,8,4,4,6,8,13,1,2,0,0
2008/09,2008-08-23,Stoke City FC,Aston Villa FC,3,2,H,1,0,H,8,5,2,2,2,8,15,5,1,0,0,0
2008/09,2008-08-23,Tottenham Hotspur FC,Sunderland AFC,1,2,A,0,0,D,18,12,11,7,12,6,12,12,1,2,0,0
2008/09,2008-08-23,West Bromwich Albion FC,Everton FC,1,2,A,0,0,D,14,9,4,7,11,5,11,14,3,1,0,0
2008/09,2008-08-24,Manchester City FC,West Ham United FC,3,0,H,0,0,D,14,3,9,0,6,3,12,16,0,2,0,1
2008/09,2008-08-24,Wigan Athletic FC,Chelsea FC,0,1,A,0,1,A,10,7,6,3,7,7,13,17,1,2,0,0
2008/09,2008-08-25,Portsmouth FC,Manchester United FC,0,1,A,0,1,A,13,12,6,7,4,3,11,11,2,2,0,0
2008/09,2008-08-30,Arsenal FC,Newcastle United FC,3,0,H,2,0,H,20,4,14,2,12,1,12,11,2,2,0,0
2008/09,2008-08-30,Bolton Wanderers FC,West Bromwich Albion FC,0,0,D,0,0,D,18,12,9,7,7,5,18,16,2,2,0,0
2008/09,2008-08-30,Everton FC,Portsmouth FC,0,3,A,0,2,A,16,6,7,5,4,3,5,11,1,0,0,0
2008/09,2008-08-30,Hull City FC,Wigan Athletic FC,0,5,A,0,2,A,10,8,5,5,7,3,18,12,1,0,0,0
2008/09,2008-08-30,Middlesbrough FC,Stoke City FC,2,1,H,1,0,H,21,7,12,2,4,5,14,18,2,4,0,1
2008/09,2008-08-30,West Ham United FC,Blackburn Rovers FC,4,1,H,2,1,H,11,12,6,7,10,4,14,21,1,5,0,0
2008/09,2008-08-31,Aston Villa FC,Liverpool FC,0,0,D,0,0,D,5,8,2,3,5,8,9,13,0,2,0,0
2008/09,2008-08-31,Chelsea FC,Tottenham Hotspur FC,1,1,D,1,1,D,12,6,3,6,5,8,10,13,3,0,0,0
2008/09,2008-08-31,Sunderland AFC,Manchester City FC,0,3,A,0,1,A,10,9,4,8,3,3,20,11,4,2,0,0
2008/09,2008-09-13,Blackburn Rovers FC,Arsenal FC,0,4,A,0,2,A,10,17,3,10,5,5,8,8,1,1,0,0
2008/09,2008-09-13,Fulham FC,Bolton Wanderers FC,2,1,H,2,0,H,20,8,13,7,12,6,15,11,1,1,0,0
2008/09,2008-09-13,Liverpool FC,Manchester United FC,2,1,H,1,1,D,16,7,11,3,5,4,10,18,0,3,0,1
2008/09,2008-09-13,Manchester City FC,Chelsea FC,1,3,A,1,1,D,13,18,7,8,8,5,14,10,0,1,0,1
2008/09,2008-09-13,Newcastle United FC,Hull City FC,1,2,A,0,1,A,13,8,4,4,5,3,13,17,0,2,1,0
2008/09,2008-09-13,Portsmouth FC,Middlesbrough FC,2,1,H,0,1,A,21,7,12,3,3,2,8,6,2,1,0,0
2008/09,2008-09-13,West Bromwich Albion FC,West Ham United FC,3,2,H,2,2,D,13,21,8,13,8,8,9,18,1,1,0,0
2008/09,2008-09-13,Wigan Athletic FC,Sunderland AFC,1,1,D,0,1,A,12,6,8,5,8,6,10,9,1,1,1,0
2008/09,2008-09-14,Stoke City FC,Everton FC,2,3,A,0,1,A,12,8,7,5,7,8,10,19,2,1,0,0
2008/09,2008-09-15,Tottenham Hotspur FC,Aston Villa FC,1,2,A,0,1,A,17,17,10,13,12,8,15,12,1,4,0,0
2008/09,2008-09-20,Blackburn Rovers FC,Fulham FC,1,0,H,0,0,D,11,11,4,5,4,3,13,11,2,0,0,0
2008/09,2008-09-20,Bolton Wanderers FC,Arsenal FC,1,3,A,1,2,A,12,20,8,9,7,17,12,10,2,2,0,0
2008/09,2008-09-20,Liverpool FC,Stoke City FC,0,0,D,0,0,D,27,3,11,2,20,3,8,10,1,1,0,0
2008/09,2008-09-20,Sunderland AFC,Middlesbrough FC,2,0,H,0,0,D,17,14,11,11,8,7,9,16,2,3,0,0
2008/09,2008-09-20,West Ham United FC,Newcastle United FC,3,1,H,2,0,H,12,11,6,8,2,6,8,21,1,2,0,0
2008/09,2008-09-21,Chelsea FC,Manchester United FC,1,1,D,0,1,A,20,13,13,8,7,4,15,18,1,7,0,0
2008/09,2008-09-21,Hull City FC,Everton FC,2,2,D,1,0,H,9,17,5,8,4,6,11,12,0,1,0,0
2008/09,2008-09-21,Manchester City FC,Portsmouth FC,6,0,H,2,0,H,14,10,10,4,8,5,13,14,0,1,0,0
2008/09,2008-09-21,Tottenham Hotspur FC,Wigan Athletic FC,0,0,D,0,0,D,11,14,4,6,3,4,13,12,2,2,0,0
2008/09,2008-09-21,West Bromwich Albion FC,Aston Villa FC,1,2,A,1,2,A,10,10,6,5,5,6,22,16,3,3,0,0
2008/09,2008-09-27,Arsenal FC,Hull City FC,1,2,A,0,0,D,18,7,9,5,15,4,8,7,2,1,0,0
2008/09,2008-09-27,Aston Villa FC,Sunderland AFC,2,1,H,2,1,H,12,9,8,3,5,5,8,9,1,1,0,0
2008/09,2008-09-27,Everton FC,Liverpool FC,0,2,A,0,0,D,4,11,2,6,7,4,17,20,3,3,1,0
2008/09,2008-09-27,Fulham FC,West Ham United FC,1,2,A,0,2,A,18,16,6,10,2,4,15,13,4,1,1,0
2008/09,2008-09-27,Manchester United FC,Bolton Wanderers FC,2,0,H,0,0,D,31,10,24,5,16,4,8,10,0,3,0,0
2008/09,2008-09-27,Middlesbrough FC,West Bromwich Albion FC,0,1,A,0,0,D,22,14,13,9,11,8,14,13,2,4,0,0
2008/09,2008-09-27,Newcastle United FC,Blackburn Rovers FC,1,2,A,0,2,A,4,9,2,8,5,5,6,19,0,4,0,0
2008/09,2008-09-27,Stoke City FC,Chelsea FC,0,2,A,0,1,A,5,14,2,9,5,5,9,6,2,1,0,0
2008/09,2008-09-28,Portsmouth FC,Tottenham Hotspur FC,2,0,H,1,0,H,8,15,6,8,3,6,18,13,4,3,1,0
2008/09,2008-09-28,Wigan Athletic FC,Manchester City FC,2,1,H,2,1,H,9,11,4,6,5,3,12,21,3,4,0,0
2008/09,2008-10-04,Blackburn Rovers FC,Manchester United FC,0,2,A,0,1,A,6,18,3,9,3,4,11,8,2,1,0,0
2008/09,2008-10-04,Sunderland AFC,Arsenal FC,1,1,D,0,0,D,8,13,5,7,1,7,10,11,3,5,0,0
2008/09,2008-10-04,West Bromwich Albion FC,Fulham FC,1,0,H,0,0,D,13,14,8,5,8,6,10,13,2,1,0,0
2008/09,2008-10-04,Wigan Athletic FC,Middlesbrough FC,0,1,A,0,0,D,21,6,9,2,8,2,10,13,3,0,0,0
2008/09,2008-10-05,Chelsea FC,Aston Villa FC,2,0,H,2,0,H,27,8,15,3,7,1,11,13,0,3,0,0
2008/09,2008-10-05,Everton FC,Newcastle United FC,2,2,D,2,1,H,13,11,5,9,3,5,18,15,1,3,0,0
2008/09,2008-10-05,Manchester City FC,Liverpool FC,2,3,A,2,0,H,7,14,5,7,1,7,11,12,1,1,1,0
2008/09,2008-10-05,Portsmouth FC,Stoke City FC,2,1,H,1,0,H,17,8,11,5,2,5,7,15,0,3,0,0
2008/09,2008-10-05,Tottenham Hotspur FC,Hull City FC,0,1,A,0,1,A,27,10,16,6,12,0,15,15,4,2,0,0
2008/09,2008-10-05,West Ham United FC,Bolton Wanderers FC,1,3,A,0,2,A,13,12,5,6,7,7,15,8,4,3,0,0
2008/09,2008-10-18,Arsenal FC,Everton FC,3,1,H,0,1,A,22,7,14,3,7,4,8,13,2,4,0,0
2008/09,2008-10-18,Aston Villa FC,Portsmouth FC,0,0,D,0,0,D,10,8,3,3,11,2,18,19,1,3,0,1
2008/09,2008-10-18,Bolton Wanderers FC,Blackburn Rovers FC,0,0,D,0,0,D,10,8,4,1,11,8,16,12,1,3,0,0
2008/09,2008-10-18,Fulham FC,Sunderland AFC,0,0,D,0,0,D,13,14,9,7,8,5,12,8,1,1,0,0
2008/09,2008-10-18,Liverpool FC,Wigan Athletic FC,3,2,H,1,2,A,17,7,7,4,5,2,10,13,1,1,0,1
2008/09,2008-10-18,Manchester United FC,West Bromwich Albion FC,4,0,H,0,0,D,18,6,14,2,15,1,11,14,0,1,0,0
2008/09,2008-10-18,Middlesbrough FC,Chelsea FC,0,5,A,0,1,A,7,21,4,14,5,7,13,9,2,0,0,0
2008/09,2008-10-19,Hull City FC,West Ham United FC,1,0,H,0,0,D,12,14,4,5,3,5,11,11,2,1,0,0
2008/09,2008-10-19,Stoke City FC,Tottenham Hotspur FC,2,1,H,1,1,D,7,11,3,6,6,1,12,12,1,2,0,2
2008/09,2008-10-20,Newcastle United FC,Manchester City FC,2,2,D,1,1,D,6,20,2,8,5,10,15,15,0,2,1,0
2008/09,2008-10-25,Blackburn Rovers FC,Middlesbrough FC,1,1,D,0,0,D,13,5,5,2,9,2,17,11,3,1,0,0
2008/09,2008-10-25,Everton FC,Manchester United FC,1,1,D,0,1,A,13,18,9,14,5,9,17,11,3,3,0,0
2008/09,2008-10-25,Sunderland AFC,Newcastle United FC,2,1,H,1,1,D,14,10,3,5,2,4,11,11,1,2,0,0
2008/09,2008-10-25,West Bromwich Albion FC,Hull City FC,0,3,A,0,0,D,24,16,16,10,14,5,12,13,1,2,0,0
2008/09,2008-10-26,Chelsea FC,Liverpool FC,0,1,A,0,1,A,14,8,5,3,4,2,17,13,3,3,0,0
2008/09,2008-10-26,Manchester City FC,Stoke City FC,3,0,H,1,0,H,18,9,12,6,6,8,12,16,1,0,0,0
2008/09,2008-10-26,Portsmouth FC,Fulham FC,1,1,D,0,0,D,21,9,12,5,8,6,7,7,0,0,0,0
2008/09,2008-10-26,Tottenham Hotspur FC,Bolton Wanderers FC,2,0,H,1,0,H,19,10,9,3,3,4,9,16,0,3,0,1
2008/09,2008-10-26,West Ham United FC,Arsenal FC,0,2,A,0,0,D,7,20,3,10,4,9,13,9,2,3,1,0
2008/09,2008-10-26,Wigan Athletic FC,Aston Villa FC,0,4,A,0,1,A,17,9,5,7,9,4,14,8,1,2,0,0
2008/09,2008-10-28,Newcastle United FC,West Bromwich Albion FC,2,1,H,2,0,H,10,14,5,4,7,8,13,11,0,4,0,0
2008/09,2008-10-29,Arsenal FC,Tottenham Hotspur FC,4,4,D,1,1,D,20,9,12,6,9,1,8,17,1,4,0,0
2008/09,2008-10-29,Aston Villa FC,Blackburn Rovers FC,3,2,H,1,1,D,8,11,4,5,4,5,5,17,0,1,0,0
2008/09,2008-10-29,Bolton Wanderers FC,Everton FC,0,1,A,0,0,D,18,11,12,7,5,3,17,12,1,2,0,0
2008/09,2008-10-29,Fulham FC,Wigan Athletic FC,2,0,H,1,0,H,7,5,2,2,2,2,9,14,0,2,0,0
2008/09,2008-10-29,Hull City FC,Chelsea FC,0,3,A,0,1,A,10,27,5,11,5,5,11,13,0,2,0,0
2008/09,2008-10-29,Liverpool FC,Portsmouth FC,1,0,H,0,0,D,21,4,10,1,7,1,13,12,0,3,0,0
2008/09,2008-10-29,Manchester United FC,West Ham United FC,2,0,H,2,0,H,21,4,12,1,3,1,10,9,1,2,0,0
2008/09,2008-10-29,Middlesbrough FC,Manchester City FC,2,0,H,0,0,D,5,13,3,8,3,3,10,15,1,3,0,0
2008/09,2008-10-29,Stoke City FC,Sunderland AFC,1,0,H,0,0,D,9,9,6,4,4,4,10,8,2,1,0,0
2008/09,2008-11-01,Chelsea FC,Sunderland AFC,5,0,H,3,0,H,17,1,11,0,4,0,5,11,0,1,0,0
2008/09,2008-11-01,Everton FC,Fulham FC,1,0,H,0,0,D,9,15,4,5,6,5,11,15,0,0,0,0
2008/09,2008-11-01,Manchester United FC,Hull City FC,4,3,H,3,1,H,20,11,11,7,9,1,12,13,2,2,0,0
2008/09,2008-11-01,Middlesbrough FC,West Ham United FC,1,1,D,0,1,A,11,13,7,8,5,4,10,14,3,4,0,0
2008/09,2008-11-01,Portsmouth FC,Wigan Athletic FC,1,2,A,0,1,A,16,12,8,8,9,6,9,11,0,3,0,0
2008/09,2008-11-01,Stoke City FC,Arsenal FC,2,1,H,1,0,H,7,13,5,6,3,5,11,7,4,2,0,1
2008/09,2008-11-01,Tottenham Hotspur FC,Liverpool FC,2,1,H,0,1,A,8,14,4,6,4,4,18,13,1,2,0,0
2008/09,2008-11-01,West Bromwich Albion FC,Blackburn Rovers FC,2,2,D,0,1,A,15,9,8,5,2,3,13,18,3,2,0,1
2008/09,2008-11-02,Bolton Wanderers FC,Manchester City FC,2,0,H,0,0,D,20,11,12,6,6,1,15,20,1,1,0,0
2008/09,2008-11-03,Newcastle United FC,Aston Villa FC,2,0,H,0,0,D,11,6,7,1,2,6,13,21,4,3,0,0
2008/09,2008-11-08,Arsenal FC,Manchester United FC,2,1,H,1,0,H,11,17,7,9,5,6,16,7,3,2,0,0
2008/09,2008-11-08,Hull City FC,Bolton Wanderers FC,0,1,A,0,0,D,16,10,11,6,6,7,15,10,1,2,0,0
2008/09,2008-11-08,Liverpool FC,West Bromwich Albion FC,3,0,H,2,0,H,11,4,10,2,3,7,10,8,2,1,0,0
2008/09,2008-11-08,Sunderland AFC,Portsmouth FC,1,2,A,1,0,H,9,10,6,5,8,3,8,10,2,1,0,0
2008/09,2008-11-08,West Ham United FC,Everton FC,1,3,A,0,0,D,15,12,13,7,9,4,9,10,1,1,0,0
2008/09,2008-11-08,Wigan Athletic FC,Stoke City FC,0,0,D,0,0,D,22,2,14,1,6,3,10,12,1,3,0,0
2008/09,2008-11-09,Aston Villa FC,Middlesbrough FC,1,2,A,1,1,D,14,15,9,8,7,4,13,5,2,2,0,0
2008/09,2008-11-09,Blackburn Rovers FC,Chelsea FC,0,2,A,0,1,A,8,18,3,13,5,9,14,11,2,1,0,0
2008/09,2008-11-09,Fulham FC,Newcastle United FC,2,1,H,1,0,H,11,13,6,7,6,1,13,11,2,2,0,0
2008/09,2008-11-09,Manchester City FC,Tottenham Hotspur FC,1,2,A,1,1,D,9,14,7,9,4,5,12,13,1,2,2,1
2008/09,2008-11-15,Arsenal FC,Aston Villa FC,0,2,A,0,0,D,11,9,8,6,8,5,9,22,2,4,0,0
2008/09,2008-11-15,Blackburn Rovers FC,Sunderland AFC,1,2,A,1,0,H,16,10,8,6,11,9,9,9,3,4,0,0
2008/09,2008-11-15,Bolton Wanderers FC,Liverpool FC,0,2,A,0,1,A,15,15,9,6,7,3,7,7,1,1,0,0
2008/09,2008-11-15,Fulham FC,Tottenham Hotspur FC,2,1,H,1,0,H,16,7,14,3,10,3,2,10,1,0,0,0
2008/09,2008-11-15,Manchester United FC,Stoke City FC,5,0,H,2,0,H,21,3,15,1,3,0,5,15,1,2,0,0
2008/09,2008-11-15,Newcastle United FC,Wigan Athletic FC,2,2,D,0,1,A,17,12,9,7,4,10,9,12,1,3,0,1
2008/09,2008-11-15,West Bromwich Albion FC,Chelsea FC,0,3,A,0,3,A,13,15,3,9,3,10,7,10,0,3,0,0
2008/09,2008-11-15,West Ham United FC,Portsmouth FC,0,0,D,0,0,D,11,11,5,7,8,7,6,11,0,1,0,0
2008/09,2008-11-16,Everton FC,Middlesbrough FC,1,1,D,0,1,A,15,11,7,3,11,1,11,13,0,2,0,0
2008/09,2008-11-16,Hull City FC,Manchester City FC,2,2,D,1,2,A,11,12,6,8,3,6,15,16,2,3,0,0
2008/09,2008-11-22,Aston Villa FC,Manchester United FC,0,0,D,0,0,D,10,12,7,7,3,6,12,15,1,0,0,0
2008/09,2008-11-22,Chelsea FC,Newcastle United FC,0,0,D,0,0,D,25,2,14,0,8,1,12,13,0,2,0,0
2008/09,2008-11-22,Liverpool FC,Fulham FC,0,0,D,0,0,D,18,6,7,6,9,3,7,6,0,0,0,0
2008/09,2008-11-22,Manchester City FC,Arsenal FC,3,0,H,1,0,H,12,11,8,5,3,3,16,9,0,1,0,0
2008/09,2008-11-22,Middlesbrough FC,Bolton Wanderers FC,1,3,A,0,2,A,18,11,5,5,8,0,10,15,2,5,0,0
2008/09,2008-11-22,Portsmouth FC,Hull City FC,2,2,D,1,0,H,14,13,7,6,7,7,13,13,2,1,0,0
2008/09,2008-11-22,Stoke City FC,West Bromwich Albion FC,1,0,H,0,0,D,9,8,7,2,4,1,9,7,1,0,0,0
2008/09,2008-11-23,Sunderland AFC,West Ham United FC,0,1,A,0,1,A,17,10,6,5,4,2,13,16,2,1,0,0
2008/09,2008-11-23,Tottenham Hotspur FC,Blackburn Rovers FC,1,0,H,1,0,H,16,9,7,6,6,6,15,15,2,3,0,1
2008/09,2008-11-24,Wigan Athletic FC,Everton FC,1,0,H,0,0,D,12,7,6,2,3,3,8,7,0,0,0,0
2008/09,2008-11-29,Aston Villa FC,Fulham FC,0,0,D,0,0,D,12,5,4,2,11,4,9,16,0,2,0,0
2008/09,2008-11-29,Middlesbrough FC,Newcastle United FC,0,0,D,0,0,D,14,10,7,5,7,2,9,7,1,1,0,0
2008/09,2008-11-29,Stoke City FC,Hull City FC,1,1,D,0,1,A,10,6,5,5,5,3,17,20,2,3,0,0
2008/09,2008-11-29,Sunderland AFC,Bolton Wanderers FC,1,4,A,1,3,A,14,11,9,6,5,6,9,6,4,0,0,0
2008/09,2008-11-29,Wigan Athletic FC,West Bromwich Albion FC,2,1,H,0,0,D,17,17,9,9,6,8,10,7,0,2,0,0
2008/09,2008-11-30,Chelsea FC,Arsenal FC,1,2,A,1,0,H,12,9,5,6,3,2,18,16,2,0,0,0
2008/09,2008-11-30,Manchester City FC,Manchester United FC,0,1,A,0,1,A,10,12,1,8,3,8,17,15,2,5,0,1
2008/09,2008-11-30,Portsmouth FC,Blackburn Rovers FC,3,2,H,0,0,D,9,10,6,2,8,10,5,12,0,1,0,0
2008/09,2008-11-30,Tottenham Hotspur FC,Everton FC,0,1,A,0,0,D,14,8,6,6,5,1,9,16,1,3,0,0
2008/09,2008-12-01,Liverpool FC,West Ham United FC,0,0,D,0,0,D,21,7,8,3,17,5,5,7,1,1,0,0
2008/09,2008-12-06,Arsenal FC,Wigan Athletic FC,1,0,H,1,0,H,11,10,4,4,8,3,13,13,1,2,0,0
2008/09,2008-12-06,Blackburn Rovers FC,Liverpool FC,1,3,A,0,0,D,7,10,3,6,5,6,11,9,2,2,0,0
2008/09,2008-12-06,Bolton Wanderers FC,Chelsea FC,0,2,A,0,2,A,21,11,11,7,10,2,14,16,2,1,0,0
2008/09,2008-12-06,Fulham FC,Manchester City FC,1,1,D,1,1,D,12,15,8,7,9,7,6,5,2,1,0,0
2008/09,2008-12-06,Hull City FC,Middlesbrough FC,2,1,H,0,0,D,17,9,7,7,8,6,10,8,1,1,0,1
2008/09,2008-12-06,Manchester United FC,Sunderland AFC,1,0,H,0,0,D,27,2,15,2,10,1,8,8,1,0,0,0
2008/09,2008-12-06,Newcastle United FC,Stoke City FC,2,2,D,2,0,H,9,12,6,4,6,3,10,17,0,1,0,0
2008/09,2008-12-07,Everton FC,Aston Villa FC,2,3,A,1,1,D,12,5,7,5,10,6,18,16,2,1,0,0
2008/09,2008-12-07,West Bromwich Albion FC,Portsmouth FC,1,1,D,1,0,H,14,6,8,3,3,5,11,12,1,2,0,0
2008/09,2008-12-08,West Ham United FC,Tottenham Hotspur FC,0,2,A,0,0,D,11,17,4,12,7,5,13,16,2,0,0,0
2008/09,2008-12-13,Aston Villa FC,Bolton Wanderers FC,4,2,H,2,1,H,16,9,7,5,10,3,7,16,0,1,0,0
2008/09,2008-12-13,Liverpool FC,Hull City FC,2,2,D,2,2,D,22,9,10,3,8,4,12,8,3,3,0,0
2008/09,2008-12-13,Manchester City FC,Everton FC,0,1,A,0,0,D,7,11,4,4,5,7,10,7,0,1,0,0
2008/09,2008-12-13,Middlesbrough FC,Arsenal FC,1,1,D,1,1,D,8,17,3,11,5,10,8,11,0,1,0,0
2008/09,2008-12-13,Stoke City FC,Fulham FC,0,0,D,0,0,D,6,9,2,6,5,6,16,2,1,1,0,0
2008/09,2008-12-13,Sunderland AFC,West Bromwich Albion FC,4,0,H,3,0,H,16,14,10,6,1,11,8,14,1,2,0,0
2008/09,2008-12-13,Tottenham Hotspur FC,Manchester United FC,0,0,D,0,0,D,11,15,6,12,4,14,10,9,1,1,0,0
2008/09,2008-12-13,Wigan Athletic FC,Blackburn Rovers FC,3,0,H,2,0,H,10,11,5,4,6,9,9,14,1,1,0,0
2008/09,2008-12-14,Chelsea FC,West Ham United FC,1,1,D,0,1,A,19,4,12,2,9,4,13,20,3,2,0,0
2008/09,2008-12-14,Portsmouth FC,Newcastle United FC,0,3,A,0,0,D,18,10,6,5,8,5,15,5,4,1,0,0
2008/09,2008-12-20,Blackburn Rovers FC,Stoke City FC,3,0,H,3,0,H,10,14,9,4,3,7,13,11,0,2,0,0
2008/09,2008-12-20,Bolton Wanderers FC,Portsmouth FC,2,1,H,2,1,H,19,8,10,5,6,3,14,16,1,1,0,0
2008/09,2008-12-20,Fulham FC,Middlesbrough FC,3,0,H,1,0,H,19,12,13,5,6,4,12,7,0,2,0,0
2008/09,2008-12-20,Hull City FC,Sunderland AFC,1,4,A,1,1,D,14,15,8,6,6,6,20,10,3,1,1,0
2008/09,2008-12-20,West Ham United FC,Aston Villa FC,0,1,A,0,0,D,17,10,13,4,7,6,7,10,2,1,0,0
2008/09,2008-12-21,Arsenal FC,Liverpool FC,1,1,D,1,1,D,6,10,3,6,2,1,14,17,3,3,1,0
2008/09,2008-12-21,Newcastle United FC,Tottenham Hotspur FC,2,1,H,1,1,D,7,11,4,6,4,7,9,7,3,2,0,0
2008/09,2008-12-21,West Bromwich Albion FC,Manchester City FC,2,1,H,0,0,D,12,11,7,7,5,7,10,9,2,1,0,0
2008/09,2008-12-22,Everton FC,Chelsea FC,0,0,D,0,0,D,10,6,8,2,6,5,16,12,0,3,0,1
2008/09,2008-12-26,Aston Villa FC,Arsenal FC,2,2,D,0,1,A,13,8,9,6,7,6,10,10,4,4,0,0
2008/09,2008-12-26,Chelsea FC,West Bromwich Albion FC,2,0,H,2,0,H,23,6,15,2,7,5,7,7,1,0,0,0
2008/09,2008-12-26,Liverpool FC,Bolton Wanderers FC,3,0,H,1,0,H,18,4,8,2,16,3,7,12,1,3,0,0
2008/09,2008-12-26,Manchester City FC,Hull City FC,5,1,H,4,0,H,23,15,16,11,8,10,15,14,0,4,0,0
2008/09,2008-12-26,Middlesbrough FC,Everton FC,0,1,A,0,0,D,7,11,5,6,5,8,28,14,5,1,0,0
2008/09,2008-12-26,Portsmouth FC,West Ham United FC,1,4,A,1,1,D,21,16,14,9,9,5,14,9,1,3,0,0
2008/09,2008-12-26,Stoke City FC,Manchester United FC,0,1,A,0,0,D,6,17,3,10,6,9,13,7,4,2,1,0
2008/09,2008-12-26,Sunderland AFC,Blackburn Rovers FC,0,0,D,0,0,D,13,7,8,3,5,2,5,11,0,3,0,0
2008/09,2008-12-26,Tottenham Hotspur FC,Fulham FC,0,0,D,0,0,D,14,10,7,7,4,2,7,11,0,1,0,0
2008/09,2008-12-26,Wigan Athletic FC,Newcastle United FC,2,1,H,1,0,H,11,5,5,3,7,4,14,11,2,3,0,1
2008/09,2008-12-28,Arsenal FC,Portsmouth FC,1,0,H,0,0,D,11,4,7,3,11,2,9,9,0,1,0,0
2008/09,2008-12-28,Blackburn Rovers FC,Manchester City FC,2,2,D,1,0,H,11,13,6,3,4,3,14,9,2,1,0,0
2008/09,2008-12-28,Bolton Wanderers FC,Wigan Athletic FC,0,1,A,0,1,A,14,10,8,7,8,7,14,13,2,3,0,0
2008/09,2008-12-28,Everton FC,Sunderland AFC,3,0,H,2,0,H,10,8,6,5,8,2,6,10,1,4,0,0
2008/09,2008-12-28,Fulham FC,Chelsea FC,2,2,D,1,0,H,5,19,2,14,1,7,9,8,1,2,0,0
2008/09,2008-12-28,Newcastle United FC,Liverpool FC,1,5,A,1,2,A,10,17,7,12,4,9,7,11,2,1,0,0
2008/09,2008-12-28,West Bromwich Albion FC,Tottenham Hotspur FC,2,0,H,0,0,D,17,4,11,3,8,4,13,12,3,2,0,1
2008/09,2008-12-28,West Ham United FC,Stoke City FC,2,1,H,0,1,A,15,8,7,5,8,4,10,13,3,3,0,1
2008/09,2008-12-29,Manchester United FC,Middlesbrough FC,1,0,H,0,0,D,28,7,13,2,8,4,10,17,2,0,0,0
2008/09,2008-12-30,Hull City FC,Aston Villa FC,0,1,A,0,0,D,8,7,3,3,9,5,11,8,1,2,0,0
2008/09,2009-01-10,Arsenal FC,Bolton Wanderers FC,1,0,H,0,0,D,14,2,9,2,5,0,13,16,2,2,0,0
2008/09,2009-01-10,Aston Villa FC,West Bromwich Albion FC,2,1,H,2,0,H,21,9,13,6,10,7,12,17,1,1,0,0
2008/09,2009-01-10,Everton FC,Hull City FC,2,0,H,2,0,H,8,5,5,0,5,3,14,26,2,5,0,0
2008/09,2009-01-10,Middlesbrough FC,Sunderland AFC,1,1,D,1,0,H,9,10,3,5,2,7,11,13,0,4,0,0
2008/09,2009-01-10,Newcastle United FC,West Ham United FC,2,2,D,1,1,D,21,12,12,11,8,3,10,18,1,0,0,0
2008/09,2009-01-10,Stoke City FC,Liverpool FC,0,0,D,0,0,D,5,7,0,3,4,5,10,10,2,2,0,0
2008/09,2009-01-11,Manchester United FC,Chelsea FC,3,0,H,1,0,H,14,10,11,6,6,3,14,14,3,5,0,0
2008/09,2009-01-11,Wigan Athletic FC,Tottenham Hotspur FC,1,0,H,0,0,D,13,6,5,3,8,3,13,13,3,3,0,0
2008/09,2009-01-14,Manchester United FC,Wigan Athletic FC,1,0,H,1,0,H,9,13,6,3,4,6,9,9,0,3,0,0
2008/09,2009-01-17,Blackburn Rovers FC,Newcastle United FC,3,0,H,0,0,D,9,10,4,3,2,5,13,10,2,3,0,1
2008/09,2009-01-17,Bolton Wanderers FC,Manchester United FC,0,1,A,0,0,D,7,16,2,13,1,8,8,5,1,1,0,0
2008/09,2009-01-17,Chelsea FC,Stoke City FC,2,1,H,0,0,D,37,4,22,1,10,4,6,16,0,3,0,0
2008/09,2009-01-17,Hull City FC,Arsenal FC,1,3,A,0,1,A,4,13,3,9,4,4,11,19,1,1,0,0
2008/09,2009-01-17,Manchester City FC,Wigan Athletic FC,1,0,H,0,0,D,10,15,3,6,2,11,12,16,1,4,1,0
2008/09,2009-01-17,Sunderland AFC,Aston Villa FC,1,2,A,1,0,H,9,4,6,3,8,6,14,17,4,2,0,1
2008/09,2009-01-17,West Bromwich Albion FC,Middlesbrough FC,3,0,H,1,0,H,12,9,8,3,5,3,13,4,0,2,0,1
2008/09,2009-01-18,Tottenham Hotspur FC,Portsmouth FC,1,1,D,0,0,D,26,11,15,4,8,4,6,10,0,2,0,0
2008/09,2009-01-18,West Ham United FC,Fulham FC,3,1,H,1,1,D,11,9,7,5,3,3,13,17,1,3,0,0
2008/09,2009-01-19,Liverpool FC,Everton FC,1,1,D,0,0,D,9,7,5,6,4,4,19,15,0,2,0,0
2008/09,2009-01-27,Portsmouth FC,Aston Villa FC,0,1,A,0,1,A,17,9,8,2,17,5,9,10,2,2,1,0
2008/09,2009-01-27,Sunderland AFC,Fulham FC,1,0,H,0,0,D,16,15,11,8,3,1,2,10,0,0,0,0
2008/09,2009-01-27,Tottenham Hotspur FC,Stoke City FC,3,1,H,3,0,H,22,6,14,3,7,4,19,21,2,3,0,0
2008/09,2009-01-27,West Bromwich Albion FC,Manchester United FC,0,5,A,0,2,A,10,17,4,10,5,4,11,7,5,2,1,0
2008/09,2009-01-28,Blackburn Rovers FC,Bolton Wanderers FC,2,2,D,0,2,A,15,9,12,5,6,4,12,14,3,4,0,0
2008/09,2009-01-28,Chelsea FC,Middlesbrough FC,2,0,H,0,0,D,23,7,12,5,8,3,6,20,0,2,0,0
2008/09,2009-01-28,Everton FC,Arsenal FC,1,1,D,0,0,D,7,7,3,4,7,6,9,11,2,2,0,0
2008/09,2009-01-28,Manchester City FC,Newcastle United FC,2,1,H,1,0,H,14,2,7,1,7,0,8,11,1,2,0,0
2008/09,2009-01-28,West Ham United FC,Hull City FC,2,0,H,1,0,H,25,15,13,12,11,5,11,15,0,1,0,0
2008/09,2009-01-28,Wigan Athletic FC,Liverpool FC,1,1,D,0,1,A,3,10,1,5,2,2,12,17,1,0,0,0
2008/09,2009-01-31,Arsenal FC,West Ham United FC,0,0,D,0,0,D,15,2,8,2,13,3,12,12,2,2,0,0
2008/09,2009-01-31,Aston Villa FC,Wigan Athletic FC,0,0,D,0,0,D,16,9,11,4,6,2,13,10,1,1,0,0
2008/09,2009-01-31,Bolton Wanderers FC,Tottenham Hotspur FC,3,2,H,1,0,H,13,13,7,10,2,8,11,14,0,1,0,0
2008/09,2009-01-31,Fulham FC,Portsmouth FC,3,1,H,1,0,H,6,12,6,6,5,8,9,8,0,1,0,0
2008/09,2009-01-31,Hull City FC,West Bromwich Albion FC,2,2,D,1,0,H,16,13,12,7,8,6,13,12,2,4,0,0
2008/09,2009-01-31,Manchester United FC,Everton FC,1,0,H,1,0,H,17,7,10,4,6,2,11,14,0,0,0,0
2008/09,2009-01-31,Middlesbrough FC,Blackburn Rovers FC,0,0,D,0,0,D,7,15,4,10,3,9,9,16,0,4,0,0
2008/09,2009-01-31,Stoke City FC,Manchester City FC,1,0,H,1,0,H,7,17,4,7,7,6,9,9,1,1,1,0
2008/09,2009-02-01,Liverpool FC,Chelsea FC,2,0,H,0,0,D,21,4,15,1,12,1,20,15,4,3,0,1
2008/09,2009-02-01,Newcastle United FC,Sunderland AFC,1,1,D,0,1,A,15,16,10,9,4,3,13,19,2,4,0,0
2008/09,2009-02-07,Blackburn Rovers FC,Aston Villa FC,0,2,A,0,1,A,17,15,8,8,4,13,11,9,2,0,0,0
2008/09,2009-02-07,Chelsea FC,Hull City FC,0,0,D,0,0,D,13,12,6,4,13,3,11,16,1,2,0,0
2008/09,2009-02-07,Everton FC,Bolton Wanderers FC,3,0,H,1,0,H,20,7,11,4,8,4,7,17,1,1,0,0
2008/09,2009-02-07,Manchester City FC,Middlesbrough FC,1,0,H,0,0,D,20,7,12,4,13,3,6,10,0,1,0,0
2008/09,2009-02-07,Portsmouth FC,Liverpool FC,2,3,A,0,0,D,9,14,7,9,2,4,10,9,1,0,0,0
2008/09,2009-02-07,Sunderland AFC,Stoke City FC,2,0,H,0,0,D,12,5,6,1,3,3,7,9,2,1,0,1
2008/09,2009-02-07,West Bromwich Albion FC,Newcastle United FC,2,3,A,1,3,A,13,10,7,7,3,4,7,11,2,2,0,0
2008/09,2009-02-07,Wigan Athletic FC,Fulham FC,0,0,D,0,0,D,10,8,3,2,4,8,9,12,1,2,0,0
2008/09,2009-02-08,Tottenham Hotspur FC,Arsenal FC,0,0,D,0,0,D,16,4,6,1,6,4,14,14,1,2,0,1
2008/09,2009-02-08,West Ham United FC,Manchester United FC,0,1,A,0,0,D,9,11,5,6,5,11,14,8,1,1,0,0
2008/09,2009-02-14,Portsmouth FC,Manchester City FC,2,0,H,0,0,D,15,10,9,7,8,2,12,8,1,3,0,0
2008/09,2009-02-18,Manchester United FC,Fulham FC,3,0,H,2,0,H,17,5,9,0,11,2,7,13,1,1,0,0
2008/09,2009-02-21,Arsenal FC,Sunderland AFC,0,0,D,0,0,D,16,3,9,2,8,3,6,12,2,2,0,0
2008/09,2009-02-21,Aston Villa FC,Chelsea FC,0,1,A,0,1,A,12,18,5,12,6,11,9,12,1,3,0,0
2008/09,2009-02-21,Bolton Wanderers FC,West Ham United FC,2,1,H,2,0,H,12,17,8,12,4,13,18,14,0,2,0,0
2008/09,2009-02-21,Manchester United FC,Blackburn Rovers FC,2,1,H,1,1,D,15,12,7,7,4,7,7,19,2,2,0,0
2008/09,2009-02-21,Middlesbrough FC,Wigan Athletic FC,0,0,D,0,0,D,6,12,3,6,5,1,6,15,2,4,0,0
2008/09,2009-02-21,Stoke City FC,Portsmouth FC,2,2,D,0,0,D,6,6,2,2,2,3,6,10,1,3,0,0
2008/09,2009-02-22,Fulham FC,West Bromwich Albion FC,2,0,H,0,0,D,19,8,9,5,12,4,11,10,0,1,0,0
2008/09,2009-02-22,Liverpool FC,Manchester City FC,1,1,D,0,0,D,18,10,5,4,6,4,10,13,1,2,0,0
2008/09,2009-02-22,Newcastle United FC,Everton FC,0,0,D,0,0,D,4,15,0,5,0,6,15,15,0,1,1,0
2008/09,2009-02-23,Hull City FC,Tottenham Hotspur FC,1,2,A,1,1,D,12,9,4,6,11,13,11,7,2,1,0,0
2008/09,2009-02-28,Arsenal FC,Fulham FC,0,0,D,0,0,D,16,12,8,3,11,6,6,14,0,0,0,0
2008/09,2009-02-28,Chelsea FC,Wigan Athletic FC,2,1,H,1,0,H,17,13,13,7,12,8,14,11,3,2,0,0
2008/09,2009-02-28,Everton FC,West Bromwich Albion FC,2,0,H,1,0,H,11,17,6,9,3,6,9,14,1,1,0,0
2008/09,2009-02-28,Middlesbrough FC,Liverpool FC,2,0,H,1,0,H,5,16,3,7,2,9,2,6,2,0,0,0
2008/09,2009-03-01,Aston Villa FC,Stoke City FC,2,2,D,1,0,H,11,7,7,3,6,6,7,12,1,1,0,0
2008/09,2009-03-01,Bolton Wanderers FC,Newcastle United FC,1,0,H,0,0,D,10,19,6,11,1,10,14,9,2,3,0,0
2008/09,2009-03-01,Hull City FC,Blackburn Rovers FC,1,2,A,0,2,A,9,8,5,6,6,4,14,19,2,3,1,1
2008/09,2009-03-01,West Ham United FC,Manchester City FC,1,0,H,0,0,D,13,9,9,2,4,7,14,18,2,2,0,0
2008/09,2009-03-03,Liverpool FC,Sunderland AFC,2,0,H,0,0,D,22,5,12,2,6,2,9,6,1,1,0,0
2008/09,2009-03-03,Portsmouth FC,Chelsea FC,0,1,A,0,0,D,13,20,9,11,6,5,7,15,0,0,0,0
2008/09,2009-03-03,West Bromwich Albion FC,Arsenal FC,1,3,A,1,3,A,8,16,4,8,3,4,19,14,4,0,0,0
2008/09,2009-03-04,Blackburn Rovers FC,Everton FC,0,0,D,0,0,D,8,9,3,5,2,4,11,14,1,0,0,0
2008/09,2009-03-04,Fulham FC,Hull City FC,0,1,A,0,0,D,17,10,9,3,13,5,11,14,3,1,0,0
2008/09,2009-03-04,Manchester City FC,Aston Villa FC,2,0,H,1,0,H,15,7,7,5,6,5,7,11,1,2,0,0
2008/09,2009-03-04,Newcastle United FC,Manchester United FC,1,2,A,1,1,D,9,11,6,9,3,10,10,10,2,2,0,0
2008/09,2009-03-04,Stoke City FC,Bolton Wanderers FC,2,0,H,1,0,H,11,12,6,9,7,6,16,14,2,1,0,0
2008/09,2009-03-04,Tottenham Hotspur FC,Middlesbrough FC,4,0,H,3,0,H,12,15,7,6,4,8,7,6,0,1,0,0
2008/09,2009-03-04,Wigan Athletic FC,West Ham United FC,0,1,A,0,1,A,20,8,8,4,8,1,9,11,2,5,1,1
2008/09,2009-03-07,Sunderland AFC,Tottenham Hotspur FC,1,1,D,1,0,H,8,13,3,8,4,1,17,9,3,2,0,0
2008/09,2009-03-11,Fulham FC,Blackburn Rovers FC,1,2,A,1,0,H,10,16,8,9,9,9,14,8,1,1,0,0
2008/09,2009-03-14,Arsenal FC,Blackburn Rovers FC,4,0,H,1,0,H,18,7,12,3,7,4,8,14,0,4,0,0
2008/09,2009-03-14,Bolton Wanderers FC,Fulham FC,1,3,A,1,1,D,14,14,9,8,4,5,10,7,0,0,0,0
2008/09,2009-03-14,Everton FC,Stoke City FC,3,1,H,2,0,H,17,10,13,5,4,9,7,12,0,1,0,0
2008/09,2009-03-14,Hull City FC,Newcastle United FC,1,1,D,1,1,D,9,9,2,3,3,3,18,13,3,3,0,0
2008/09,2009-03-14,Manchester United FC,Liverpool FC,1,4,A,1,2,A,14,9,9,6,10,3,14,15,2,3,1,0
2008/09,2009-03-14,Middlesbrough FC,Portsmouth FC,1,1,D,0,1,A,16,8,11,4,12,4,9,11,1,3,1,0
2008/09,2009-03-14,Sunderland AFC,Wigan Athletic FC,1,2,A,1,2,A,7,9,3,5,6,2,8,11,0,1,0,0
2008/09,2009-03-15,Aston Villa FC,Tottenham Hotspur FC,1,2,A,0,1,A,11,10,5,9,9,5,12,9,1,3,0,0
2008/09,2009-03-15,Chelsea FC,Manchester City FC,1,0,H,1,0,H,18,6,6,3,4,3,7,8,0,2,0,0
2008/09,2009-03-16,West Ham United FC,West Bromwich Albion FC,0,0,D,0,0,D,9,8,4,4,3,4,10,10,1,1,0,0
2008/09,2009-03-21,Blackburn Rovers FC,West Ham United FC,1,1,D,0,1,A,15,6,11,2,6,1,14,9,2,1,0,0
2008/09,2009-03-21,Fulham FC,Manchester United FC,2,0,H,1,0,H,15,13,6,8,3,4,14,10,2,4,0,2
2008/09,2009-03-21,Newcastle United FC,Arsenal FC,1,3,A,0,0,D,11,15,8,10,8,4,12,12,0,1,0,0
2008/09,2009-03-21,Portsmouth FC,Everton FC,2,1,H,1,1,D,16,5,11,2,7,4,19,8,2,1,0,0
2008/09,2009-03-21,Stoke City FC,Middlesbrough FC,1,0,H,0,0,D,10,17,4,8,5,4,18,13,4,1,0,0
2008/09,2009-03-21,Tottenham Hotspur FC,Chelsea FC,1,0,H,0,0,D,8,15,4,9,8,7,14,8,2,2,0,0
2008/09,2009-03-21,West Bromwich Albion FC,Bolton Wanderers FC,1,1,D,0,0,D,11,14,4,11,8,4,10,12,2,1,0,0
2008/09,2009-03-22,Liverpool FC,Aston Villa FC,5,0,H,3,0,H,14,6,7,4,4,6,10,13,1,3,0,1
2008/09,2009-03-22,Manchester City FC,Sunderland AFC,1,0,H,0,0,D,18,6,10,5,7,7,16,12,3,6,0,1
2008/09,2009-03-22,Wigan Athletic FC,Hull City FC,1,0,H,0,0,D,16,8,6,2,5,4,14,13,1,3,0,0
2008/09,2009-04-04,Arsenal FC,Manchester City FC,2,0,H,1,0,H,17,9,9,4,7,2,11,9,1,3,0,0
2008/09,2009-04-04,Blackburn Rovers FC,Tottenham Hotspur FC,2,1,H,0,1,A,11,9,6,3,4,7,13,9,1,1,0,1
2008/09,2009-04-04,Bolton Wanderers FC,Middlesbrough FC,4,1,H,2,1,H,16,19,9,4,7,5,20,14,2,1,0,0
2008/09,2009-04-04,Fulham FC,Liverpool FC,0,1,A,0,0,D,3,19,1,10,3,6,8,10,2,2,0,0
2008/09,2009-04-04,Hull City FC,Portsmouth FC,0,0,D,0,0,D,9,7,1,2,1,4,13,14,0,2,0,1
2008/09,2009-04-04,Newcastle United FC,Chelsea FC,0,2,A,0,0,D,6,16,4,10,4,6,7,17,0,2,0,0
2008/09,2009-04-04,West Bromwich Albion FC,Stoke City FC,0,2,A,0,1,A,12,9,9,6,6,3,10,10,2,1,0,0
2008/09,2009-04-04,West Ham United FC,Sunderland AFC,2,0,H,1,0,H,16,14,11,9,11,8,10,7,1,1,0,0
2008/09,2009-04-05,Everton FC,Wigan Athletic FC,4,0,H,1,0,H,14,14,10,8,1,4,17,11,0,3,0,0
2008/09,2009-04-05,Manchester United FC,Aston Villa FC,3,2,H,1,1,D,14,8,9,8,8,4,11,15,1,2,0,0
2008/09,2009-04-11,Chelsea FC,Bolton Wanderers FC,4,3,H,1,0,H,20,14,9,6,8,4,11,17,0,0,0,0
2008/09,2009-04-11,Liverpool FC,Blackburn Rovers FC,4,0,H,2,0,H,22,7,12,5,7,2,6,13,2,1,0,0
2008/09,2009-04-11,Middlesbrough FC,Hull City FC,3,1,H,2,1,H,15,12,9,6,3,3,15,16,3,3,0,0
2008/09,2009-04-11,Portsmouth FC,West Bromwich Albion FC,2,2,D,1,0,H,14,12,4,7,4,2,16,10,3,1,0,0
2008/09,2009-04-11,Stoke City FC,Newcastle United FC,1,1,D,1,0,H,17,8,6,2,8,4,14,11,4,2,0,0
2008/09,2009-04-11,Sunderland AFC,Manchester United FC,1,2,A,0,1,A,12,18,7,8,5,4,6,3,1,2,0,0
2008/09,2009-04-11,Tottenham Hotspur FC,West Ham United FC,1,0,H,0,0,D,14,8,9,6,10,1,9,12,1,4,0,0
2008/09,2009-04-11,Wigan Athletic FC,Arsenal FC,1,4,A,1,0,H,11,15,5,8,6,5,15,16,3,3,0,0
2008/09,2009-04-12,Aston Villa FC,Everton FC,3,3,D,1,2,A,15,10,8,6,11,7,9,15,0,2,0,0
2008/09,2009-04-12,Manchester City FC,Fulham FC,1,3,A,1,0,H,13,15,5,11,8,3,9,8,0,1,0,0
2008/09,2009-04-18,Aston Villa FC,West Ham United FC,1,1,D,1,0,H,17,18,7,9,12,11,9,10,2,3,0,0
2008/09,2009-04-18,Middlesbrough FC,Fulham FC,0,0,D,0,0,D,18,11,14,6,9,1,10,14,3,1,0,0
2008/09,2009-04-18,Portsmouth FC,Bolton Wanderers FC,1,0,H,0,0,D,20,5,10,1,6,5,11,14,2,4,0,0
2008/09,2009-04-18,Stoke City FC,Blackburn Rovers FC,1,0,H,0,0,D,6,3,2,1,4,6,11,4,3,1,0,0
2008/09,2009-04-18,Sunderland AFC,Hull City FC,1,0,H,1,0,H,8,13,4,3,6,6,11,23,2,3,0,0
2008/09,2009-04-19,Manchester City FC,West Bromwich Albion FC,4,2,H,2,1,H,18,26,11,17,3,9,18,14,1,2,0,0
2008/09,2009-04-19,Tottenham Hotspur FC,Newcastle United FC,1,0,H,1,0,H,22,8,18,3,4,7,13,15,1,2,0,0
2008/09,2009-04-21,Liverpool FC,Arsenal FC,4,4,D,0,1,A,22,8,15,4,12,0,10,12,0,1,0,0
2008/09,2009-04-22,Chelsea FC,Everton FC,0,0,D,0,0,D,18,14,6,5,4,6,9,10,0,1,0,0
2008/09,2009-04-22,Manchester United FC,Portsmouth FC,2,0,H,1,0,H,20,5,14,1,6,2,10,8,1,0,0,0
2008/09,2009-04-25,Bolton Wanderers FC,Aston Villa FC,1,1,D,0,1,A,9,14,6,6,4,5,12,9,0,1,0,0
2008/09,2009-04-25,Everton FC,Manchester City FC,1,2,A,0,1,A,12,16,4,10,5,3,12,14,1,3,0,0
2008/09,2009-04-25,Fulham FC,Stoke City FC,1,0,H,1,0,H,10,9,7,2,5,7,8,11,1,2,0,0
2008/09,2009-04-25,Hull City FC,Liverpool FC,1,3,A,0,1,A,7,21,5,8,3,8,15,14,3,1,1,0
2008/09,2009-04-25,Manchester United FC,Tottenham Hotspur FC,5,2,H,0,2,A,21,6,14,4,6,2,14,10,3,3,0,0
2008/09,2009-04-25,West Bromwich Albion FC,Sunderland AFC,3,0,H,1,0,H,15,9,9,5,6,3,9,14,0,1,0,0
2008/09,2009-04-25,West Ham United FC,Chelsea FC,0,1,A,0,0,D,8,20,6,8,3,5,9,11,1,0,0,0
2008/09,2009-04-26,Arsenal FC,Middlesbrough FC,2,0,H,1,0,H,15,5,11,4,8,1,8,13,0,0,0,0
2008/09,2009-04-26,Blackburn Rovers FC,Wigan Athletic FC,2,0,H,1,0,H,14,17,8,8,3,9,11,11,0,0,0,0
2008/09,2009-04-27,Newcastle United FC,Portsmouth FC,0,0,D,0,0,D,13,15,8,7,7,10,13,8,2,2,0,0
2008/09,2009-05-02,Chelsea FC,Fulham FC,3,1,H,2,1,H,13,8,5,3,5,4,6,7,0,1,0,0
2008/09,2009-05-02,Manchester City FC,Blackburn Rovers FC,3,1,H,3,0,H,9,16,7,9,7,6,10,14,2,3,0,0
2008/09,2009-05-02,Middlesbrough FC,Manchester United FC,0,2,A,0,1,A,11,13,5,4,3,3,7,7,1,1,0,0
2008/09,2009-05-02,Portsmouth FC,Arsenal FC,0,3,A,0,2,A,12,15,4,9,5,11,9,10,3,1,1,0
2008/09,2009-05-02,Stoke City FC,West Ham United FC,0,1,A,0,1,A,13,7,7,3,7,0,8,9,3,2,0,0
2008/09,2009-05-02,Tottenham Hotspur FC,West Bromwich Albion FC,1,0,H,1,0,H,16,10,9,7,9,7,6,7,1,1,0,0
2008/09,2009-05-02,Wigan Athletic FC,Bolton Wanderers FC,0,0,D,0,0,D,16,10,7,2,9,6,14,10,2,3,0,0
2008/09,2009-05-03,Liverpool FC,Newcastle United FC,3,0,H,2,0,H,25,3,11,3,7,1,6,8,0,2,0,1
2008/09,2009-05-03,Sunderland AFC,Everton FC,0,2,A,0,0,D,8,10,3,8,9,3,15,12,3,4,0,0
2008/09,2009-05-04,Aston Villa FC,Hull City FC,1,0,H,1,0,H,12,9,8,5,13,7,13,10,0,2,0,0
2008/09,2009-05-09,Blackburn Rovers FC,Portsmouth FC,2,0,H,1,0,H,8,7,6,4,4,3,20,12,2,1,0,0
2008/09,2009-05-09,Bolton Wanderers FC,Sunderland AFC,0,0,D,0,0,D,8,15,4,4,10,3,12,3,2,0,0,0
2008/09,2009-05-09,Everton FC,Tottenham Hotspur FC,0,0,D,0,0,D,13,4,5,2,4,5,16,10,2,3,0,0
2008/09,2009-05-09,Fulham FC,Aston Villa FC,3,1,H,1,1,D,15,7,11,2,7,5,10,9,1,0,0,0
2008/09,2009-05-09,Hull City FC,Stoke City FC,1,2,A,0,1,A,14,10,5,2,5,3,12,15,0,1,0,0
2008/09,2009-05-09,West Bromwich Albion FC,Wigan Athletic FC,3,1,H,1,1,D,12,11,10,4,5,3,12,8,2,0,0,0
2008/09,2009-05-09,West Ham United FC,Liverpool FC,0,3,A,0,2,A,8,16,3,9,2,4,10,17,3,2,0,0
2008/09,2009-05-10,Arsenal FC,Chelsea FC,1,4,A,0,2,A,15,16,7,8,6,2,19,12,1,0,0,0
2008/09,2009-05-10,Manchester United FC,Manchester City FC,2,0,H,2,0,H,15,11,7,5,8,7,11,12,1,1,0,0
2008/09,2009-05-11,Newcastle United FC,Middlesbrough FC,3,1,H,1,1,D,19,11,9,5,11,1,7,15,3,1,0,0
2008/09,2009-05-13,Wigan Athletic FC,Manchester United FC,1,2,A,1,0,H,13,18,5,9,5,4,11,2,0,0,0,0
2008/09,2009-05-16,Bolton Wanderers FC,Hull City FC,1,1,D,1,0,H,16,20,9,12,5,7,11,9,1,2,0,0
2008/09,2009-05-16,Everton FC,West Ham United FC,3,1,H,1,1,D,18,8,9,3,6,3,15,14,1,2,0,1
2008/09,2009-05-16,Manchester United FC,Arsenal FC,0,0,D,0,0,D,11,14,5,11,2,6,13,14,0,5,0,0
2008/09,2009-05-16,Middlesbrough FC,Aston Villa FC,1,1,D,1,0,H,10,8,6,6,6,8,11,16,0,2,0,0
2008/09,2009-05-16,Newcastle United FC,Fulham FC,0,1,A,0,1,A,12,12,6,5,6,2,7,17,0,3,1,0
2008/09,2009-05-16,Stoke City FC,Wigan Athletic FC,2,0,H,0,0,D,13,8,8,3,6,3,8,11,0,0,0,0
2008/09,2009-05-16,Tottenham Hotspur FC,Manchester City FC,2,1,H,1,0,H,11,9,4,3,4,7,5,7,0,1,0,0
2008/09,2009-05-17,Chelsea FC,Blackburn Rovers FC,2,0,H,1,0,H,21,8,12,5,1,4,6,6,1,2,0,0
2008/09,2009-05-17,West Bromwich Albion FC,Liverpool FC,0,2,A,0,1,A,12,16,7,10,11,5,13,4,2,0,0,0
2008/09,2009-05-18,Portsmouth FC,Sunderland AFC,3,1,H,0,0,D,9,20,4,9,5,6,11,6,1,0,0,0
2008/09,2009-05-24,Arsenal FC,Stoke City FC,4,1,H,4,1,H,24,3,11,1,6,0,9,11,1,0,0,0
2008/09,2009-05-24,Aston Villa FC,Newcastle United FC,1,0,H,1,0,H,15,8,5,3,5,3,8,10,0,2,0,1
2008/09,2009-05-24,Blackburn Rovers FC,West Bromwich Albion FC,0,0,D,0,0,D,10,13,5,5,4,9,14,11,0,1,1,0
2008/09,2009-05-24,Fulham FC,Everton FC,0,2,A,0,1,A,10,13,4,10,2,2,15,10,0,0,0,0
2008/09,2009-05-24,Hull City FC,Manchester United FC,0,1,A,0,1,A,12,12,8,5,8,3,17,11,2,1,0,0
2008/09,2009-05-24,Liverpool FC,Tottenham Hotspur FC,3,1,H,1,0,H,20,8,9,4,9,2,14,4,0,1,0,0
2008/09,2009-05-24,Manchester City FC,Bolton Wanderers FC,1,0,H,1,0,H,20,8,12,4,15,9,8,10,0,0,0,0
2008/09,2009-05-24,Sunderland AFC,Chelsea FC,2,3,A,0,0,D,8,14,7,9,6,7,8,7,1,1,0,0
2008/09,2009-05-24,West Ham United FC,Middlesbrough FC,2,1,H,1,0,H,14,17,8,6,4,5,14,10,0,1,0,0
2008/09,2009-05-24,Wigan Athletic FC,Portsmouth FC,1,0,H,1,0,H,19,9,10,3,8,2,8,21,0,4,0,0
2009/10,2009-08-15,Aston Villa FC,Wigan Athletic FC,0,2,A,0,1,A,11,14,5,7,4,6,15,14,2,2,0,0
2009/10,2009-08-15,Blackburn Rovers FC,Manchester City FC,0,2,A,0,1,A,17,8,9,5,5,4,12,9,2,1,0,0
2009/10,2009-08-15,Bolton Wanderers FC,Sunderland AFC,0,1,A,0,1,A,11,20,3,13,4,7,16,10,2,1,0,0
2009/10,2009-08-15,Chelsea FC,Hull City FC,2,1,H,1,1,D,26,7,12,3,12,4,13,15,1,2,0,0
2009/10,2009-08-15,Everton FC,Arsenal FC,1,6,A,0,3,A,8,15,5,9,4,9,11,13,0,0,0,0
2009/10,2009-08-15,Portsmouth FC,Fulham FC,0,1,A,0,1,A,16,9,4,3,6,4,11,18,3,2,0,0
2009/10,2009-08-15,Stoke City FC,Burnley FC,2,0,H,2,0,H,12,9,5,5,3,6,15,10,2,2,0,0
2009/10,2009-08-15,Wolverhampton Wanderers FC,West Ham United FC,0,2,A,0,1,A,19,16,11,13,8,6,9,5,0,0,0,0
2009/10,2009-08-16,Manchester United FC,Birmingham City FC,1,0,H,1,0,H,26,6,17,4,13,2,13,7,1,1,0,0
2009/10,2009-08-16,Tottenham Hotspur FC,Liverpool FC,2,1,H,1,0,H,17,6,11,3,6,5,14,16,3,3,0,0
2009/10,2009-08-18,Sunderland AFC,Chelsea FC,1,3,A,1,0,H,4,20,3,9,1,14,14,10,2,2,0,0
2009/10,2009-08-18,Wigan Athletic FC,Wolverhampton Wanderers FC,0,1,A,0,1,A,18,9,5,3,4,4,8,21,0,3,0,0
2009/10,2009-08-19,Birmingham City FC,Portsmouth FC,1,0,H,0,0,D,9,9,5,4,4,5,11,20,0,5,0,0
2009/10,2009-08-19,Burnley FC,Manchester United FC,1,0,H,1,0,H,8,18,2,9,1,12,8,12,2,1,0,0
2009/10,2009-08-19,Hull City FC,Tottenham Hotspur FC,1,5,A,1,3,A,9,18,7,12,6,5,23,13,3,2,0,0
2009/10,2009-08-19,Liverpool FC,Stoke City FC,4,0,H,2,0,H,18,6,13,3,11,5,10,9,0,1,0,0
2009/10,2009-08-22,Arsenal FC,Portsmouth FC,4,1,H,2,1,H,19,9,16,4,8,4,9,10,1,0,0,0
2009/10,2009-08-22,Birmingham City FC,Stoke City FC,0,0,D,0,0,D,8,13,6,3,3,3,8,13,0,3,0,0
2009/10,2009-08-22,Hull City FC,Bolton Wanderers FC,1,0,H,0,0,D,12,20,5,10,4,12,19,19,3,2,0,0
2009/10,2009-08-22,Manchester City FC,Wolverhampton Wanderers FC,1,0,H,1,0,H,16,10,11,2,5,6,7,11,0,1,0,0
2009/10,2009-08-22,Sunderland AFC,Blackburn Rovers FC,2,1,H,1,1,D,8,18,5,5,0,10,12,14,2,1,0,0
2009/10,2009-08-22,Wigan Athletic FC,Manchester United FC,0,5,A,0,0,D,16,16,7,13,3,5,11,8,2,2,0,0
2009/10,2009-08-23,Burnley FC,Everton FC,1,0,H,1,0,H,8,17,4,11,3,7,11,13,1,0,0,0
2009/10,2009-08-23,Fulham FC,Chelsea FC,0,2,A,0,1,A,4,12,1,4,4,7,11,10,0,0,0,0
2009/10,2009-08-23,West Ham United FC,Tottenham Hotspur FC,1,2,A,0,0,D,17,17,8,10,4,8,13,11,2,1,0,0
2009/10,2009-08-24,Liverpool FC,Aston Villa FC,1,3,A,0,2,A,21,7,12,4,10,4,15,11,3,2,0,0
2009/10,2009-08-29,Blackburn Rovers FC,West Ham United FC,0,0,D,0,0,D,19,11,9,5,5,2,13,18,1,3,0,0
2009/10,2009-08-29,Bolton Wanderers FC,Liverpool FC,2,3,A,1,1,D,8,26,5,14,5,11,14,7,3,1,1,0
2009/10,2009-08-29,Chelsea FC,Burnley FC,3,0,H,1,0,H,27,3,17,0,10,1,7,5,0,1,0,0
2009/10,2009-08-29,Manchester United FC,Arsenal FC,2,1,H,0,1,A,10,9,4,3,6,5,21,15,3,6,0,0
2009/10,2009-08-29,Stoke City FC,Sunderland AFC,1,0,H,1,0,H,13,9,7,6,10,10,9,8,0,2,0,0
2009/10,2009-08-29,Tottenham Hotspur FC,Birmingham City FC,2,1,H,0,0,D,20,11,14,6,7,3,12,10,2,2,0,0
2009/10,2009-08-29,Wolverhampton Wanderers FC,Hull City FC,1,1,D,0,1,A,24,5,17,4,8,2,11,15,0,2,0,0
2009/10,2009-08-30,Aston Villa FC,Fulham FC,2,0,H,1,0,H,9,6,4,3,9,4,9,9,1,2,0,0
2009/10,2009-08-30,Everton FC,Wigan Athletic FC,2,1,H,0,0,D,26,12,14,7,12,5,11,24,1,5,0,0
2009/10,2009-08-30,Portsmouth FC,Manchester City FC,0,1,A,0,1,A,11,12,6,8,3,11,12,7,2,1,0,0
2009/10,2009-09-12,Blackburn Rovers FC,Wolverhampton Wanderers FC,3,1,H,1,0,H,13,9,10,5,10,6,13,16,1,2,0,0
2009/10,2009-09-12,Liverpool FC,Burnley FC,4,0,H,2,0,H,27,6,16,3,7,5,8,10,0,2,0,0
2009/10,2009-09-12,Manchester City FC,Arsenal FC,4,2,H,1,0,H,10,19,6,9,3,12,13,12,3,2,0,0
2009/10,2009-09-12,Portsmouth FC,Bolton Wanderers FC,2,3,A,1,2,A,21,14,11,6,7,5,17,17,2,0,0,0
2009/10,2009-09-12,Stoke City FC,Chelsea FC,1,2,A,1,1,D,4,18,2,10,4,14,13,11,3,3,0,0
2009/10,2009-09-12,Sunderland AFC,Hull City FC,4,1,H,1,1,D,7,6,4,5,7,8,18,15,2,2,0,0
2009/10,2009-09-12,Tottenham Hotspur FC,Manchester United FC,1,3,A,1,2,A,11,17,7,13,3,9,16,13,3,2,0,1
2009/10,2009-09-12,Wigan Athletic FC,West Ham United FC,1,0,H,0,0,D,12,12,6,5,6,7,13,11,2,1,0,0
2009/10,2009-09-13,Birmingham City FC,Aston Villa FC,0,1,A,0,0,D,11,12,7,5,7,1,10,20,1,2,0,0
2009/10,2009-09-13,Fulham FC,Everton FC,2,1,H,0,1,A,14,6,8,6,5,3,6,10,1,0,0,0
2009/10,2009-09-19,Arsenal FC,Wigan Athletic FC,4,0,H,1,0,H,23,8,11,5,6,4,6,18,2,2,0,0
2009/10,2009-09-19,Aston Villa FC,Portsmouth FC,2,0,H,2,0,H,7,17,5,12,7,5,17,12,2,0,0,0
2009/10,2009-09-19,Bolton Wanderers FC,Stoke City FC,1,1,D,0,0,D,11,10,5,6,4,6,6,11,2,2,0,0
2009/10,2009-09-19,Burnley FC,Sunderland AFC,3,1,H,1,1,D,10,8,3,5,4,4,4,15,0,3,0,0
2009/10,2009-09-19,Hull City FC,Birmingham City FC,0,1,A,0,0,D,16,14,11,9,10,8,15,13,0,2,0,0
2009/10,2009-09-19,West Ham United FC,Liverpool FC,2,3,A,2,2,D,8,19,5,15,4,4,13,17,3,3,0,0
2009/10,2009-09-20,Chelsea FC,Tottenham Hotspur FC,3,0,H,1,0,H,25,9,15,4,11,3,7,9,0,2,0,0
2009/10,2009-09-20,Everton FC,Blackburn Rovers FC,3,0,H,1,0,H,18,7,11,4,6,2,15,18,1,2,0,0
2009/10,2009-09-20,Manchester United FC,Manchester City FC,4,3,H,1,1,D,21,10,11,6,11,1,15,14,2,2,0,0
2009/10,2009-09-20,Wolverhampton Wanderers FC,Fulham FC,2,1,H,1,0,H,12,3,4,1,3,3,14,11,1,1,0,0
2009/10,2009-09-26,Birmingham City FC,Bolton Wanderers FC,1,2,A,0,1,A,12,10,6,4,8,4,9,17,2,1,0,0
2009/10,2009-09-26,Blackburn Rovers FC,Aston Villa FC,2,1,H,1,1,D,15,10,7,5,6,5,14,11,2,3,1,0
2009/10,2009-09-26,Fulham FC,Arsenal FC,0,1,A,0,0,D,18,14,12,4,4,6,14,11,4,0,0,0
2009/10,2009-09-26,Liverpool FC,Hull City FC,6,1,H,2,1,H,22,7,14,3,13,2,10,3,1,4,0,0
2009/10,2009-09-26,Portsmouth FC,Everton FC,0,1,A,0,1,A,16,12,12,8,5,6,14,17,0,3,0,0
2009/10,2009-09-26,Stoke City FC,Manchester United FC,0,2,A,0,0,D,2,13,1,7,2,7,9,8,1,1,0,0
2009/10,2009-09-26,Tottenham Hotspur FC,Burnley FC,5,0,H,2,0,H,18,10,12,7,2,7,10,14,1,1,0,0
2009/10,2009-09-26,Wigan Athletic FC,Chelsea FC,3,1,H,1,0,H,15,14,9,8,4,7,11,11,1,2,0,1
2009/10,2009-09-27,Sunderland AFC,Wolverhampton Wanderers FC,5,2,H,1,0,H,10,15,8,11,7,8,18,11,1,3,0,0
2009/10,2009-09-28,Manchester City FC,West Ham United FC,3,1,H,2,1,H,20,12,12,8,11,5,18,14,1,1,0,0
2009/10,2009-10-03,Bolton Wanderers FC,Tottenham Hotspur FC,2,2,D,1,1,D,12,17,9,9,5,6,15,16,2,1,0,0
2009/10,2009-10-03,Burnley FC,Birmingham City FC,2,1,H,0,0,D,15,10,13,6,8,4,17,11,0,3,0,0
2009/10,2009-10-03,Hull City FC,Wigan Athletic FC,2,1,H,0,0,D,11,13,6,5,4,2,14,8,0,2,0,0
2009/10,2009-10-03,Manchester United FC,Sunderland AFC,2,2,D,0,1,A,17,4,9,3,14,1,11,15,2,3,0,1
2009/10,2009-10-03,Wolverhampton Wanderers FC,Portsmouth FC,0,1,A,0,1,A,11,12,5,8,8,6,8,12,1,2,0,0
2009/10,2009-10-04,Arsenal FC,Blackburn Rovers FC,6,2,H,3,2,H,24,7,18,7,8,1,9,10,1,1,0,0
2009/10,2009-10-04,Chelsea FC,Liverpool FC,2,0,H,0,0,D,12,12,8,3,5,8,14,17,1,1,0,0
2009/10,2009-10-04,Everton FC,Stoke City FC,1,1,D,0,0,D,24,8,17,6,11,4,5,15,1,3,0,0
2009/10,2009-10-04,West Ham United FC,Fulham FC,2,2,D,1,0,H,20,10,10,6,8,4,12,9,3,2,0,1
2009/10,2009-10-05,Aston Villa FC,Manchester City FC,1,1,D,1,0,H,12,9,6,7,6,6,10,8,1,2,0,0
2009/10,2009-10-17,Arsenal FC,Birmingham City FC,3,1,H,2,1,H,20,3,12,2,7,3,8,16,1,2,0,0
2009/10,2009-10-17,Aston Villa FC,Chelsea FC,2,1,H,1,1,D,7,21,5,13,6,9,19,13,2,1,0,0
2009/10,2009-10-17,Everton FC,Wolverhampton Wanderers FC,1,1,D,0,0,D,13,12,5,6,6,5,6,15,1,3,0,1
2009/10,2009-10-17,Manchester United FC,Bolton Wanderers FC,2,1,H,2,0,H,13,15,7,7,13,1,15,8,0,1,0,0
2009/10,2009-10-17,Portsmouth FC,Tottenham Hotspur FC,1,2,A,0,2,A,23,9,13,4,10,9,14,13,3,3,1,1
2009/10,2009-10-17,Stoke City FC,West Ham United FC,2,1,H,1,1,D,11,12,4,11,5,6,16,13,3,3,0,0
2009/10,2009-10-17,Sunderland AFC,Liverpool FC,1,0,H,1,0,H,13,15,7,6,1,7,20,17,2,1,0,0
2009/10,2009-10-18,Blackburn Rovers FC,Burnley FC,3,2,H,3,1,H,12,9,6,5,3,2,18,14,3,3,0,0
2009/10,2009-10-18,Wigan Athletic FC,Manchester City FC,1,1,D,1,0,H,13,5,7,4,6,6,15,11,2,1,0,1
2009/10,2009-10-19,Fulham FC,Hull City FC,2,0,H,1,0,H,17,5,11,2,7,4,13,15,1,1,0,0
2009/10,2009-10-24,Birmingham City FC,Sunderland AFC,2,1,H,1,0,H,19,14,13,6,6,8,9,14,3,1,0,0
2009/10,2009-10-24,Burnley FC,Wigan Athletic FC,1,3,A,1,1,D,12,13,9,8,7,4,12,11,2,0,0,0
2009/10,2009-10-24,Chelsea FC,Blackburn Rovers FC,5,0,H,1,0,H,26,5,15,2,8,0,8,10,0,1,0,0
2009/10,2009-10-24,Hull City FC,Portsmouth FC,0,0,D,0,0,D,7,8,3,2,6,6,16,23,2,1,0,0
2009/10,2009-10-24,Tottenham Hotspur FC,Stoke City FC,0,1,A,0,0,D,22,8,12,2,7,1,8,18,0,3,0,0
2009/10,2009-10-24,Wolverhampton Wanderers FC,Aston Villa FC,1,1,D,0,0,D,8,12,4,8,8,3,10,16,1,2,0,0
2009/10,2009-10-25,Bolton Wanderers FC,Everton FC,3,2,H,2,1,H,12,17,8,12,4,4,14,15,3,1,0,0
2009/10,2009-10-25,Liverpool FC,Manchester United FC,2,0,H,0,0,D,11,7,6,5,5,1,20,11,2,3,1,1
2009/10,2009-10-25,Manchester City FC,Fulham FC,2,2,D,0,0,D,20,11,7,5,14,2,11,12,0,2,0,0
2009/10,2009-10-25,West Ham United FC,Arsenal FC,2,2,D,0,2,A,15,15,9,10,6,8,17,15,3,2,1,0
2009/10,2009-10-31,Arsenal FC,Tottenham Hotspur FC,3,0,H,2,0,H,18,7,12,5,6,2,10,10,1,1,0,0
2009/10,2009-10-31,Bolton Wanderers FC,Chelsea FC,0,4,A,0,1,A,15,27,6,17,8,10,9,7,1,1,1,0
2009/10,2009-10-31,Burnley FC,Hull City FC,2,0,H,1,0,H,11,8,5,6,8,1,12,13,1,4,0,1
2009/10,2009-10-31,Everton FC,Aston Villa FC,1,1,D,1,0,H,9,13,4,8,3,4,15,16,1,3,1,1
2009/10,2009-10-31,Fulham FC,Liverpool FC,3,1,H,1,1,D,10,6,6,3,2,2,10,13,1,0,0,2
2009/10,2009-10-31,Manchester United FC,Blackburn Rovers FC,2,0,H,0,0,D,20,2,11,1,7,2,10,21,0,2,0,0
2009/10,2009-10-31,Portsmouth FC,Wigan Athletic FC,4,0,H,2,0,H,21,8,11,3,7,4,11,10,0,1,0,0
2009/10,2009-10-31,Stoke City FC,Wolverhampton Wanderers FC,2,2,D,2,0,H,10,11,5,7,4,3,13,15,0,3,0,0
2009/10,2009-10-31,Sunderland AFC,West Ham United FC,2,2,D,1,2,A,17,15,7,9,7,3,12,16,3,3,1,1
2009/10,2009-11-01,Birmingham City FC,Manchester City FC,0,0,D,0,0,D,7,14,4,6,4,8,9,8,3,1,1,0
2009/10,2009-11-04,West Ham United FC,Aston Villa FC,2,1,H,1,0,H,14,13,7,10,6,14,11,12,2,4,0,1
2009/10,2009-11-07,Aston Villa FC,Bolton Wanderers FC,5,1,H,2,1,H,19,13,13,9,8,1,17,16,1,4,0,0
2009/10,2009-11-07,Blackburn Rovers FC,Portsmouth FC,3,1,H,0,1,A,10,9,6,3,8,5,12,18,3,3,0,0
2009/10,2009-11-07,Manchester City FC,Burnley FC,3,3,D,1,2,A,13,6,8,4,8,3,10,11,1,3,0,0
2009/10,2009-11-07,Tottenham Hotspur FC,Sunderland AFC,2,0,H,1,0,H,10,14,8,6,4,4,10,19,1,2,0,0
2009/10,2009-11-07,Wolverhampton Wanderers FC,Arsenal FC,1,4,A,0,3,A,8,11,6,6,4,4,9,15,2,3,0,0
2009/10,2009-11-08,Chelsea FC,Manchester United FC,1,0,H,0,0,D,12,21,9,10,0,7,13,15,3,3,0,0
2009/10,2009-11-08,Hull City FC,Stoke City FC,2,1,H,0,1,A,16,7,8,4,4,2,12,14,1,4,0,1
2009/10,2009-11-08,West Ham United FC,Everton FC,1,2,A,0,1,A,16,9,7,6,5,4,12,18,0,5,0,0
2009/10,2009-11-08,Wigan Athletic FC,Fulham FC,1,1,D,1,1,D,19,7,12,3,10,6,15,16,2,1,0,0
2009/10,2009-11-09,Liverpool FC,Birmingham City FC,2,2,D,1,2,A,27,5,14,2,11,1,7,9,1,2,0,0
2009/10,2009-11-21,Birmingham City FC,Fulham FC,1,0,H,1,0,H,3,12,2,5,0,7,7,9,1,0,0,0
2009/10,2009-11-21,Burnley FC,Aston Villa FC,1,1,D,1,0,H,11,10,6,6,6,8,6,12,0,3,0,0
2009/10,2009-11-21,Chelsea FC,Wolverhampton Wanderers FC,4,0,H,3,0,H,23,4,14,3,5,6,4,14,0,2,0,0
2009/10,2009-11-21,Hull City FC,West Ham United FC,3,3,D,3,2,H,12,16,8,10,5,3,9,17,0,4,1,0
2009/10,2009-11-21,Liverpool FC,Manchester City FC,2,2,D,0,0,D,10,9,6,6,7,3,9,13,2,0,0,0
2009/10,2009-11-21,Manchester United FC,Everton FC,3,0,H,1,0,H,18,11,11,5,13,4,4,6,2,2,0,0
2009/10,2009-11-21,Sunderland AFC,Arsenal FC,1,0,H,0,0,D,5,9,1,3,2,6,10,10,2,1,0,0
2009/10,2009-11-22,Bolton Wanderers FC,Blackburn Rovers FC,0,2,A,0,1,A,15,15,8,11,7,7,13,12,3,1,0,0
2009/10,2009-11-22,Stoke City FC,Portsmouth FC,1,0,H,0,0,D,9,14,3,7,4,4,15,13,1,2,0,0
2009/10,2009-11-22,Tottenham Hotspur FC,Wigan Athletic FC,9,1,H,1,0,H,28,11,16,5,10,5,9,11,1,0,0,0
2009/10,2009-11-25,Fulham FC,Blackburn Rovers FC,3,0,H,1,0,H,8,7,4,3,3,3,7,13,0,0,0,0
2009/10,2009-11-25,Hull City FC,Everton FC,3,2,H,3,0,H,8,5,7,3,3,4,18,23,1,4,0,0
2009/10,2009-11-28,Aston Villa FC,Tottenham Hotspur FC,1,1,D,1,0,H,12,23,4,17,7,9,10,8,0,1,0,0
2009/10,2009-11-28,Blackburn Rovers FC,Stoke City FC,0,0,D,0,0,D,11,7,4,4,9,2,12,11,1,2,0,0
2009/10,2009-11-28,Fulham FC,Bolton Wanderers FC,1,1,D,0,1,A,12,4,7,2,8,5,7,21,1,6,0,0
2009/10,2009-11-28,Manchester City FC,Hull City FC,1,1,D,1,0,H,17,8,7,3,8,2,14,12,1,3,0,0
2009/10,2009-11-28,Portsmouth FC,Manchester United FC,1,4,A,1,1,D,20,12,12,8,4,8,16,10,4,3,0,0
2009/10,2009-11-28,West Ham United FC,Burnley FC,5,3,H,3,0,H,9,16,5,10,1,7,10,15,2,1,0,1
2009/10,2009-11-28,Wigan Athletic FC,Sunderland AFC,1,0,H,0,0,D,16,9,10,4,5,8,12,14,0,3,0,0
2009/10,2009-11-29,Arsenal FC,Chelsea FC,0,3,A,0,2,A,5,7,3,5,4,3,17,12,2,2,0,0
2009/10,2009-11-29,Everton FC,Liverpool FC,0,2,A,0,1,A,12,9,8,7,6,4,15,12,1,0,0,0
2009/10,2009-11-29,Wolverhampton Wanderers FC,Birmingham City FC,0,1,A,0,1,A,8,13,2,7,6,5,14,8,2,1,0,0
2009/10,2009-12-05,Arsenal FC,Stoke City FC,2,0,H,1,0,H,12,5,8,4,10,2,3,7,0,0,0,0
2009/10,2009-12-05,Aston Villa FC,Hull City FC,3,0,H,2,0,H,13,5,6,1,9,3,15,15,4,3,0,0
2009/10,2009-12-05,Blackburn Rovers FC,Liverpool FC,0,0,D,0,0,D,9,15,3,11,1,8,15,9,1,0,0,0
2009/10,2009-12-05,Manchester City FC,Chelsea FC,2,1,H,1,1,D,13,10,8,6,9,6,12,17,1,6,0,0
2009/10,2009-12-05,Portsmouth FC,Burnley FC,2,0,H,0,0,D,9,14,4,8,5,5,16,14,4,2,0,0
2009/10,2009-12-05,West Ham United FC,Manchester United FC,0,4,A,0,1,A,11,18,7,11,2,8,8,16,0,1,0,0
2009/10,2009-12-05,Wigan Athletic FC,Birmingham City FC,2,3,A,1,0,H,18,10,7,9,2,2,14,8,2,0,0,0
2009/10,2009-12-05,Wolverhampton Wanderers FC,Bolton Wanderers FC,2,1,H,1,0,H,12,17,11,10,11,10,9,16,2,1,0,0
2009/10,2009-12-06,Everton FC,Tottenham Hotspur FC,2,2,D,0,0,D,15,19,6,11,1,6,11,18,4,4,0,0
2009/10,2009-12-06,Fulham FC,Sunderland AFC,1,0,H,1,0,H,16,8,5,5,4,8,9,12,1,2,0,0
2009/10,2009-12-12,Birmingham City FC,West Ham United FC,1,0,H,0,0,D,16,14,9,7,11,7,12,13,3,4,0,1
2009/10,2009-12-12,Bolton Wanderers FC,Manchester City FC,3,3,D,2,2,D,12,14,8,6,5,9,11,9,3,3,0,1
2009/10,2009-12-12,Burnley FC,Fulham FC,1,1,D,0,0,D,10,12,8,6,7,4,12,8,0,2,0,0
2009/10,2009-12-12,Chelsea FC,Everton FC,3,3,D,2,2,D,25,10,13,7,7,1,13,17,0,1,0,0
2009/10,2009-12-12,Hull City FC,Blackburn Rovers FC,0,0,D,0,0,D,9,14,7,9,3,4,14,19,1,2,0,0
2009/10,2009-12-12,Manchester United FC,Aston Villa FC,0,1,A,0,1,A,16,8,9,5,9,4,4,14,1,1,0,0
2009/10,2009-12-12,Stoke City FC,Wigan Athletic FC,2,2,D,1,1,D,14,11,5,8,5,3,19,8,5,1,0,0
2009/10,2009-12-12,Sunderland AFC,Portsmouth FC,1,1,D,1,0,H,16,9,9,6,9,6,12,14,4,3,0,1
2009/10,2009-12-12,Tottenham Hotspur FC,Wolverhampton Wanderers FC,0,1,A,0,1,A,18,3,10,3,1,5,8,13,0,5,0,0
2009/10,2009-12-13,Liverpool FC,Arsenal FC,1,2,A,1,0,H,6,7,3,5,3,4,19,16,3,3,0,0
2009/10,2009-12-15,Birmingham City FC,Blackburn Rovers FC,2,1,H,1,0,H,13,8,6,4,6,7,8,16,2,2,0,0
2009/10,2009-12-15,Bolton Wanderers FC,West Ham United FC,3,1,H,0,0,D,23,9,12,6,8,4,10,7,4,1,0,0
2009/10,2009-12-15,Manchester United FC,Wolverhampton Wanderers FC,3,0,H,2,0,H,12,4,9,1,8,3,11,11,1,1,0,0
2009/10,2009-12-15,Sunderland AFC,Aston Villa FC,0,2,A,0,1,A,15,11,5,4,7,1,16,14,2,2,1,0
2009/10,2009-12-16,Burnley FC,Arsenal FC,1,1,D,1,1,D,8,17,3,9,3,6,11,11,2,0,0,0
2009/10,2009-12-16,Chelsea FC,Portsmouth FC,2,1,H,1,0,H,21,7,8,3,11,2,11,11,0,0,0,0
2009/10,2009-12-16,Liverpool FC,Wigan Athletic FC,2,1,H,1,0,H,12,8,7,5,13,0,12,11,1,1,0,0
2009/10,2009-12-16,Tottenham Hotspur FC,Manchester City FC,3,0,H,1,0,H,19,9,7,5,5,6,10,8,2,3,0,0
2009/10,2009-12-19,Arsenal FC,Hull City FC,3,0,H,1,0,H,18,6,9,2,8,0,9,14,1,5,0,0
2009/10,2009-12-19,Aston Villa FC,Stoke City FC,1,0,H,0,0,D,17,13,8,5,3,4,9,12,0,1,0,0
2009/10,2009-12-19,Blackburn Rovers FC,Tottenham Hotspur FC,0,2,A,0,1,A,13,7,9,2,5,0,7,6,0,1,0,0
2009/10,2009-12-19,Fulham FC,Manchester United FC,3,0,H,1,0,H,10,16,7,4,5,2,10,9,0,1,0,0
2009/10,2009-12-19,Manchester City FC,Sunderland AFC,4,3,H,3,2,H,11,7,5,5,6,4,13,8,2,2,0,1
2009/10,2009-12-19,Portsmouth FC,Liverpool FC,2,0,H,1,0,H,14,7,6,3,8,10,7,12,3,3,0,1
2009/10,2009-12-20,Everton FC,Birmingham City FC,1,1,D,1,1,D,19,2,7,1,6,4,8,9,0,3,0,0
2009/10,2009-12-20,West Ham United FC,Chelsea FC,1,1,D,1,0,H,6,20,5,6,5,5,17,16,4,3,0,0
2009/10,2009-12-20,Wolverhampton Wanderers FC,Burnley FC,2,0,H,1,0,H,12,10,12,6,5,5,17,9,2,1,0,0
2009/10,2009-12-26,Birmingham City FC,Chelsea FC,0,0,D,0,0,D,11,27,4,12,7,11,6,17,1,2,0,1
2009/10,2009-12-26,Burnley FC,Bolton Wanderers FC,1,1,D,0,1,A,15,11,7,5,8,2,11,12,0,0,0,0
2009/10,2009-12-26,Fulham FC,Tottenham Hotspur FC,0,0,D,0,0,D,15,6,6,1,4,2,19,12,1,0,0,0
2009/10,2009-12-26,Liverpool FC,Wolverhampton Wanderers FC,2,0,H,0,0,D,14,6,10,2,7,1,9,10,0,1,0,1
2009/10,2009-12-26,Manchester City FC,Stoke City FC,2,0,H,2,0,H,12,7,6,3,7,6,13,10,0,2,0,0
2009/10,2009-12-26,Sunderland AFC,Everton FC,1,1,D,1,0,H,10,12,6,4,4,12,17,16,1,3,0,0
2009/10,2009-12-26,West Ham United FC,Portsmouth FC,2,0,H,1,0,H,13,11,5,7,6,4,10,19,0,3,0,0
2009/10,2009-12-26,Wigan Athletic FC,Blackburn Rovers FC,1,1,D,0,1,A,14,8,8,3,6,2,10,18,1,4,0,0
2009/10,2009-12-27,Arsenal FC,Aston Villa FC,3,0,H,0,0,D,19,7,12,3,10,4,14,18,1,3,0,0
2009/10,2009-12-27,Hull City FC,Manchester United FC,1,3,A,0,1,A,12,19,6,11,5,6,13,17,0,2,0,0
2009/10,2009-12-28,Blackburn Rovers FC,Sunderland AFC,2,2,D,0,0,D,21,13,11,8,4,4,6,20,1,4,0,0
2009/10,2009-12-28,Chelsea FC,Fulham FC,2,1,H,0,1,A,18,3,11,3,10,6,9,13,1,1,0,0
2009/10,2009-12-28,Everton FC,Burnley FC,2,0,H,0,0,D,24,12,16,9,10,6,7,18,1,5,0,1
2009/10,2009-12-28,Stoke City FC,Birmingham City FC,0,1,A,0,0,D,12,9,6,5,10,7,15,13,2,3,0,0
2009/10,2009-12-28,Tottenham Hotspur FC,West Ham United FC,2,0,H,1,0,H,21,3,9,2,9,3,9,14,2,3,0,0
2009/10,2009-12-28,Wolverhampton Wanderers FC,Manchester City FC,0,3,A,0,1,A,11,12,6,5,8,3,16,11,3,2,0,0
2009/10,2009-12-29,Aston Villa FC,Liverpool FC,0,1,A,0,0,D,11,12,7,9,8,10,13,11,1,1,0,0
2009/10,2009-12-29,Bolton Wanderers FC,Hull City FC,2,2,D,1,0,H,16,12,6,7,8,8,14,18,1,2,0,0
2009/10,2009-12-30,Manchester United FC,Wigan Athletic FC,5,0,H,3,0,H,23,11,16,6,7,3,6,11,0,1,0,0
2009/10,2009-12-30,Portsmouth FC,Arsenal FC,1,4,A,0,2,A,10,14,6,10,2,10,14,3,2,0,0,0
2009/10,2010-01-05,Stoke City FC,Fulham FC,3,2,H,3,0,H,11,14,9,7,8,10,13,7,1,0,0,0
2009/10,2010-01-09,Arsenal FC,Everton FC,2,2,D,1,1,D,6,9,5,5,6,8,10,11,1,1,0,0
2009/10,2010-01-09,Birmingham City FC,Manchester United FC,1,1,D,1,0,H,6,14,5,10,2,12,10,13,2,1,0,1
2009/10,2010-01-11,Manchester City FC,Blackburn Rovers FC,4,1,H,2,0,H,12,8,6,3,4,3,6,10,1,1,0,0
2009/10,2010-01-16,Chelsea FC,Sunderland AFC,7,2,H,4,0,H,23,7,13,3,15,1,4,10,0,1,0,0
2009/10,2010-01-16,Everton FC,Manchester City FC,2,0,H,2,0,H,13,8,6,4,11,3,14,14,0,0,0,0
2009/10,2010-01-16,Manchester United FC,Burnley FC,3,0,H,0,0,D,24,11,11,5,7,1,12,7,0,0,0,0
2009/10,2010-01-16,Stoke City FC,Liverpool FC,1,1,D,0,0,D,6,4,5,3,10,0,14,10,1,2,0,0
2009/10,2010-01-16,Tottenham Hotspur FC,Hull City FC,0,0,D,0,0,D,25,8,18,2,14,1,14,11,4,2,0,0
2009/10,2010-01-16,Wolverhampton Wanderers FC,Wigan Athletic FC,0,2,A,0,0,D,9,20,4,14,4,3,14,16,4,3,1,1
2009/10,2010-01-17,Aston Villa FC,West Ham United FC,0,0,D,0,0,D,17,8,10,3,16,4,7,12,1,3,0,0
2009/10,2010-01-17,Blackburn Rovers FC,Fulham FC,2,0,H,1,0,H,11,14,7,9,3,6,14,9,1,3,0,0
2009/10,2010-01-17,Bolton Wanderers FC,Arsenal FC,0,2,A,0,1,A,12,14,6,9,2,4,13,5,1,2,0,0
2009/10,2010-01-20,Arsenal FC,Bolton Wanderers FC,4,2,H,1,2,A,20,7,14,4,9,3,16,17,1,2,0,0
2009/10,2010-01-20,Liverpool FC,Tottenham Hotspur FC,2,0,H,1,0,H,13,7,5,5,2,3,11,17,2,3,0,0
2009/10,2010-01-23,Manchester United FC,Hull City FC,4,0,H,1,0,H,25,8,15,4,12,8,6,10,1,1,0,0
2009/10,2010-01-26,Bolton Wanderers FC,Burnley FC,1,0,H,1,0,H,14,10,6,5,4,7,12,11,3,2,0,0
2009/10,2010-01-26,Portsmouth FC,West Ham United FC,1,1,D,0,0,D,14,12,8,4,6,4,16,9,3,1,0,0
2009/10,2010-01-26,Tottenham Hotspur FC,Fulham FC,2,0,H,1,0,H,13,9,7,6,11,3,11,16,1,1,0,0
2009/10,2010-01-26,Wolverhampton Wanderers FC,Liverpool FC,0,0,D,0,0,D,6,6,4,3,0,7,10,11,0,1,0,0
2009/10,2010-01-27,Aston Villa FC,Arsenal FC,0,0,D,0,0,D,8,12,2,8,7,7,16,15,2,2,0,0
2009/10,2010-01-27,Blackburn Rovers FC,Wigan Athletic FC,2,1,H,1,0,H,13,13,7,8,5,6,20,13,3,1,0,0
2009/10,2010-01-27,Chelsea FC,Birmingham City FC,3,0,H,2,0,H,25,5,17,3,8,3,11,8,0,0,0,0
2009/10,2010-01-27,Everton FC,Sunderland AFC,2,0,H,2,0,H,11,5,7,3,3,8,10,19,0,1,0,0
2009/10,2010-01-30,Birmingham City FC,Tottenham Hotspur FC,1,1,D,0,0,D,12,21,6,12,5,8,12,8,4,2,0,0
2009/10,2010-01-30,Burnley FC,Chelsea FC,1,2,A,0,1,A,5,16,3,9,2,9,12,12,1,1,0,0
2009/10,2010-01-30,Fulham FC,Aston Villa FC,0,2,A,0,2,A,15,9,8,6,9,3,10,15,0,2,0,0
2009/10,2010-01-30,Hull City FC,Wolverhampton Wanderers FC,2,2,D,1,0,H,8,13,4,4,4,7,15,10,2,0,0,0
2009/10,2010-01-30,Liverpool FC,Bolton Wanderers FC,2,0,H,1,0,H,13,4,6,1,11,3,12,10,1,3,0,0
2009/10,2010-01-30,West Ham United FC,Blackburn Rovers FC,0,0,D,0,0,D,7,8,6,4,10,7,17,13,0,1,0,0
2009/10,2010-01-30,Wigan Athletic FC,Everton FC,0,1,A,0,0,D,10,10,4,7,4,7,19,10,0,2,0,0
2009/10,2010-01-31,Arsenal FC,Manchester United FC,1,3,A,0,2,A,18,11,7,5,8,5,9,12,1,0,0,0
2009/10,2010-01-31,Manchester City FC,Portsmouth FC,2,0,H,2,0,H,13,10,6,4,10,7,9,14,1,3,0,0
2009/10,2010-02-01,Sunderland AFC,Stoke City FC,0,0,D,0,0,D,6,4,5,3,7,3,7,16,2,3,0,0
2009/10,2010-02-02,Hull City FC,Chelsea FC,1,1,D,1,1,D,7,21,3,11,6,8,9,12,1,3,0,0
2009/10,2010-02-03,Fulham FC,Portsmouth FC,1,0,H,0,0,D,14,12,9,8,5,5,12,12,0,1,0,0
2009/10,2010-02-06,Bolton Wanderers FC,Fulham FC,0,0,D,0,0,D,16,7,11,4,2,5,8,12,0,0,0,0
2009/10,2010-02-06,Burnley FC,West Ham United FC,2,1,H,1,0,H,8,20,4,11,3,5,15,13,2,1,0,0
2009/10,2010-02-06,Hull City FC,Manchester City FC,2,1,H,1,0,H,8,17,4,11,4,8,14,14,2,4,0,0
2009/10,2010-02-06,Liverpool FC,Everton FC,1,0,H,0,0,D,9,6,4,3,8,8,11,23,3,3,1,1
2009/10,2010-02-06,Manchester United FC,Portsmouth FC,5,0,H,2,0,H,21,7,8,5,12,1,9,11,1,4,0,0
2009/10,2010-02-06,Stoke City FC,Blackburn Rovers FC,3,0,H,2,0,H,15,9,11,4,12,7,13,20,2,3,0,1
2009/10,2010-02-06,Sunderland AFC,Wigan Athletic FC,1,1,D,0,1,A,11,14,8,6,2,3,12,14,4,5,0,0
2009/10,2010-02-06,Tottenham Hotspur FC,Aston Villa FC,0,0,D,0,0,D,28,10,15,5,12,4,10,13,0,0,0,0
2009/10,2010-02-07,Birmingham City FC,Wolverhampton Wanderers FC,2,1,H,0,1,A,15,12,10,5,11,4,12,18,5,3,0,0
2009/10,2010-02-07,Chelsea FC,Arsenal FC,2,0,H,2,0,H,9,14,3,6,4,8,11,14,2,2,0,0
2009/10,2010-02-09,Fulham FC,Burnley FC,3,0,H,2,0,H,16,10,12,3,6,2,9,9,1,0,0,0
2009/10,2010-02-09,Manchester City FC,Bolton Wanderers FC,2,0,H,1,0,H,8,11,4,5,6,3,8,18,0,2,0,0
2009/10,2010-02-09,Portsmouth FC,Sunderland AFC,1,1,D,0,1,A,12,7,6,2,8,4,10,15,3,1,1,2
2009/10,2010-02-09,Wigan Athletic FC,Stoke City FC,1,1,D,1,0,H,16,10,11,6,9,5,12,7,2,3,0,0
2009/10,2010-02-10,Arsenal FC,Liverpool FC,1,0,H,0,0,D,11,9,6,7,3,6,19,13,3,2,0,0
2009/10,2010-02-10,Aston Villa FC,Manchester United FC,1,1,D,1,1,D,10,12,6,6,1,7,9,10,0,1,0,1
2009/10,2010-02-10,Blackburn Rovers FC,Hull City FC,1,0,H,1,0,H,20,7,10,4,6,6,14,13,1,3,0,1
2009/10,2010-02-10,Everton FC,Chelsea FC,2,1,H,1,1,D,7,14,5,5,5,6,13,15,1,2,0,0
2009/10,2010-02-10,West Ham United FC,Birmingham City FC,2,0,H,1,0,H,13,9,10,4,3,6,12,9,1,2,0,0
2009/10,2010-02-10,Wolverhampton Wanderers FC,Tottenham Hotspur FC,1,0,H,1,0,H,8,10,4,4,5,7,15,10,2,1,0,0
2009/10,2010-02-16,Stoke City FC,Manchester City FC,1,1,D,0,0,D,8,9,5,3,3,3,21,14,3,3,1,0
2009/10,2010-02-17,Wigan Athletic FC,Bolton Wanderers FC,0,0,D,0,0,D,10,8,1,0,4,9,6,9,0,1,0,0
2009/10,2010-02-20,Arsenal FC,Sunderland AFC,2,0,H,1,0,H,16,6,10,4,7,1,8,10,1,5,0,0
2009/10,2010-02-20,Everton FC,Manchester United FC,3,1,H,1,1,D,11,11,7,5,4,12,12,10,5,1,0,0
2009/10,2010-02-20,Portsmouth FC,Stoke City FC,1,2,A,1,0,H,15,14,12,7,7,7,10,10,2,1,0,1
2009/10,2010-02-20,West Ham United FC,Hull City FC,3,0,H,1,0,H,20,7,12,3,9,2,13,12,1,1,0,1
2009/10,2010-02-20,Wolverhampton Wanderers FC,Chelsea FC,0,2,A,0,1,A,11,7,7,2,1,5,12,14,0,1,0,0
2009/10,2010-02-21,Aston Villa FC,Burnley FC,5,2,H,1,1,D,15,13,8,10,9,5,5,12,0,3,0,0
2009/10,2010-02-21,Blackburn Rovers FC,Bolton Wanderers FC,3,0,H,1,0,H,12,10,7,7,8,3,15,12,0,1,0,0
2009/10,2010-02-21,Fulham FC,Birmingham City FC,2,1,H,0,1,A,11,9,6,6,3,1,9,16,1,1,0,0
2009/10,2010-02-21,Manchester City FC,Liverpool FC,0,0,D,0,0,D,4,6,1,2,8,5,7,15,1,6,0,0
2009/10,2010-02-21,Wigan Athletic FC,Tottenham Hotspur FC,0,3,A,0,1,A,8,13,7,12,3,2,17,13,3,4,0,0
2009/10,2010-02-23,Manchester United FC,West Ham United FC,3,0,H,1,0,H,12,10,9,4,6,7,10,12,0,1,0,0
2009/10,2010-02-27,Birmingham City FC,Wigan Athletic FC,1,0,H,1,0,H,10,11,5,2,2,7,16,18,1,3,0,0
2009/10,2010-02-27,Bolton Wanderers FC,Wolverhampton Wanderers FC,1,0,H,1,0,H,16,6,9,4,7,11,10,6,0,2,0,0
2009/10,2010-02-27,Burnley FC,Portsmouth FC,1,2,A,1,1,D,14,13,8,5,4,3,12,13,1,2,0,1
2009/10,2010-02-27,Chelsea FC,Manchester City FC,2,4,A,1,1,D,23,8,13,6,3,2,21,12,3,1,2,0
2009/10,2010-02-27,Stoke City FC,Arsenal FC,1,3,A,1,1,D,4,17,3,11,3,6,12,7,0,1,1,0
2009/10,2010-02-28,Liverpool FC,Blackburn Rovers FC,2,1,H,2,1,H,12,12,6,7,4,5,10,22,1,5,0,0
2009/10,2010-02-28,Sunderland AFC,Fulham FC,0,0,D,0,0,D,12,3,5,1,2,2,15,16,3,3,0,0
2009/10,2010-02-28,Tottenham Hotspur FC,Everton FC,2,1,H,2,0,H,13,14,9,10,6,9,9,18,1,4,0,0
2009/10,2010-03-06,Arsenal FC,Burnley FC,3,1,H,1,0,H,20,8,11,5,8,2,5,12,0,4,0,0
2009/10,2010-03-06,West Ham United FC,Bolton Wanderers FC,1,2,A,0,2,A,18,15,8,7,6,3,13,21,2,5,0,1
2009/10,2010-03-06,Wolverhampton Wanderers FC,Manchester United FC,0,1,A,0,0,D,12,15,6,6,2,4,9,8,2,1,0,0
2009/10,2010-03-07,Everton FC,Hull City FC,5,1,H,2,1,H,18,7,10,4,4,1,12,21,0,1,0,0
2009/10,2010-03-08,Wigan Athletic FC,Liverpool FC,1,0,H,1,0,H,12,11,4,3,4,7,15,14,1,5,0,0
2009/10,2010-03-09,Portsmouth FC,Birmingham City FC,1,2,A,0,2,A,11,10,8,6,5,6,12,13,1,2,0,0
2009/10,2010-03-09,Sunderland AFC,Bolton Wanderers FC,4,0,H,1,0,H,12,7,7,2,2,7,14,10,2,2,0,1
2009/10,2010-03-10,Burnley FC,Stoke City FC,1,1,D,0,1,A,10,8,3,3,4,4,12,10,2,0,0,0
2009/10,2010-03-13,Birmingham City FC,Everton FC,2,2,D,1,2,A,7,13,4,11,5,4,10,11,1,1,0,0
2009/10,2010-03-13,Bolton Wanderers FC,Wigan Athletic FC,4,0,H,1,0,H,8,13,6,7,3,6,20,13,1,2,0,0
2009/10,2010-03-13,Burnley FC,Wolverhampton Wanderers FC,1,2,A,0,1,A,22,7,11,3,11,6,10,21,1,4,0,0
2009/10,2010-03-13,Chelsea FC,West Ham United FC,4,1,H,1,1,D,22,4,15,2,11,1,13,10,0,1,0,0
2009/10,2010-03-13,Hull City FC,Arsenal FC,1,2,A,1,1,D,7,18,2,9,2,8,16,13,2,2,1,0
2009/10,2010-03-13,Stoke City FC,Aston Villa FC,0,0,D,0,0,D,13,10,6,5,8,6,6,6,0,4,0,0
2009/10,2010-03-13,Tottenham Hotspur FC,Blackburn Rovers FC,3,1,H,1,0,H,14,10,7,7,5,6,12,7,0,0,0,0
2009/10,2010-03-14,Manchester United FC,Fulham FC,3,0,H,0,0,D,33,8,19,5,11,1,7,11,1,1,0,0
2009/10,2010-03-14,Sunderland AFC,Manchester City FC,1,1,D,1,0,H,12,13,7,9,3,7,12,10,2,4,0,0
2009/10,2010-03-15,Liverpool FC,Portsmouth FC,4,1,H,3,0,H,23,7,12,3,8,4,10,15,0,2,0,0
2009/10,2010-03-16,Wigan Athletic FC,Aston Villa FC,1,2,A,1,1,D,10,18,6,10,7,8,10,14,2,1,0,0
2009/10,2010-03-20,Arsenal FC,West Ham United FC,2,0,H,1,0,H,9,8,5,4,4,2,7,24,1,4,1,0
2009/10,2010-03-20,Aston Villa FC,Wolverhampton Wanderers FC,2,2,D,1,2,A,11,7,3,4,7,5,10,12,1,2,0,0
2009/10,2010-03-20,Everton FC,Bolton Wanderers FC,2,0,H,0,0,D,18,6,11,4,6,3,12,17,1,1,0,1
2009/10,2010-03-20,Portsmouth FC,Hull City FC,3,2,H,1,1,D,18,9,10,5,11,1,7,8,1,0,0,0
2009/10,2010-03-20,Stoke City FC,Tottenham Hotspur FC,1,2,A,0,0,D,8,16,4,9,6,7,7,9,2,2,1,0
2009/10,2010-03-20,Sunderland AFC,Birmingham City FC,3,1,H,2,0,H,11,21,9,14,7,10,8,8,0,1,0,0
2009/10,2010-03-20,Wigan Athletic FC,Burnley FC,1,0,H,0,0,D,21,13,11,8,5,3,10,15,1,3,0,0
2009/10,2010-03-21,Blackburn Rovers FC,Chelsea FC,1,1,D,0,1,A,8,14,4,8,3,11,10,9,0,1,0,0
2009/10,2010-03-21,Fulham FC,Manchester City FC,1,2,A,0,2,A,10,14,4,9,4,2,8,9,0,0,0,0
2009/10,2010-03-21,Manchester United FC,Liverpool FC,2,1,H,1,1,D,10,4,5,2,1,2,10,15,2,3,0,0
2009/10,2010-03-23,West Ham United FC,Wolverhampton Wanderers FC,1,3,A,0,1,A,17,5,10,4,8,5,9,24,0,2,0,0
2009/10,2010-03-24,Aston Villa FC,Sunderland AFC,1,1,D,1,1,D,11,10,4,5,6,7,5,7,0,0,0,0
2009/10,2010-03-24,Blackburn Rovers FC,Birmingham City FC,2,1,H,1,0,H,9,8,7,5,5,6,18,10,2,1,0,0
2009/10,2010-03-24,Manchester City FC,Everton FC,0,2,A,0,1,A,12,10,5,7,7,4,11,10,3,2,0,0
2009/10,2010-03-24,Portsmouth FC,Chelsea FC,0,5,A,0,1,A,10,20,6,11,1,6,11,11,3,2,0,0
2009/10,2010-03-27,Birmingham City FC,Arsenal FC,1,1,D,0,0,D,7,13,3,8,3,6,13,13,3,2,0,0
2009/10,2010-03-27,Bolton Wanderers FC,Manchester United FC,0,4,A,0,1,A,14,13,10,8,11,6,14,15,0,0,0,0
2009/10,2010-03-27,Chelsea FC,Aston Villa FC,7,1,H,2,1,H,13,7,11,5,8,6,12,5,3,2,0,0
2009/10,2010-03-27,Hull City FC,Fulham FC,2,0,H,1,0,H,7,12,4,9,6,8,11,15,2,4,0,0
2009/10,2010-03-27,Tottenham Hotspur FC,Portsmouth FC,2,0,H,2,0,H,16,8,8,3,11,2,5,9,0,1,0,0
2009/10,2010-03-27,West Ham United FC,Stoke City FC,0,1,A,0,0,D,17,12,7,7,6,7,14,17,0,2,0,0
2009/10,2010-03-27,Wolverhampton Wanderers FC,Everton FC,0,0,D,0,0,D,9,22,2,13,3,7,14,12,1,1,0,0
2009/10,2010-03-28,Burnley FC,Blackburn Rovers FC,0,1,A,0,1,A,7,12,3,5,7,2,15,12,3,2,0,0
2009/10,2010-03-28,Liverpool FC,Sunderland AFC,3,0,H,2,0,H,25,7,16,2,9,2,11,9,0,1,0,0
2009/10,2010-03-29,Manchester City FC,Wigan Athletic FC,3,0,H,0,0,D,10,9,8,3,3,4,12,13,3,2,0,1
2009/10,2010-04-03,Arsenal FC,Wolverhampton Wanderers FC,1,0,H,0,0,D,23,3,13,2,10,4,10,13,0,2,0,1
2009/10,2010-04-03,Bolton Wanderers FC,Aston Villa FC,0,1,A,0,1,A,14,13,10,9,6,8,13,14,2,0,0,0
2009/10,2010-04-03,Burnley FC,Manchester City FC,1,6,A,0,5,A,14,20,7,14,6,7,5,8,0,0,0,0
2009/10,2010-04-03,Manchester United FC,Chelsea FC,1,2,A,0,1,A,9,11,3,5,3,3,14,11,3,1,0,0
2009/10,2010-04-03,Portsmouth FC,Blackburn Rovers FC,0,0,D,0,0,D,6,16,3,8,1,9,11,10,2,1,1,0
2009/10,2010-04-03,Stoke City FC,Hull City FC,2,0,H,1,0,H,9,5,3,3,3,2,12,12,3,2,0,0
2009/10,2010-04-03,Sunderland AFC,Tottenham Hotspur FC,3,1,H,2,0,H,11,12,10,9,6,6,16,15,2,0,0,0
2009/10,2010-04-04,Birmingham City FC,Liverpool FC,1,1,D,0,0,D,8,16,3,8,5,4,14,9,2,1,0,0
2009/10,2010-04-04,Everton FC,West Ham United FC,2,2,D,1,0,H,10,10,5,5,2,8,7,17,2,3,0,0
2009/10,2010-04-04,Fulham FC,Wigan Athletic FC,2,1,H,0,1,A,7,12,5,7,6,3,11,10,1,2,0,0
2009/10,2010-04-10,Hull City FC,Burnley FC,1,4,A,1,1,D,11,9,4,7,6,1,19,14,5,1,0,0
2009/10,2010-04-10,West Ham United FC,Sunderland AFC,1,0,H,0,0,D,10,9,6,7,2,7,12,20,1,3,0,0
2009/10,2010-04-11,Blackburn Rovers FC,Manchester United FC,0,0,D,0,0,D,8,13,7,6,1,7,14,12,1,2,0,0
2009/10,2010-04-11,Liverpool FC,Fulham FC,0,0,D,0,0,D,18,2,9,2,10,1,6,16,1,3,0,0
2009/10,2010-04-11,Manchester City FC,Birmingham City FC,5,1,H,3,1,H,17,5,8,3,8,4,12,9,0,3,0,0
2009/10,2010-04-11,Wolverhampton Wanderers FC,Stoke City FC,0,0,D,0,0,D,10,9,8,1,7,6,7,4,0,0,0,0
2009/10,2010-04-13,Chelsea FC,Bolton Wanderers FC,1,0,H,1,0,H,18,7,8,2,5,2,13,22,1,4,0,0
2009/10,2010-04-14,Aston Villa FC,Everton FC,2,2,D,0,1,A,10,13,7,10,7,6,11,9,2,2,0,0
2009/10,2010-04-14,Tottenham Hotspur FC,Arsenal FC,2,1,H,1,0,H,13,19,10,11,4,6,13,10,3,1,0,0
2009/10,2010-04-14,Wigan Athletic FC,Portsmouth FC,0,0,D,0,0,D,24,6,14,2,10,3,16,9,2,1,0,0
2009/10,2010-04-17,Birmingham City FC,Hull City FC,0,0,D,0,0,D,10,11,7,4,8,1,11,12,0,0,0,0
2009/10,2010-04-17,Blackburn Rovers FC,Everton FC,2,3,A,0,1,A,15,11,10,4,4,2,15,10,3,2,0,0
2009/10,2010-04-17,Fulham FC,Wolverhampton Wanderers FC,0,0,D,0,0,D,11,5,4,1,5,9,9,11,1,0,0,0
2009/10,2010-04-17,Manchester City FC,Manchester United FC,0,1,A,0,0,D,8,13,5,3,7,5,8,12,2,1,0,0
2009/10,2010-04-17,Stoke City FC,Bolton Wanderers FC,1,2,A,1,0,H,11,13,5,8,5,1,10,5,1,2,0,0
2009/10,2010-04-17,Sunderland AFC,Burnley FC,2,1,H,2,0,H,16,9,11,4,3,3,14,17,3,2,0,0
2009/10,2010-04-17,Tottenham Hotspur FC,Chelsea FC,2,1,H,2,0,H,20,9,10,6,13,4,7,14,2,4,0,1
2009/10,2010-04-18,Portsmouth FC,Aston Villa FC,1,2,A,1,1,D,16,12,12,9,7,6,5,10,0,0,0,0
2009/10,2010-04-18,Wigan Athletic FC,Arsenal FC,3,2,H,0,1,A,16,11,11,8,8,3,15,13,2,1,0,0
2009/10,2010-04-19,Liverpool FC,West Ham United FC,3,0,H,2,0,H,17,6,8,2,9,2,8,12,0,2,0,0
2009/10,2010-04-21,Hull City FC,Aston Villa FC,0,2,A,0,1,A,14,11,10,5,11,9,8,7,2,2,0,0
2009/10,2010-04-24,Arsenal FC,Manchester City FC,0,0,D,0,0,D,9,3,4,2,5,1,13,14,4,2,0,0
2009/10,2010-04-24,Bolton Wanderers FC,Portsmouth FC,2,2,D,2,0,H,14,13,10,6,12,5,16,13,1,1,0,0
2009/10,2010-04-24,Hull City FC,Sunderland AFC,0,1,A,0,1,A,14,10,8,5,3,6,12,17,1,3,1,1
2009/10,2010-04-24,Manchester United FC,Tottenham Hotspur FC,3,1,H,0,0,D,15,9,8,3,4,4,13,10,1,0,0,0
2009/10,2010-04-24,West Ham United FC,Wigan Athletic FC,3,2,H,2,1,H,9,12,7,10,4,5,9,10,1,2,0,0
2009/10,2010-04-24,Wolverhampton Wanderers FC,Blackburn Rovers FC,1,1,D,0,1,A,14,12,5,8,4,4,9,8,0,1,0,0
2009/10,2010-04-25,Aston Villa FC,Birmingham City FC,1,0,H,0,0,D,10,16,6,14,7,5,12,16,1,4,0,0
2009/10,2010-04-25,Burnley FC,Liverpool FC,0,4,A,0,0,D,12,12,6,10,4,5,13,11,2,1,0,0
2009/10,2010-04-25,Chelsea FC,Stoke City FC,7,0,H,3,0,H,29,3,18,2,7,0,14,12,0,3,0,0
2009/10,2010-04-25,Everton FC,Fulham FC,2,1,H,0,1,A,15,8,9,6,9,3,7,12,0,1,0,0
2009/10,2010-05-01,Birmingham City FC,Burnley FC,2,1,H,2,0,H,13,12,4,7,6,8,11,10,2,1,0,0
2009/10,2010-05-01,Manchester City FC,Aston Villa FC,3,1,H,2,1,H,17,10,12,6,13,5,6,9,1,2,0,0
2009/10,2010-05-01,Portsmouth FC,Wolverhampton Wanderers FC,3,1,H,2,1,H,12,18,8,11,7,9,10,13,0,1,0,0
2009/10,2010-05-01,Stoke City FC,Everton FC,0,0,D,0,0,D,12,11,6,9,6,5,10,10,0,0,0,0
2009/10,2010-05-01,Tottenham Hotspur FC,Bolton Wanderers FC,1,0,H,1,0,H,25,11,12,7,11,7,11,10,0,3,0,0
2009/10,2010-05-02,Fulham FC,West Ham United FC,3,2,H,1,0,H,5,7,3,5,9,3,10,14,0,0,0,0
2009/10,2010-05-02,Liverpool FC,Chelsea FC,0,2,A,0,1,A,7,15,2,11,9,5,7,7,1,2,0,0
2009/10,2010-05-02,Sunderland AFC,Manchester United FC,0,1,A,0,1,A,10,14,2,9,9,4,10,9,3,2,0,0
2009/10,2010-05-03,Blackburn Rovers FC,Arsenal FC,2,1,H,1,1,D,11,6,7,4,5,8,19,15,2,2,0,0
2009/10,2010-05-03,Wigan Athletic FC,Hull City FC,2,2,D,1,1,D,13,6,7,3,8,1,11,14,2,0,0,0
2009/10,2010-05-05,Fulham FC,Stoke City FC,0,1,A,0,0,D,12,5,6,2,8,3,7,6,1,3,0,0
2009/10,2010-05-05,Manchester City FC,Tottenham Hotspur FC,0,1,A,0,0,D,10,10,5,6,9,7,12,14,0,3,0,0
2009/10,2010-05-09,Arsenal FC,Fulham FC,4,0,H,3,0,H,16,5,11,2,5,2,11,10,2,2,0,0
2009/10,2010-05-09,Aston Villa FC,Blackburn Rovers FC,0,1,A,0,0,D,16,9,12,3,11,5,14,12,2,1,0,0
2009/10,2010-05-09,Bolton Wanderers FC,Birmingham City FC,2,1,H,1,0,H,14,10,8,5,3,6,14,17,2,5,0,0
2009/10,2010-05-09,Burnley FC,Tottenham Hotspur FC,4,2,H,1,2,A,16,16,12,11,5,6,9,8,0,0,0,0
2009/10,2010-05-09,Chelsea FC,Wigan Athletic FC,8,0,H,2,0,H,17,4,10,3,2,3,14,9,2,2,0,1
2009/10,2010-05-09,Everton FC,Portsmouth FC,1,0,H,0,0,D,21,10,13,4,14,1,12,11,0,0,0,0
2009/10,2010-05-09,Hull City FC,Liverpool FC,0,0,D,0,0,D,11,19,6,7,2,6,15,11,1,0,0,0
2009/10,2010-05-09,Manchester United FC,Stoke City FC,4,0,H,2,0,H,18,4,13,4,10,2,10,4,2,0,0,0
2009/10,2010-05-09,West Ham United FC,Manchester City FC,1,1,D,1,1,D,12,17,8,6,4,3,12,7,2,0,0,0
2009/10,2010-05-09,Wolverhampton Wanderers FC,Sunderland AFC,2,1,H,1,1,D,14,11,7,5,4,1,11,19,1,2,0,2
2010/11,2010-08-14,Aston Villa FC,West Ham United FC,3,0,H,2,0,H,23,12,11,2,16,7,15,15,1,2,0,0
2010/11,2010-08-14,Blackburn Rovers FC,Everton FC,1,0,H,1,0,H,7,17,2,12,1,3,19,14,2,1,0,0
2010/11,2010-08-14,Bolton Wanderers FC,Fulham FC,0,0,D,0,0,D,13,12,9,7,4,8,12,13,1,3,0,0
2010/11,2010-08-14,Chelsea FC,West Bromwich Albion FC,6,0,H,2,0,H,18,10,13,4,3,1,10,10,1,0,0,0
2010/11,2010-08-14,Sunderland AFC,Birmingham City FC,2,2,D,1,0,H,6,13,2,7,3,6,13,10,3,3,1,0
2010/11,2010-08-14,Tottenham Hotspur FC,Manchester City FC,0,0,D,0,0,D,22,11,18,7,10,3,13,16,0,2,0,0
2010/11,2010-08-14,Wigan Athletic FC,Blackpool FC,0,4,A,0,3,A,11,9,6,7,6,4,8,11,1,1,0,0
2010/11,2010-08-14,Wolverhampton Wanderers FC,Stoke City FC,2,1,H,2,0,H,13,10,7,6,5,5,17,13,0,2,0,0
2010/11,2010-08-15,Liverpool FC,Arsenal FC,1,1,D,0,0,D,7,14,4,7,9,11,13,15,1,3,1,1
2010/11,2010-08-16,Manchester United FC,Newcastle United FC,3,0,H,2,0,H,18,7,10,3,5,3,9,5,2,2,0,0
2010/11,2010-08-21,Arsenal FC,Blackpool FC,6,0,H,3,0,H,26,3,16,1,8,2,9,3,0,0,0,1
2010/11,2010-08-21,Birmingham City FC,Blackburn Rovers FC,2,1,H,0,0,D,10,7,7,2,4,12,13,14,2,3,0,0
2010/11,2010-08-21,Everton FC,Wolverhampton Wanderers FC,1,1,D,1,0,H,14,9,6,4,3,3,18,15,1,2,0,0
2010/11,2010-08-21,Stoke City FC,Tottenham Hotspur FC,1,2,A,1,2,A,15,7,10,6,6,2,15,4,3,1,0,0
2010/11,2010-08-21,West Bromwich Albion FC,Sunderland AFC,1,0,H,0,0,D,11,10,5,4,4,6,16,12,2,2,0,0
2010/11,2010-08-21,West Ham United FC,Bolton Wanderers FC,1,3,A,0,0,D,17,12,10,8,8,5,11,18,2,4,0,0
2010/11,2010-08-21,Wigan Athletic FC,Chelsea FC,0,6,A,0,1,A,17,10,12,8,0,0,12,7,1,2,0,0
2010/11,2010-08-22,Fulham FC,Manchester United FC,2,2,D,0,1,A,16,14,8,7,5,11,7,6,2,2,0,0
2010/11,2010-08-22,Newcastle United FC,Aston Villa FC,6,0,H,3,0,H,20,3,14,1,10,2,15,12,3,1,0,0
2010/11,2010-08-23,Manchester City FC,Liverpool FC,3,0,H,1,0,H,8,13,3,7,5,4,13,12,1,1,0,0
2010/11,2010-08-28,Blackburn Rovers FC,Arsenal FC,1,2,A,1,1,D,15,14,7,9,4,8,9,7,1,0,0,0
2010/11,2010-08-28,Blackpool FC,Fulham FC,2,2,D,0,1,A,14,12,5,7,4,5,13,16,1,0,0,0
2010/11,2010-08-28,Chelsea FC,Stoke City FC,2,0,H,1,0,H,15,9,6,3,6,1,5,10,0,2,0,0
2010/11,2010-08-28,Manchester United FC,West Ham United FC,3,0,H,1,0,H,18,7,11,2,9,3,6,11,1,2,0,0
2010/11,2010-08-28,Tottenham Hotspur FC,Wigan Athletic FC,0,1,A,0,0,D,12,13,7,5,16,7,10,11,3,2,0,0
2010/11,2010-08-28,Wolverhampton Wanderers FC,Newcastle United FC,1,1,D,1,0,H,5,11,2,6,5,3,20,17,7,4,0,0
2010/11,2010-08-29,Aston Villa FC,Everton FC,1,0,H,1,0,H,12,15,6,9,4,16,19,10,4,0,0,0
2010/11,2010-08-29,Bolton Wanderers FC,Birmingham City FC,2,2,D,0,1,A,11,9,8,5,6,1,19,17,2,3,1,0
2010/11,2010-08-29,Liverpool FC,West Bromwich Albion FC,1,0,H,0,0,D,11,14,7,5,7,6,9,8,0,0,0,1
2010/11,2010-08-29,Sunderland AFC,Manchester City FC,1,0,H,0,0,D,12,9,4,7,3,7,5,9,0,3,0,0
2010/11,2010-09-11,Arsenal FC,Bolton Wanderers FC,4,1,H,1,1,D,23,7,14,6,9,6,11,11,2,2,0,1
2010/11,2010-09-11,Everton FC,Manchester United FC,3,3,D,1,1,D,23,13,14,8,7,5,11,18,1,1,0,0
2010/11,2010-09-11,Fulham FC,Wolverhampton Wanderers FC,2,1,H,0,1,A,13,4,6,2,6,6,9,17,3,6,0,1
2010/11,2010-09-11,Manchester City FC,Blackburn Rovers FC,1,1,D,0,1,A,20,4,14,2,14,2,12,10,2,1,0,0
2010/11,2010-09-11,Newcastle United FC,Blackpool FC,0,2,A,0,1,A,16,7,13,4,3,2,15,14,2,3,0,0
2010/11,2010-09-11,West Bromwich Albion FC,Tottenham Hotspur FC,1,1,D,1,1,D,15,16,8,9,9,4,12,9,2,1,0,0
2010/11,2010-09-11,West Ham United FC,Chelsea FC,1,3,A,0,2,A,13,17,7,9,1,5,13,10,2,2,0,0
2010/11,2010-09-11,Wigan Athletic FC,Sunderland AFC,1,1,D,0,0,D,17,4,4,2,5,1,19,11,4,2,0,1
2010/11,2010-09-12,Birmingham City FC,Liverpool FC,0,0,D,0,0,D,15,14,3,8,4,3,8,9,1,0,0,0
2010/11,2010-09-13,Stoke City FC,Aston Villa FC,2,1,H,0,1,A,20,10,12,6,8,7,11,14,1,2,0,0
2010/11,2010-09-18,Aston Villa FC,Bolton Wanderers FC,1,1,D,1,1,D,13,13,6,7,8,4,15,8,1,2,0,0
2010/11,2010-09-18,Blackburn Rovers FC,Fulham FC,1,1,D,1,0,H,9,9,5,4,3,3,15,10,0,1,0,0
2010/11,2010-09-18,Everton FC,Newcastle United FC,0,1,A,0,1,A,6,9,3,4,3,6,15,21,2,3,0,0
2010/11,2010-09-18,Stoke City FC,West Ham United FC,1,1,D,0,1,A,9,13,3,6,6,3,14,8,3,2,0,0
2010/11,2010-09-18,Sunderland AFC,Arsenal FC,1,1,D,0,1,A,16,16,5,7,11,3,11,13,2,2,0,1
2010/11,2010-09-18,Tottenham Hotspur FC,Wolverhampton Wanderers FC,3,1,H,0,1,A,20,5,11,2,5,4,7,11,3,3,0,0
2010/11,2010-09-18,West Bromwich Albion FC,Birmingham City FC,3,1,H,0,1,A,16,6,10,3,5,0,11,8,1,1,0,0
2010/11,2010-09-19,Chelsea FC,Blackpool FC,4,0,H,4,0,H,27,11,15,4,9,6,7,4,1,2,0,0
2010/11,2010-09-19,Manchester United FC,Liverpool FC,3,2,H,1,0,H,16,7,7,1,6,1,15,10,4,1,0,0
2010/11,2010-09-19,Wigan Athletic FC,Manchester City FC,0,2,A,0,1,A,9,11,3,5,3,1,10,14,1,2,0,0
2010/11,2010-09-25,Arsenal FC,West Bromwich Albion FC,2,3,A,0,0,D,24,7,12,5,16,4,15,14,4,3,0,0
2010/11,2010-09-25,Birmingham City FC,Wigan Athletic FC,0,0,D,0,0,D,10,17,4,10,3,7,12,18,2,3,1,0
2010/11,2010-09-25,Blackpool FC,Blackburn Rovers FC,1,2,A,0,1,A,11,13,8,8,8,8,12,11,2,1,0,0
2010/11,2010-09-25,Fulham FC,Everton FC,0,0,D,0,0,D,12,15,2,7,4,5,15,13,2,1,0,0
2010/11,2010-09-25,Liverpool FC,Sunderland AFC,2,2,D,1,1,D,13,10,5,1,3,3,15,7,3,1,0,0
2010/11,2010-09-25,Manchester City FC,Chelsea FC,1,0,H,0,0,D,8,15,6,4,3,4,10,12,2,3,0,0
2010/11,2010-09-25,West Ham United FC,Tottenham Hotspur FC,1,0,H,1,0,H,22,17,15,11,14,7,10,11,2,0,0,0
2010/11,2010-09-26,Bolton Wanderers FC,Manchester United FC,2,2,D,1,1,D,15,12,9,6,7,12,16,18,1,2,0,0
2010/11,2010-09-26,Newcastle United FC,Stoke City FC,1,2,A,1,0,H,11,8,7,2,3,4,8,11,0,1,0,0
2010/11,2010-09-26,Wolverhampton Wanderers FC,Aston Villa FC,1,2,A,0,1,A,14,10,12,8,5,4,15,19,1,2,0,0
2010/11,2010-10-02,Birmingham City FC,Everton FC,0,2,A,0,0,D,6,11,3,6,6,5,5,11,0,0,0,0
2010/11,2010-10-02,Stoke City FC,Blackburn Rovers FC,1,0,H,0,0,D,18,7,11,4,8,6,8,13,2,3,0,0
2010/11,2010-10-02,Sunderland AFC,Manchester United FC,0,0,D,0,0,D,14,10,8,4,10,4,10,6,1,2,0,0
2010/11,2010-10-02,Tottenham Hotspur FC,Aston Villa FC,2,1,H,1,1,D,19,13,10,4,10,4,12,19,1,3,0,0
2010/11,2010-10-02,West Bromwich Albion FC,Bolton Wanderers FC,1,1,D,0,0,D,17,10,9,5,7,4,8,10,3,2,0,0
2010/11,2010-10-02,West Ham United FC,Fulham FC,1,1,D,0,1,A,12,17,5,5,2,3,15,8,3,1,0,0
2010/11,2010-10-02,Wigan Athletic FC,Wolverhampton Wanderers FC,2,0,H,0,0,D,24,2,17,0,3,3,9,12,1,2,0,1
2010/11,2010-10-03,Chelsea FC,Arsenal FC,2,0,H,1,0,H,11,13,6,5,10,10,7,12,1,1,0,0
2010/11,2010-10-03,Liverpool FC,Blackpool FC,1,2,A,0,2,A,19,11,10,7,5,2,11,10,2,1,0,0
2010/11,2010-10-03,Manchester City FC,Newcastle United FC,2,1,H,1,1,D,9,8,5,4,4,4,11,13,3,2,0,0
2010/11,2010-10-16,Arsenal FC,Birmingham City FC,2,1,H,1,1,D,18,6,13,4,7,3,16,9,2,2,1,0
2010/11,2010-10-16,Aston Villa FC,Chelsea FC,0,0,D,0,0,D,11,13,5,6,9,5,11,11,4,3,0,0
2010/11,2010-10-16,Bolton Wanderers FC,Stoke City FC,2,1,H,1,0,H,11,8,6,3,5,6,10,8,2,2,1,0
2010/11,2010-10-16,Fulham FC,Tottenham Hotspur FC,1,2,A,1,1,D,11,14,5,6,4,11,9,10,1,1,0,0
2010/11,2010-10-16,Manchester United FC,West Bromwich Albion FC,2,2,D,2,0,H,16,7,9,2,3,2,10,7,1,2,0,0
2010/11,2010-10-16,Newcastle United FC,Wigan Athletic FC,2,2,D,0,2,A,9,8,4,4,6,3,13,14,2,1,0,0
2010/11,2010-10-16,Wolverhampton Wanderers FC,West Ham United FC,1,1,D,1,0,H,9,9,5,7,8,3,10,8,0,1,0,0
2010/11,2010-10-17,Blackpool FC,Manchester City FC,2,3,A,0,0,D,16,13,5,8,3,9,9,9,0,2,0,0
2010/11,2010-10-17,Everton FC,Liverpool FC,2,0,H,1,0,H,9,15,6,9,8,7,10,9,2,2,0,0
2010/11,2010-10-18,Blackburn Rovers FC,Sunderland AFC,0,0,D,0,0,D,9,16,3,7,5,3,12,11,2,1,1,0
2010/11,2010-10-23,Birmingham City FC,Blackpool FC,2,0,H,1,0,H,17,14,8,6,9,10,8,16,1,1,0,0
2010/11,2010-10-23,Chelsea FC,Wolverhampton Wanderers FC,2,0,H,1,0,H,17,12,10,9,8,8,8,8,1,2,0,0
2010/11,2010-10-23,Sunderland AFC,Aston Villa FC,1,0,H,1,0,H,13,11,6,7,4,11,11,13,1,2,0,0
2010/11,2010-10-23,Tottenham Hotspur FC,Everton FC,1,1,D,1,1,D,13,7,8,3,4,4,15,14,3,1,0,0
2010/11,2010-10-23,West Bromwich Albion FC,Fulham FC,2,1,H,2,1,H,14,9,7,3,7,5,3,8,0,0,0,0
2010/11,2010-10-23,West Ham United FC,Newcastle United FC,1,2,A,1,1,D,5,13,1,8,2,6,12,6,0,0,0,0
2010/11,2010-10-23,Wigan Athletic FC,Bolton Wanderers FC,1,1,D,0,0,D,15,9,9,2,5,0,8,14,0,2,0,0
2010/11,2010-10-24,Liverpool FC,Blackburn Rovers FC,2,1,H,0,0,D,17,4,10,2,15,4,17,12,2,3,0,0
2010/11,2010-10-24,Manchester City FC,Arsenal FC,0,3,A,0,1,A,9,12,6,8,6,7,11,10,2,4,1,0
2010/11,2010-10-24,Stoke City FC,Manchester United FC,1,2,A,0,1,A,6,12,2,5,5,6,6,13,2,2,0,0
2010/11,2010-10-30,Arsenal FC,West Ham United FC,1,0,H,0,0,D,20,6,13,3,7,4,14,18,2,2,0,0
2010/11,2010-10-30,Blackburn Rovers FC,Chelsea FC,1,2,A,1,1,D,13,16,6,9,4,5,12,14,2,2,0,0
2010/11,2010-10-30,Everton FC,Stoke City FC,1,0,H,0,0,D,18,9,10,1,6,2,16,14,1,1,0,0
2010/11,2010-10-30,Fulham FC,Wigan Athletic FC,2,0,H,2,0,H,15,8,9,3,7,1,7,12,0,0,0,0
2010/11,2010-10-30,Manchester United FC,Tottenham Hotspur FC,2,0,H,1,0,H,18,11,10,5,1,4,12,10,0,3,0,0
2010/11,2010-10-30,Wolverhampton Wanderers FC,Manchester City FC,2,1,H,1,1,D,10,17,6,9,5,7,5,14,1,2,0,0
2010/11,2010-10-31,Aston Villa FC,Birmingham City FC,0,0,D,0,0,D,7,10,3,6,1,4,13,11,2,3,0,0
2010/11,2010-10-31,Bolton Wanderers FC,Liverpool FC,0,1,A,0,0,D,14,10,10,4,1,4,15,13,2,2,0,0
2010/11,2010-10-31,Newcastle United FC,Sunderland AFC,5,1,H,3,0,H,16,11,12,5,8,6,8,18,3,6,0,1
2010/11,2010-11-01,Blackpool FC,West Bromwich Albion FC,2,1,H,1,0,H,21,12,8,5,8,2,16,13,2,3,0,2
2010/11,2010-11-06,Birmingham City FC,West Ham United FC,2,2,D,0,0,D,8,16,5,8,3,4,12,14,0,1,0,0
2010/11,2010-11-06,Blackburn Rovers FC,Wigan Athletic FC,2,1,H,0,0,D,10,16,3,10,3,6,16,15,0,2,0,0
2010/11,2010-11-06,Blackpool FC,Everton FC,2,2,D,1,1,D,11,20,8,14,3,7,14,12,2,1,0,0
2010/11,2010-11-06,Bolton Wanderers FC,Tottenham Hotspur FC,4,2,H,1,0,H,18,11,8,6,7,6,13,9,1,0,0,0
2010/11,2010-11-06,Fulham FC,Aston Villa FC,1,1,D,0,1,A,14,15,10,8,3,3,12,4,1,0,0,0
2010/11,2010-11-06,Manchester United FC,Wolverhampton Wanderers FC,2,1,H,1,0,H,14,8,10,6,3,2,6,11,1,0,0,0
2010/11,2010-11-06,Sunderland AFC,Stoke City FC,2,0,H,1,0,H,14,11,7,5,6,9,10,13,0,5,0,0
2010/11,2010-11-07,Arsenal FC,Newcastle United FC,0,1,A,0,1,A,11,7,8,2,12,2,16,12,3,1,1,0
2010/11,2010-11-07,Liverpool FC,Chelsea FC,2,0,H,2,0,H,9,11,7,7,2,5,15,17,0,2,0,0
2010/11,2010-11-07,West Bromwich Albion FC,Manchester City FC,0,2,A,0,2,A,13,9,7,5,6,1,15,16,3,4,1,1
2010/11,2010-11-09,Stoke City FC,Birmingham City FC,3,2,H,1,0,H,19,14,12,10,10,4,6,8,0,0,0,0
2010/11,2010-11-09,Tottenham Hotspur FC,Sunderland AFC,1,1,D,0,0,D,20,8,12,4,17,3,6,15,2,1,0,0
2010/11,2010-11-10,Aston Villa FC,Blackpool FC,3,2,H,1,1,D,19,12,12,6,11,8,7,10,2,3,0,0
2010/11,2010-11-10,Chelsea FC,Fulham FC,1,0,H,1,0,H,19,5,10,3,4,4,14,15,2,0,1,0
2010/11,2010-11-10,Everton FC,Bolton Wanderers FC,1,1,D,0,0,D,23,10,12,5,15,10,8,12,0,3,1,0
2010/11,2010-11-10,Manchester City FC,Manchester United FC,0,0,D,0,0,D,6,7,4,4,8,5,10,12,0,2,0,0
2010/11,2010-11-10,Newcastle United FC,Blackburn Rovers FC,1,2,A,0,1,A,9,7,3,5,4,1,16,15,3,4,0,0
2010/11,2010-11-10,West Ham United FC,West Bromwich Albion FC,2,2,D,1,1,D,8,14,5,6,6,7,13,5,3,0,0,0
2010/11,2010-11-10,Wigan Athletic FC,Liverpool FC,1,1,D,0,1,A,10,8,8,3,5,4,7,10,0,2,0,0
2010/11,2010-11-10,Wolverhampton Wanderers FC,Arsenal FC,0,2,A,0,1,A,14,12,7,8,5,2,7,14,1,2,0,0
2010/11,2010-11-13,Aston Villa FC,Manchester United FC,2,2,D,0,0,D,12,16,6,10,9,7,11,9,3,4,0,0
2010/11,2010-11-13,Manchester City FC,Birmingham City FC,0,0,D,0,0,D,21,5,11,3,6,4,15,11,2,0,0,0
2010/11,2010-11-13,Newcastle United FC,Fulham FC,0,0,D,0,0,D,13,10,7,8,5,5,11,19,2,2,0,0
2010/11,2010-11-13,Stoke City FC,Liverpool FC,2,0,H,0,0,D,14,10,7,6,4,3,14,10,2,3,0,1
2010/11,2010-11-13,Tottenham Hotspur FC,Blackburn Rovers FC,4,2,H,2,0,H,20,12,12,8,12,6,11,11,2,2,0,0
2010/11,2010-11-13,West Ham United FC,Blackpool FC,0,0,D,0,0,D,17,16,4,5,8,7,7,7,0,1,0,0
2010/11,2010-11-13,Wigan Athletic FC,West Bromwich Albion FC,1,0,H,0,0,D,13,12,4,6,5,5,13,13,1,1,0,0
2010/11,2010-11-13,Wolverhampton Wanderers FC,Bolton Wanderers FC,2,3,A,0,1,A,10,13,6,7,12,3,10,10,1,0,0,0
2010/11,2010-11-14,Chelsea FC,Sunderland AFC,0,3,A,0,1,A,14,19,7,9,6,3,9,13,1,2,0,0
2010/11,2010-11-14,Everton FC,Arsenal FC,1,2,A,0,1,A,14,13,7,8,9,2,15,14,2,2,0,0
2010/11,2010-11-20,Arsenal FC,Tottenham Hotspur FC,2,3,A,2,0,H,12,10,7,6,2,6,17,16,3,1,0,0
2010/11,2010-11-20,Birmingham City FC,Chelsea FC,1,0,H,1,0,H,1,24,1,9,4,14,9,2,2,0,0,0
2010/11,2010-11-20,Blackpool FC,Wolverhampton Wanderers FC,2,1,H,2,0,H,13,19,9,10,4,11,7,9,0,2,0,0
2010/11,2010-11-20,Bolton Wanderers FC,Newcastle United FC,5,1,H,2,0,H,18,6,9,1,2,3,13,9,0,2,0,1
2010/11,2010-11-20,Liverpool FC,West Ham United FC,3,0,H,3,0,H,19,6,11,1,10,2,8,8,0,1,0,0
2010/11,2010-11-20,Manchester United FC,Wigan Athletic FC,2,0,H,1,0,H,17,10,12,4,11,1,10,14,0,2,0,2
2010/11,2010-11-20,West Bromwich Albion FC,Stoke City FC,0,3,A,0,0,D,15,6,8,4,8,3,10,9,0,0,0,0
2010/11,2010-11-21,Blackburn Rovers FC,Aston Villa FC,2,0,H,1,0,H,14,16,5,11,5,8,15,10,0,1,0,0
2010/11,2010-11-21,Fulham FC,Manchester City FC,1,4,A,0,3,A,9,11,3,8,7,7,13,16,2,1,0,0
2010/11,2010-11-22,Sunderland AFC,Everton FC,2,2,D,1,1,D,13,10,8,8,4,4,5,7,0,2,0,0
2010/11,2010-11-27,Aston Villa FC,Arsenal FC,2,4,A,0,2,A,6,17,4,10,3,8,10,7,1,1,0,0
2010/11,2010-11-27,Bolton Wanderers FC,Blackpool FC,2,2,D,0,1,A,24,16,14,10,4,4,8,14,2,2,0,0
2010/11,2010-11-27,Everton FC,West Bromwich Albion FC,1,4,A,1,2,A,12,7,4,3,2,2,11,18,1,3,1,1
2010/11,2010-11-27,Fulham FC,Birmingham City FC,1,1,D,0,1,A,11,7,7,3,7,4,10,9,1,0,0,0
2010/11,2010-11-27,Manchester United FC,Blackburn Rovers FC,7,1,H,3,0,H,15,3,11,2,5,2,6,6,0,2,0,0
2010/11,2010-11-27,Stoke City FC,Manchester City FC,1,1,D,0,0,D,16,9,9,4,6,2,8,10,2,2,0,0
2010/11,2010-11-27,West Ham United FC,Wigan Athletic FC,3,1,H,1,0,H,15,10,9,10,7,2,8,8,0,0,0,0
2010/11,2010-11-27,Wolverhampton Wanderers FC,Sunderland AFC,3,2,H,0,0,D,14,15,8,9,11,5,11,10,2,3,0,0
2010/11,2010-11-28,Newcastle United FC,Chelsea FC,1,1,D,1,1,D,5,17,3,13,6,7,9,11,2,1,0,0
2010/11,2010-11-28,Tottenham Hotspur FC,Liverpool FC,2,1,H,0,1,A,20,12,13,8,5,8,6,16,0,5,0,0
2010/11,2010-12-04,Arsenal FC,Fulham FC,2,1,H,1,1,D,15,11,9,7,3,7,7,5,0,0,0,0
2010/11,2010-12-04,Birmingham City FC,Tottenham Hotspur FC,1,1,D,0,1,A,13,10,5,5,6,11,14,7,1,1,0,0
2010/11,2010-12-04,Blackburn Rovers FC,Wolverhampton Wanderers FC,3,0,H,2,0,H,10,10,7,7,8,11,9,11,0,2,0,0
2010/11,2010-12-04,Chelsea FC,Everton FC,1,1,D,1,0,H,12,16,5,7,7,2,7,11,1,4,0,0
2010/11,2010-12-04,Manchester City FC,Bolton Wanderers FC,1,0,H,1,0,H,19,7,10,2,8,8,12,18,3,2,1,0
2010/11,2010-12-04,Wigan Athletic FC,Stoke City FC,2,2,D,2,2,D,15,11,8,7,5,4,11,10,1,4,0,0
2010/11,2010-12-05,Sunderland AFC,West Ham United FC,1,0,H,1,0,H,17,8,12,2,9,3,6,8,1,3,0,0
2010/11,2010-12-05,West Bromwich Albion FC,Newcastle United FC,3,1,H,1,0,H,20,11,12,7,7,3,11,9,0,5,0,0
2010/11,2010-12-06,Liverpool FC,Aston Villa FC,3,0,H,2,0,H,12,5,7,2,4,3,12,13,0,1,0,0
2010/11,2010-12-11,Aston Villa FC,West Bromwich Albion FC,2,1,H,1,0,H,6,11,3,4,6,13,8,14,0,2,0,0
2010/11,2010-12-11,Everton FC,Wigan Athletic FC,0,0,D,0,0,D,16,5,8,4,9,4,13,18,2,4,0,0
2010/11,2010-12-11,Fulham FC,Sunderland AFC,0,0,D,0,0,D,14,11,13,2,4,3,14,10,0,1,0,0
2010/11,2010-12-11,Newcastle United FC,Liverpool FC,3,1,H,1,0,H,8,16,5,7,2,5,19,13,2,1,0,0
2010/11,2010-12-11,Stoke City FC,Blackpool FC,0,1,A,0,0,D,16,10,5,5,10,4,12,11,0,2,0,0
2010/11,2010-12-11,West Ham United FC,Manchester City FC,1,3,A,0,1,A,13,12,3,7,2,6,10,13,1,3,0,0
2010/11,2010-12-12,Bolton Wanderers FC,Blackburn Rovers FC,2,1,H,0,0,D,12,16,7,11,3,10,12,13,4,3,1,0
2010/11,2010-12-12,Tottenham Hotspur FC,Chelsea FC,1,1,D,1,0,H,10,13,3,7,1,7,9,13,2,2,0,0
2010/11,2010-12-12,Wolverhampton Wanderers FC,Birmingham City FC,1,0,H,1,0,H,14,3,9,0,7,2,9,15,2,4,0,0
2010/11,2010-12-13,Manchester United FC,Arsenal FC,1,0,H,1,0,H,14,11,10,6,5,4,7,16,0,4,0,0
2010/11,2010-12-18,Blackburn Rovers FC,West Ham United FC,1,1,D,0,0,D,13,11,5,3,9,4,12,10,2,3,0,0
2010/11,2010-12-18,Sunderland AFC,Bolton Wanderers FC,1,0,H,1,0,H,13,12,5,8,2,5,6,13,1,3,0,0
2010/11,2010-12-20,Manchester City FC,Everton FC,1,2,A,0,2,A,25,4,15,3,11,0,8,13,3,2,1,1
2010/11,2010-12-26,Aston Villa FC,Tottenham Hotspur FC,1,2,A,0,1,A,26,13,15,8,8,4,13,11,3,3,0,1
2010/11,2010-12-26,Blackburn Rovers FC,Stoke City FC,0,2,A,0,0,D,12,11,8,9,5,3,12,20,1,4,0,0
2010/11,2010-12-26,Bolton Wanderers FC,West Bromwich Albion FC,2,0,H,1,0,H,12,15,8,9,5,7,8,8,1,1,0,0
2010/11,2010-12-26,Fulham FC,West Ham United FC,1,3,A,1,2,A,13,10,6,7,8,4,12,10,1,1,0,0
2010/11,2010-12-26,Manchester United FC,Sunderland AFC,2,0,H,1,0,H,14,6,10,2,5,3,9,10,0,2,0,0
2010/11,2010-12-26,Newcastle United FC,Manchester City FC,1,3,A,0,2,A,20,9,10,6,6,3,7,15,1,5,0,0
2010/11,2010-12-26,Wolverhampton Wanderers FC,Wigan Athletic FC,1,2,A,0,2,A,8,13,4,8,7,3,7,14,1,3,0,0
2010/11,2010-12-27,Arsenal FC,Chelsea FC,3,1,H,1,0,H,10,10,8,4,4,6,12,16,2,3,0,0
2010/11,2010-12-28,Birmingham City FC,Manchester United FC,1,1,D,0,0,D,8,10,3,4,4,4,10,11,3,3,0,0
2010/11,2010-12-28,Manchester City FC,Aston Villa FC,4,0,H,3,0,H,11,9,8,4,8,6,14,12,1,2,0,0
2010/11,2010-12-28,Stoke City FC,Fulham FC,0,2,A,0,2,A,14,4,8,3,9,2,8,12,1,2,0,0
2010/11,2010-12-28,Sunderland AFC,Blackpool FC,0,2,A,0,0,D,32,9,16,4,9,2,6,5,2,0,0,0
2010/11,2010-12-28,Tottenham Hotspur FC,Newcastle United FC,2,0,H,0,0,D,13,12,8,8,9,7,9,16,2,4,1,0
2010/11,2010-12-28,West Bromwich Albion FC,Blackburn Rovers FC,1,3,A,1,1,D,21,6,11,4,8,5,9,13,1,3,1,1
2010/11,2010-12-28,West Ham United FC,Everton FC,1,1,D,1,1,D,11,13,2,5,4,7,12,15,1,0,0,0
2010/11,2010-12-29,Chelsea FC,Bolton Wanderers FC,1,0,H,0,0,D,12,6,7,2,6,3,12,24,1,1,0,0
2010/11,2010-12-29,Liverpool FC,Wolverhampton Wanderers FC,0,1,A,0,0,D,9,7,5,3,2,8,8,11,1,1,0,0
2010/11,2010-12-29,Wigan Athletic FC,Arsenal FC,2,2,D,1,2,A,7,15,5,9,3,4,16,11,1,0,1,0
2010/11,2011-01-01,Birmingham City FC,Arsenal FC,0,3,A,0,1,A,2,18,1,11,4,5,7,9,3,1,0,0
2010/11,2011-01-01,Liverpool FC,Bolton Wanderers FC,2,1,H,0,1,A,16,10,7,4,7,4,11,16,2,2,0,0
2010/11,2011-01-01,Manchester City FC,Blackpool FC,1,0,H,1,0,H,15,8,4,6,10,4,11,9,0,0,0,0
2010/11,2011-01-01,Stoke City FC,Everton FC,2,0,H,1,0,H,7,15,3,10,1,5,14,8,4,1,0,0
2010/11,2011-01-01,Sunderland AFC,Blackburn Rovers FC,3,0,H,2,0,H,13,11,7,3,3,2,13,9,1,2,0,0
2010/11,2011-01-01,Tottenham Hotspur FC,Fulham FC,1,0,H,1,0,H,13,12,9,4,5,1,11,9,2,1,0,0
2010/11,2011-01-01,West Bromwich Albion FC,Manchester United FC,1,2,A,1,1,D,17,5,8,3,4,5,8,13,1,3,0,0
2010/11,2011-01-01,West Ham United FC,Wolverhampton Wanderers FC,2,0,H,0,0,D,11,15,6,10,5,10,7,14,0,1,0,0
2010/11,2011-01-02,Chelsea FC,Aston Villa FC,3,3,D,1,1,D,15,16,10,10,9,6,17,11,2,7,0,0
2010/11,2011-01-02,Wigan Athletic FC,Newcastle United FC,0,1,A,0,1,A,9,13,4,5,3,3,15,14,2,2,0,0
2010/11,2011-01-04,Blackpool FC,Birmingham City FC,1,2,A,0,1,A,19,11,13,7,3,7,9,6,0,1,0,0
2010/11,2011-01-04,Fulham FC,West Bromwich Albion FC,3,0,H,1,0,H,12,12,6,4,7,4,7,9,0,1,0,0
2010/11,2011-01-04,Manchester United FC,Stoke City FC,2,1,H,1,0,H,18,5,7,1,6,1,6,11,0,0,0,0
2010/11,2011-01-05,Arsenal FC,Manchester City FC,0,0,D,0,0,D,13,5,8,0,7,2,6,12,0,2,1,1
2010/11,2011-01-05,Aston Villa FC,Sunderland AFC,0,1,A,0,0,D,8,11,2,5,5,9,9,12,3,3,1,1
2010/11,2011-01-05,Blackburn Rovers FC,Liverpool FC,3,1,H,2,0,H,10,13,4,9,0,7,14,13,1,1,0,0
2010/11,2011-01-05,Bolton Wanderers FC,Wigan Athletic FC,1,1,D,0,0,D,14,10,7,7,8,4,9,8,0,4,0,0
2010/11,2011-01-05,Everton FC,Tottenham Hotspur FC,2,1,H,1,1,D,19,13,12,5,4,3,16,12,1,0,0,0
2010/11,2011-01-05,Newcastle United FC,West Ham United FC,5,0,H,3,0,H,11,13,7,6,4,3,10,10,0,4,0,0
2010/11,2011-01-05,Wolverhampton Wanderers FC,Chelsea FC,1,0,H,1,0,H,3,17,2,8,4,9,15,12,0,1,0,0
2010/11,2011-01-12,Blackpool FC,Liverpool FC,2,1,H,1,1,D,13,10,9,6,3,3,6,13,1,3,0,0
2010/11,2011-01-15,Chelsea FC,Blackburn Rovers FC,2,0,H,0,0,D,27,3,11,2,14,1,10,6,1,0,0,0
2010/11,2011-01-15,Manchester City FC,Wolverhampton Wanderers FC,4,3,H,1,1,D,15,10,12,7,11,8,9,9,0,0,0,0
2010/11,2011-01-15,Stoke City FC,Bolton Wanderers FC,2,0,H,1,0,H,12,13,5,6,5,5,8,13,0,2,0,0
2010/11,2011-01-15,West Bromwich Albion FC,Blackpool FC,3,2,H,1,1,D,18,9,11,2,4,4,10,11,1,2,0,0
2010/11,2011-01-15,West Ham United FC,Arsenal FC,0,3,A,0,2,A,7,19,6,13,4,10,8,7,1,0,0,0
2010/11,2011-01-15,Wigan Athletic FC,Fulham FC,1,1,D,0,0,D,8,14,5,5,3,11,21,7,4,2,0,0
2010/11,2011-01-16,Birmingham City FC,Aston Villa FC,1,1,D,0,0,D,14,13,4,3,5,7,14,14,1,2,0,0
2010/11,2011-01-16,Liverpool FC,Everton FC,2,2,D,1,0,H,19,10,14,5,10,6,16,17,3,0,0,0
2010/11,2011-01-16,Sunderland AFC,Newcastle United FC,1,1,D,0,0,D,10,9,7,2,4,6,17,5,1,1,0,0
2010/11,2011-01-16,Tottenham Hotspur FC,Manchester United FC,0,0,D,0,0,D,16,7,6,4,8,2,9,18,2,4,0,1
2010/11,2011-01-22,Arsenal FC,Wigan Athletic FC,3,0,H,1,0,H,23,3,15,1,8,1,6,14,0,1,0,1
2010/11,2011-01-22,Aston Villa FC,Manchester City FC,1,0,H,1,0,H,10,24,8,14,2,13,11,11,1,1,0,0
2010/11,2011-01-22,Blackpool FC,Sunderland AFC,1,2,A,0,2,A,13,11,7,6,10,4,13,9,2,0,0,0
2010/11,2011-01-22,Everton FC,West Ham United FC,2,2,D,0,1,A,11,13,6,5,12,2,8,12,1,2,0,1
2010/11,2011-01-22,Fulham FC,Stoke City FC,2,0,H,1,0,H,10,9,7,1,3,2,11,10,1,1,0,1
2010/11,2011-01-22,Manchester United FC,Birmingham City FC,5,0,H,3,0,H,23,6,9,1,10,3,10,5,0,0,0,0
2010/11,2011-01-22,Newcastle United FC,Tottenham Hotspur FC,1,1,D,0,0,D,13,14,6,9,1,4,13,7,0,0,0,0
2010/11,2011-01-22,Wolverhampton Wanderers FC,Liverpool FC,0,3,A,0,1,A,11,15,4,10,5,4,6,17,0,3,0,0
2010/11,2011-01-23,Blackburn Rovers FC,West Bromwich Albion FC,2,0,H,1,0,H,17,24,12,20,9,9,4,6,0,1,0,0
2010/11,2011-01-24,Bolton Wanderers FC,Chelsea FC,0,4,A,0,2,A,11,14,8,11,4,3,7,4,0,0,0,0
2010/11,2011-01-25,Blackpool FC,Manchester United FC,2,3,A,2,0,H,6,17,4,13,6,7,10,10,1,2,0,0
2010/11,2011-01-25,Wigan Athletic FC,Aston Villa FC,1,2,A,0,0,D,19,11,8,10,7,4,9,13,2,3,0,0
2010/11,2011-01-26,Liverpool FC,Fulham FC,1,0,H,0,0,D,11,12,7,8,6,2,11,10,0,0,0,0
2010/11,2011-02-01,Arsenal FC,Everton FC,2,1,H,0,1,A,19,4,10,4,5,7,12,14,3,5,0,0
2010/11,2011-02-01,Manchester United FC,Aston Villa FC,3,1,H,2,0,H,18,9,11,5,5,5,6,6,0,0,0,0
2010/11,2011-02-01,Sunderland AFC,Chelsea FC,2,4,A,2,2,D,4,21,3,14,0,6,10,10,1,2,0,0
2010/11,2011-02-01,West Bromwich Albion FC,Wigan Athletic FC,2,2,D,1,2,A,21,11,10,7,8,5,13,12,4,5,0,0
2010/11,2011-02-02,Birmingham City FC,Manchester City FC,2,2,D,1,2,A,14,12,7,9,6,4,9,12,0,2,0,0
2010/11,2011-02-02,Blackburn Rovers FC,Tottenham Hotspur FC,0,1,A,0,1,A,17,6,9,5,4,4,14,11,2,1,0,0
2010/11,2011-02-02,Blackpool FC,West Ham United FC,1,3,A,1,3,A,13,12,8,10,10,7,9,12,0,1,0,0
2010/11,2011-02-02,Bolton Wanderers FC,Wolverhampton Wanderers FC,1,0,H,0,0,D,13,11,8,5,8,3,16,8,1,3,0,0
2010/11,2011-02-02,Fulham FC,Newcastle United FC,1,0,H,0,0,D,11,4,9,3,4,7,14,19,0,3,0,0
2010/11,2011-02-02,Liverpool FC,Stoke City FC,2,0,H,0,0,D,13,6,9,1,7,0,6,8,1,4,0,0
2010/11,2011-02-05,Aston Villa FC,Fulham FC,2,2,D,1,0,H,10,13,5,9,3,6,15,11,3,2,0,0
2010/11,2011-02-05,Everton FC,Blackpool FC,5,3,H,1,1,D,23,11,16,7,9,5,8,17,0,1,0,0
2010/11,2011-02-05,Manchester City FC,West Bromwich Albion FC,3,0,H,3,0,H,13,17,9,9,8,8,13,10,1,2,0,0
2010/11,2011-02-05,Newcastle United FC,Arsenal FC,4,4,D,0,4,A,16,13,8,10,12,6,13,15,2,3,0,1
2010/11,2011-02-05,Stoke City FC,Sunderland AFC,3,2,H,1,1,D,18,11,9,7,12,4,7,15,1,3,0,0
2010/11,2011-02-05,Tottenham Hotspur FC,Bolton Wanderers FC,2,1,H,1,0,H,13,8,7,3,6,7,13,11,1,3,0,0
2010/11,2011-02-05,Wigan Athletic FC,Blackburn Rovers FC,4,3,H,1,1,D,11,9,7,5,4,9,11,12,1,2,0,0
2010/11,2011-02-05,Wolverhampton Wanderers FC,Manchester United FC,2,1,H,2,1,H,6,14,5,7,4,6,6,11,2,2,0,0
2010/11,2011-02-06,Chelsea FC,Liverpool FC,0,1,A,0,0,D,14,7,4,4,4,3,9,9,1,1,0,0
2010/11,2011-02-06,West Ham United FC,Birmingham City FC,0,1,A,0,0,D,16,9,9,3,5,5,18,13,3,1,0,0
2010/11,2011-02-12,Arsenal FC,Wolverhampton Wanderers FC,2,0,H,1,0,H,17,2,8,0,3,6,15,9,0,1,0,0
2010/11,2011-02-12,Birmingham City FC,Stoke City FC,1,0,H,0,0,D,10,15,4,5,3,5,15,14,1,0,0,0
2010/11,2011-02-12,Blackburn Rovers FC,Newcastle United FC,0,0,D,0,0,D,4,12,0,6,2,11,11,11,1,3,0,0
2010/11,2011-02-12,Blackpool FC,Aston Villa FC,1,1,D,1,1,D,14,7,5,4,4,8,13,14,2,1,0,1
2010/11,2011-02-12,Liverpool FC,Wigan Athletic FC,1,1,D,1,0,H,13,8,5,2,8,5,11,17,1,3,0,0
2010/11,2011-02-12,Manchester United FC,Manchester City FC,2,1,H,1,0,H,11,13,6,8,4,7,15,13,2,2,0,0
2010/11,2011-02-12,Sunderland AFC,Tottenham Hotspur FC,1,2,A,1,1,D,16,11,10,5,2,3,14,12,2,4,0,0
2010/11,2011-02-12,West Bromwich Albion FC,West Ham United FC,3,3,D,3,0,H,15,18,11,11,4,9,12,13,2,3,0,0
2010/11,2011-02-13,Bolton Wanderers FC,Everton FC,2,0,H,1,0,H,11,9,5,4,4,4,15,12,1,0,0,0
2010/11,2011-02-14,Fulham FC,Chelsea FC,0,0,D,0,0,D,12,23,8,9,4,6,10,13,2,1,0,0
2010/11,2011-02-15,Birmingham City FC,Newcastle United FC,0,2,A,0,1,A,11,10,5,7,4,6,13,14,1,3,0,0
2010/11,2011-02-20,West Bromwich Albion FC,Wolverhampton Wanderers FC,1,1,D,0,1,A,19,6,11,2,12,1,6,6,0,0,0,0
2010/11,2011-02-22,Blackpool FC,Tottenham Hotspur FC,3,1,H,2,0,H,8,25,4,10,1,7,11,8,2,0,0,0
2010/11,2011-02-23,Arsenal FC,Stoke City FC,1,0,H,1,0,H,9,7,4,4,5,3,8,9,1,2,0,0
2010/11,2011-02-26,Aston Villa FC,Blackburn Rovers FC,4,1,H,0,0,D,17,5,10,2,10,2,4,12,0,3,0,1
2010/11,2011-02-26,Everton FC,Sunderland AFC,2,0,H,2,0,H,17,12,9,7,4,1,11,8,0,0,0,0
2010/11,2011-02-26,Newcastle United FC,Bolton Wanderers FC,1,1,D,1,1,D,13,17,6,10,3,6,7,11,0,2,1,0
2010/11,2011-02-26,Wigan Athletic FC,Manchester United FC,0,4,A,0,1,A,10,14,4,9,8,4,13,11,0,1,0,0
2010/11,2011-02-26,Wolverhampton Wanderers FC,Blackpool FC,4,0,H,1,0,H,15,2,11,1,11,4,16,10,1,1,0,1
2010/11,2011-02-27,Manchester City FC,Fulham FC,1,1,D,1,0,H,14,11,4,5,10,1,17,13,1,2,0,0
2010/11,2011-02-27,West Ham United FC,Liverpool FC,3,1,H,2,0,H,17,12,11,8,6,8,10,8,0,1,0,0
2010/11,2011-02-28,Stoke City FC,West Bromwich Albion FC,1,1,D,0,0,D,6,16,3,11,4,0,17,14,2,2,0,0
2010/11,2011-03-01,Chelsea FC,Manchester United FC,2,1,H,0,1,A,17,12,11,7,10,2,11,14,3,2,0,1
2010/11,2011-03-05,Arsenal FC,Sunderland AFC,0,0,D,0,0,D,14,6,7,3,5,6,13,10,3,3,0,0
2010/11,2011-03-05,Birmingham City FC,West Bromwich Albion FC,1,3,A,0,0,D,9,9,4,5,7,3,8,10,3,1,0,0
2010/11,2011-03-05,Bolton Wanderers FC,Aston Villa FC,3,2,H,1,1,D,15,10,9,6,8,5,18,11,5,2,0,0
2010/11,2011-03-05,Fulham FC,Blackburn Rovers FC,3,2,H,1,1,D,15,12,11,9,9,7,12,17,2,3,0,0
2010/11,2011-03-05,Manchester City FC,Wigan Athletic FC,1,0,H,1,0,H,7,12,3,5,4,6,17,8,3,1,0,0
2010/11,2011-03-05,Newcastle United FC,Everton FC,1,2,A,1,2,A,10,13,8,8,5,4,12,14,2,4,0,0
2010/11,2011-03-05,West Ham United FC,Stoke City FC,3,0,H,2,0,H,15,7,10,5,7,3,9,10,0,3,0,0
2010/11,2011-03-06,Liverpool FC,Manchester United FC,3,1,H,2,0,H,17,12,10,7,6,4,12,12,2,3,0,0
2010/11,2011-03-06,Wolverhampton Wanderers FC,Tottenham Hotspur FC,3,3,D,2,2,D,13,15,4,10,7,4,10,11,0,3,0,0
2010/11,2011-03-07,Blackpool FC,Chelsea FC,1,3,A,0,1,A,14,18,5,11,3,13,5,8,0,0,0,0
2010/11,2011-03-09,Everton FC,Birmingham City FC,1,1,D,1,1,D,17,5,11,3,9,1,8,12,1,3,0,0
2010/11,2011-03-19,Aston Villa FC,Wolverhampton Wanderers FC,0,1,A,0,1,A,11,8,5,5,8,3,15,19,1,3,0,0
2010/11,2011-03-19,Blackburn Rovers FC,Blackpool FC,2,2,D,0,2,A,24,8,7,6,8,3,15,12,1,1,0,0
2010/11,2011-03-19,Everton FC,Fulham FC,2,1,H,1,0,H,16,12,12,6,7,5,15,19,2,0,0,0
2010/11,2011-03-19,Manchester United FC,Bolton Wanderers FC,1,0,H,0,0,D,14,11,8,6,12,5,8,11,0,0,1,0
2010/11,2011-03-19,Stoke City FC,Newcastle United FC,4,0,H,1,0,H,8,14,6,9,3,7,16,9,1,1,0,0
2010/11,2011-03-19,Tottenham Hotspur FC,West Ham United FC,0,0,D,0,0,D,26,11,14,5,6,2,6,13,0,4,0,0
2010/11,2011-03-19,West Bromwich Albion FC,Arsenal FC,2,2,D,1,0,H,4,18,3,11,2,7,9,7,1,3,0,0
2010/11,2011-03-19,Wigan Athletic FC,Birmingham City FC,2,1,H,1,1,D,16,7,13,4,9,4,13,13,3,1,0,0
2010/11,2011-03-20,Chelsea FC,Manchester City FC,2,0,H,0,0,D,16,5,11,2,5,1,16,13,2,5,0,0
2010/11,2011-03-20,Sunderland AFC,Liverpool FC,0,2,A,0,1,A,3,10,1,4,3,6,11,7,3,3,1,0
2010/11,2011-04-02,Arsenal FC,Blackburn Rovers FC,0,0,D,0,0,D,19,7,11,2,11,4,10,9,1,2,0,1
2010/11,2011-04-02,Birmingham City FC,Bolton Wanderers FC,2,1,H,1,0,H,9,19,6,12,8,9,11,16,0,2,0,0
2010/11,2011-04-02,Everton FC,Aston Villa FC,2,2,D,1,0,H,14,7,7,5,5,7,13,16,3,2,0,0
2010/11,2011-04-02,Newcastle United FC,Wolverhampton Wanderers FC,4,1,H,2,0,H,17,13,13,9,5,4,19,10,5,3,0,0
2010/11,2011-04-02,Stoke City FC,Chelsea FC,1,1,D,1,1,D,13,20,6,10,5,12,9,10,1,2,0,0
2010/11,2011-04-02,West Bromwich Albion FC,Liverpool FC,2,1,H,0,0,D,17,13,14,9,0,5,10,15,2,3,0,0
2010/11,2011-04-02,West Ham United FC,Manchester United FC,2,4,A,2,0,H,6,18,2,9,0,16,10,9,1,2,0,0
2010/11,2011-04-02,Wigan Athletic FC,Tottenham Hotspur FC,0,0,D,0,0,D,14,10,5,6,8,2,11,13,1,1,0,0
2010/11,2011-04-03,Fulham FC,Blackpool FC,3,0,H,2,0,H,13,10,11,6,4,7,14,5,2,1,0,0
2010/11,2011-04-03,Manchester City FC,Sunderland AFC,5,0,H,2,0,H,14,8,12,4,6,5,9,20,2,3,0,0
2010/11,2011-04-09,Blackburn Rovers FC,Birmingham City FC,1,1,D,1,1,D,15,6,5,5,8,2,10,10,2,3,0,0
2010/11,2011-04-09,Bolton Wanderers FC,West Ham United FC,3,0,H,2,0,H,23,14,12,8,5,10,6,10,1,0,0,0
2010/11,2011-04-09,Chelsea FC,Wigan Athletic FC,1,0,H,0,0,D,21,11,13,7,10,5,11,12,1,2,0,0
2010/11,2011-04-09,Manchester United FC,Fulham FC,2,0,H,2,0,H,16,12,12,5,8,3,12,8,0,0,0,0
2010/11,2011-04-09,Sunderland AFC,West Bromwich Albion FC,2,3,A,2,1,H,7,12,4,8,5,2,10,11,3,1,0,0
2010/11,2011-04-09,Tottenham Hotspur FC,Stoke City FC,3,2,H,3,2,H,9,10,8,5,10,5,11,16,1,3,0,0
2010/11,2011-04-09,Wolverhampton Wanderers FC,Everton FC,0,3,A,0,3,A,11,9,7,6,13,6,13,14,0,1,0,0
2010/11,2011-04-10,Aston Villa FC,Newcastle United FC,1,0,H,1,0,H,13,6,7,4,9,2,8,10,2,2,0,0
2010/11,2011-04-10,Blackpool FC,Arsenal FC,1,3,A,0,2,A,12,16,6,7,6,4,13,9,2,2,0,0
2010/11,2011-04-11,Liverpool FC,Manchester City FC,3,0,H,3,0,H,15,13,7,4,6,2,6,3,1,0,0,0
2010/11,2011-04-16,Birmingham City FC,Sunderland AFC,2,0,H,1,0,H,10,15,4,7,4,9,7,10,0,0,0,0
2010/11,2011-04-16,Blackpool FC,Wigan Athletic FC,1,3,A,0,2,A,14,9,9,5,5,3,13,12,2,2,0,0
2010/11,2011-04-16,Everton FC,Blackburn Rovers FC,2,0,H,0,0,D,17,4,7,2,10,1,9,17,2,3,0,0
2010/11,2011-04-16,West Bromwich Albion FC,Chelsea FC,1,3,A,1,3,A,12,19,6,11,3,5,7,10,1,0,0,0
2010/11,2011-04-16,West Ham United FC,Aston Villa FC,1,2,A,1,1,D,12,21,7,11,5,11,8,3,0,0,0,0
2010/11,2011-04-17,Arsenal FC,Liverpool FC,1,1,D,0,0,D,12,9,6,5,10,3,13,13,2,4,0,0
2010/11,2011-04-19,Newcastle United FC,Manchester United FC,0,0,D,0,0,D,12,18,5,8,6,7,9,10,2,2,0,0
2010/11,2011-04-20,Chelsea FC,Birmingham City FC,3,1,H,2,0,H,17,6,7,3,7,4,9,11,0,1,0,0
2010/11,2011-04-20,Tottenham Hotspur FC,Arsenal FC,3,3,D,2,3,A,16,13,9,9,7,6,8,13,0,3,0,0
2010/11,2011-04-23,Aston Villa FC,Stoke City FC,1,1,D,1,1,D,7,4,2,3,7,8,9,9,0,3,0,0
2010/11,2011-04-23,Blackpool FC,Newcastle United FC,1,1,D,1,1,D,18,9,7,6,4,4,17,8,1,1,0,0
2010/11,2011-04-23,Chelsea FC,West Ham United FC,3,0,H,1,0,H,16,12,11,7,5,7,7,13,1,2,0,0
2010/11,2011-04-23,Liverpool FC,Birmingham City FC,5,0,H,2,0,H,17,10,13,6,5,2,7,12,1,0,0,0
2010/11,2011-04-23,Manchester United FC,Everton FC,1,0,H,0,0,D,21,5,12,3,13,1,10,9,1,2,0,0
2010/11,2011-04-23,Sunderland AFC,Wigan Athletic FC,4,2,H,0,0,D,11,11,7,7,7,3,11,9,1,2,0,0
2010/11,2011-04-23,Tottenham Hotspur FC,West Bromwich Albion FC,2,2,D,1,1,D,19,10,9,4,11,1,8,9,1,1,0,0
2010/11,2011-04-23,Wolverhampton Wanderers FC,Fulham FC,1,1,D,1,0,H,12,15,3,5,3,5,15,17,2,2,0,0
2010/11,2011-04-24,Bolton Wanderers FC,Arsenal FC,2,1,H,1,0,H,11,17,10,7,3,9,13,14,3,3,0,0
2010/11,2011-04-25,Blackburn Rovers FC,Manchester City FC,0,1,A,0,0,D,12,10,6,5,4,6,15,15,2,3,0,0
2010/11,2011-04-26,Stoke City FC,Wolverhampton Wanderers FC,3,0,H,2,0,H,17,5,8,1,7,11,12,10,3,2,0,0
2010/11,2011-04-27,Fulham FC,Bolton Wanderers FC,3,0,H,1,0,H,18,14,7,6,10,7,12,8,1,1,0,0
2010/11,2011-04-30,Blackburn Rovers FC,Bolton Wanderers FC,1,0,H,1,0,H,17,11,8,3,3,10,7,9,2,1,0,0
2010/11,2011-04-30,Blackpool FC,Stoke City FC,0,0,D,0,0,D,11,9,6,6,4,8,10,11,0,0,0,0
2010/11,2011-04-30,Chelsea FC,Tottenham Hotspur FC,2,1,H,1,1,D,16,12,10,7,6,5,11,11,3,1,0,0
2010/11,2011-04-30,Sunderland AFC,Fulham FC,0,3,A,0,1,A,11,9,7,6,5,4,7,12,1,0,0,0
2010/11,2011-04-30,West Bromwich Albion FC,Aston Villa FC,2,1,H,0,1,A,8,11,4,6,3,7,12,12,3,1,1,0
2010/11,2011-04-30,Wigan Athletic FC,Everton FC,1,1,D,1,0,H,13,3,9,3,3,8,12,12,2,2,0,0
2010/11,2011-05-01,Arsenal FC,Manchester United FC,1,0,H,0,0,D,9,11,2,7,3,6,15,7,2,3,0,0
2010/11,2011-05-01,Birmingham City FC,Wolverhampton Wanderers FC,1,1,D,1,1,D,8,7,1,2,0,2,10,16,3,3,1,0
2010/11,2011-05-01,Liverpool FC,Newcastle United FC,3,0,H,1,0,H,9,7,5,3,3,12,15,10,1,2,0,0
2010/11,2011-05-01,Manchester City FC,West Ham United FC,2,1,H,2,1,H,19,7,12,4,8,5,13,8,3,1,0,0
2010/11,2011-05-07,Aston Villa FC,Wigan Athletic FC,1,1,D,1,1,D,10,7,7,4,2,5,6,11,2,0,0,0
2010/11,2011-05-07,Bolton Wanderers FC,Sunderland AFC,1,2,A,0,1,A,17,10,9,6,5,5,14,10,1,0,0,0
2010/11,2011-05-07,Everton FC,Manchester City FC,2,1,H,0,1,A,10,12,6,7,11,6,13,15,4,2,0,0
2010/11,2011-05-07,Newcastle United FC,Birmingham City FC,2,1,H,2,1,H,19,5,14,2,8,2,10,12,1,4,0,1
2010/11,2011-05-07,Tottenham Hotspur FC,Blackpool FC,1,1,D,0,0,D,20,13,11,7,7,6,5,13,3,2,0,0
2010/11,2011-05-07,West Ham United FC,Blackburn Rovers FC,1,1,D,0,1,A,24,8,15,4,7,3,7,14,3,0,0,0
2010/11,2011-05-08,Manchester United FC,Chelsea FC,2,1,H,2,0,H,13,19,8,11,7,2,12,14,2,4,0,0
2010/11,2011-05-08,Stoke City FC,Arsenal FC,3,1,H,2,0,H,12,14,7,5,2,5,7,10,1,2,0,0
2010/11,2011-05-08,Wolverhampton Wanderers FC,West Bromwich Albion FC,3,1,H,2,0,H,14,14,10,6,8,4,9,7,3,1,0,0
2010/11,2011-05-09,Fulham FC,Liverpool FC,2,5,A,0,3,A,10,16,7,11,6,5,18,11,5,2,0,0
2010/11,2011-05-10,Manchester City FC,Tottenham Hotspur FC,1,0,H,1,0,H,7,14,4,7,2,8,7,8,1,1,0,0
2010/11,2011-05-14,Blackburn Rovers FC,Manchester United FC,1,1,D,1,0,H,6,9,2,4,2,6,11,11,3,0,0,0
2010/11,2011-05-14,Blackpool FC,Bolton Wanderers FC,4,3,H,3,2,H,12,17,8,9,5,6,16,12,2,4,0,0
2010/11,2011-05-14,Sunderland AFC,Wolverhampton Wanderers FC,1,3,A,1,1,D,14,10,9,6,5,5,8,19,0,0,0,0
2010/11,2011-05-14,West Bromwich Albion FC,Everton FC,1,0,H,1,0,H,14,23,9,10,2,12,15,9,2,2,0,1
2010/11,2011-05-15,Arsenal FC,Aston Villa FC,1,2,A,0,2,A,24,8,15,5,13,2,9,10,1,4,0,0
2010/11,2011-05-15,Birmingham City FC,Fulham FC,0,2,A,0,1,A,7,18,2,9,5,5,7,15,0,5,0,0
2010/11,2011-05-15,Chelsea FC,Newcastle United FC,2,2,D,1,1,D,15,13,7,9,7,4,17,13,4,2,0,0
2010/11,2011-05-15,Liverpool FC,Tottenham Hotspur FC,0,2,A,0,1,A,10,8,2,4,11,5,13,7,2,1,0,0
2010/11,2011-05-15,Wigan Athletic FC,West Ham United FC,3,2,H,0,2,A,19,13,10,10,10,6,7,10,1,1,0,0
2010/11,2011-05-17,Manchester City FC,Stoke City FC,3,0,H,1,0,H,16,4,9,2,4,3,6,9,0,3,0,0
2010/11,2011-05-22,Aston Villa FC,Liverpool FC,1,0,H,1,0,H,10,9,8,4,4,5,12,12,2,2,0,0
2010/11,2011-05-22,Bolton Wanderers FC,Manchester City FC,0,2,A,0,1,A,16,16,8,10,6,5,11,10,1,1,1,0
2010/11,2011-05-22,Everton FC,Chelsea FC,1,0,H,0,0,D,11,19,3,9,6,5,12,14,3,2,1,0
2010/11,2011-05-22,Fulham FC,Arsenal FC,2,2,D,1,1,D,10,12,6,6,5,3,12,5,2,1,1,0
2010/11,2011-05-22,Manchester United FC,Blackpool FC,4,2,H,1,1,D,18,14,11,7,8,8,8,5,2,1,0,0
2010/11,2011-05-22,Newcastle United FC,West Bromwich Albion FC,3,3,D,2,0,H,15,13,10,7,7,6,5,8,0,0,0,0
2010/11,2011-05-22,Stoke City FC,Wigan Athletic FC,0,1,A,0,0,D,11,11,5,9,5,3,10,9,1,4,0,0
2010/11,2011-05-22,Tottenham Hotspur FC,Birmingham City FC,2,1,H,0,0,D,22,7,16,3,7,5,5,15,0,3,0,0
2010/11,2011-05-22,West Ham United FC,Sunderland AFC,0,3,A,0,1,A,17,17,12,12,4,6,7,8,0,2,0,0
2010/11,2011-05-22,Wolverhampton Wanderers FC,Blackburn Rovers FC,2,3,A,0,3,A,12,13,5,10,8,3,12,9,3,1,0,0
2011/12,2011-08-13,Blackburn Rovers FC,Wolverhampton Wanderers FC,1,2,A,1,1,D,16,13,8,4,12,6,14,10,4,2,0,0
2011/12,2011-08-13,Fulham FC,Aston Villa FC,0,0,D,0,0,D,13,7,9,1,2,3,10,18,2,4,0,0
2011/12,2011-08-13,Liverpool FC,Sunderland AFC,1,1,D,1,0,H,11,15,4,6,6,3,17,12,4,4,0,0
2011/12,2011-08-13,Newcastle United FC,Arsenal FC,0,0,D,0,0,D,6,9,1,4,2,5,9,11,3,5,0,1
2011/12,2011-08-13,Queens Park Rangers FC,Bolton Wanderers FC,0,4,A,0,1,A,13,13,7,7,3,2,9,16,1,2,1,0
2011/12,2011-08-13,Wigan Athletic FC,Norwich City FC,1,1,D,1,1,D,18,13,11,3,7,3,11,8,2,2,0,0
2011/12,2011-08-14,Stoke City FC,Chelsea FC,0,0,D,0,0,D,6,20,3,11,4,6,12,12,2,2,0,0
2011/12,2011-08-14,West Bromwich Albion FC,Manchester United FC,1,2,A,1,1,D,14,11,8,5,6,5,16,9,3,2,0,0
2011/12,2011-08-15,Manchester City FC,Swansea City FC,4,0,H,0,0,D,26,8,19,5,7,4,9,2,0,0,0,0
2011/12,2011-08-20,Arsenal FC,Liverpool FC,0,2,A,0,0,D,10,13,6,8,9,5,11,6,2,2,1,0
2011/12,2011-08-20,Aston Villa FC,Blackburn Rovers FC,3,1,H,2,0,H,9,10,6,6,5,4,9,13,3,0,0,0
2011/12,2011-08-20,Chelsea FC,West Bromwich Albion FC,2,1,H,0,1,A,22,6,12,4,7,4,12,8,2,4,0,0
2011/12,2011-08-20,Everton FC,Queens Park Rangers FC,0,1,A,0,1,A,14,4,7,3,2,1,12,9,1,1,0,0
2011/12,2011-08-20,Sunderland AFC,Newcastle United FC,0,1,A,0,0,D,15,12,5,10,7,6,17,7,3,3,1,0
2011/12,2011-08-20,Swansea City FC,Wigan Athletic FC,0,0,D,0,0,D,12,10,6,4,7,7,8,18,0,3,0,0
2011/12,2011-08-21,Bolton Wanderers FC,Manchester City FC,2,3,A,1,2,A,6,17,4,9,7,8,19,14,2,0,0,0
2011/12,2011-08-21,Norwich City FC,Stoke City FC,1,1,D,1,0,H,9,15,7,5,3,6,13,12,0,2,1,0
2011/12,2011-08-21,Wolverhampton Wanderers FC,Fulham FC,2,0,H,2,0,H,17,8,7,4,7,8,7,10,2,2,0,0
2011/12,2011-08-22,Manchester United FC,Tottenham Hotspur FC,3,0,H,0,0,D,27,20,21,12,11,3,12,9,1,2,0,0
2011/12,2011-08-27,Aston Villa FC,Wolverhampton Wanderers FC,0,0,D,0,0,D,15,3,5,2,11,8,10,9,1,3,0,0
2011/12,2011-08-27,Blackburn Rovers FC,Everton FC,0,1,A,0,0,D,14,9,6,4,5,4,17,13,5,2,0,0
2011/12,2011-08-27,Chelsea FC,Norwich City FC,3,1,H,1,0,H,16,9,8,6,8,6,17,14,2,2,0,1
2011/12,2011-08-27,Liverpool FC,Bolton Wanderers FC,3,1,H,1,0,H,17,7,9,4,12,6,5,7,0,2,0,0
2011/12,2011-08-27,Swansea City FC,Sunderland AFC,0,0,D,0,0,D,15,12,6,8,7,4,7,10,1,1,0,0
2011/12,2011-08-27,Wigan Athletic FC,Queens Park Rangers FC,2,0,H,1,0,H,13,19,10,9,8,7,13,8,2,0,0,0
2011/12,2011-08-28,Manchester United FC,Arsenal FC,8,2,H,3,1,H,25,19,15,13,3,5,9,7,2,3,0,1
2011/12,2011-08-28,Newcastle United FC,Fulham FC,2,1,H,0,0,D,13,16,9,9,6,6,19,8,2,1,0,0
2011/12,2011-08-28,Tottenham Hotspur FC,Manchester City FC,1,5,A,0,2,A,15,22,10,12,10,5,11,9,2,4,0,0
2011/12,2011-08-28,West Bromwich Albion FC,Stoke City FC,0,1,A,0,0,D,16,7,7,1,5,1,9,12,0,0,0,0
2011/12,2011-09-10,Arsenal FC,Swansea City FC,1,0,H,1,0,H,18,10,8,5,4,5,10,7,3,2,0,0
2011/12,2011-09-10,Bolton Wanderers FC,Manchester United FC,0,5,A,0,3,A,20,13,13,9,5,7,14,1,2,0,0,0
2011/12,2011-09-10,Everton FC,Aston Villa FC,2,2,D,1,0,H,17,7,10,3,8,0,13,11,1,1,0,0
2011/12,2011-09-10,Manchester City FC,Wigan Athletic FC,3,0,H,1,0,H,23,9,10,5,8,3,6,9,0,0,0,0
2011/12,2011-09-10,Stoke City FC,Liverpool FC,1,0,H,1,0,H,3,20,1,11,2,12,12,13,0,1,0,0
2011/12,2011-09-10,Sunderland AFC,Chelsea FC,1,2,A,0,1,A,14,16,7,8,4,7,7,3,1,1,0,0
2011/12,2011-09-10,Wolverhampton Wanderers FC,Tottenham Hotspur FC,0,2,A,0,0,D,10,17,6,11,4,10,5,12,3,2,0,0
2011/12,2011-09-11,Fulham FC,Blackburn Rovers FC,1,1,D,1,1,D,13,10,8,5,11,2,7,12,3,1,0,0
2011/12,2011-09-11,Norwich City FC,West Bromwich Albion FC,0,1,A,0,1,A,17,14,5,9,1,3,10,11,1,2,0,0
2011/12,2011-09-12,Queens Park Rangers FC,Newcastle United FC,0,0,D,0,0,D,14,8,5,3,6,4,10,15,1,3,0,0
2011/12,2011-09-17,Aston Villa FC,Newcastle United FC,1,1,D,1,0,H,10,21,2,13,4,9,13,10,1,1,0,0
2011/12,2011-09-17,Blackburn Rovers FC,Arsenal FC,4,3,H,1,2,A,10,24,5,16,2,13,14,9,2,1,0,0
2011/12,2011-09-17,Bolton Wanderers FC,Norwich City FC,1,2,A,0,2,A,7,11,7,5,6,9,8,8,3,1,1,0
2011/12,2011-09-17,Everton FC,Wigan Athletic FC,3,1,H,1,1,D,17,9,10,4,4,9,14,8,2,1,0,0
2011/12,2011-09-17,Swansea City FC,West Bromwich Albion FC,3,0,H,2,0,H,7,13,5,8,2,8,4,9,1,2,0,0
2011/12,2011-09-17,Wolverhampton Wanderers FC,Queens Park Rangers FC,0,3,A,0,2,A,13,17,6,12,4,8,15,13,2,3,0,0
2011/12,2011-09-18,Fulham FC,Manchester City FC,2,2,D,0,1,A,14,18,11,11,6,9,10,9,1,1,0,0
2011/12,2011-09-18,Manchester United FC,Chelsea FC,3,1,H,3,0,H,12,20,7,9,4,10,11,12,2,3,0,0
2011/12,2011-09-18,Sunderland AFC,Stoke City FC,4,0,H,3,0,H,8,9,7,5,6,5,15,12,1,2,0,0
2011/12,2011-09-18,Tottenham Hotspur FC,Liverpool FC,4,0,H,1,0,H,24,5,16,2,4,1,10,9,1,4,0,2
2011/12,2011-09-24,Arsenal FC,Bolton Wanderers FC,3,0,H,0,0,D,23,3,14,3,9,2,7,9,0,1,0,1
2011/12,2011-09-24,Chelsea FC,Swansea City FC,4,1,H,2,0,H,15,5,7,4,1,6,15,11,3,3,1,0
2011/12,2011-09-24,Liverpool FC,Wolverhampton Wanderers FC,2,1,H,2,0,H,14,11,6,6,7,2,15,6,3,4,0,0
2011/12,2011-09-24,Manchester City FC,Everton FC,2,0,H,0,0,D,18,7,8,3,7,5,9,13,1,5,0,0
2011/12,2011-09-24,Newcastle United FC,Blackburn Rovers FC,3,1,H,2,1,H,19,4,8,1,4,2,6,16,0,4,0,1
2011/12,2011-09-24,Stoke City FC,Manchester United FC,1,1,D,0,1,A,14,13,8,9,8,8,10,3,1,0,0,0
2011/12,2011-09-24,West Bromwich Albion FC,Fulham FC,0,0,D,0,0,D,8,18,5,9,1,1,6,14,0,3,0,0
2011/12,2011-09-24,Wigan Athletic FC,Tottenham Hotspur FC,1,2,A,0,2,A,5,14,4,7,1,9,13,6,3,1,1,0
2011/12,2011-09-25,Queens Park Rangers FC,Aston Villa FC,1,1,D,0,0,D,17,8,9,4,11,8,14,19,1,6,1,0
2011/12,2011-09-26,Norwich City FC,Sunderland AFC,2,1,H,1,0,H,11,12,8,6,7,4,3,7,2,1,0,0
2011/12,2011-10-01,Aston Villa FC,Wigan Athletic FC,2,0,H,1,0,H,16,14,10,9,5,10,12,6,0,1,0,0
2011/12,2011-10-01,Blackburn Rovers FC,Manchester City FC,0,4,A,0,0,D,5,19,4,12,4,5,9,14,1,1,0,0
2011/12,2011-10-01,Everton FC,Liverpool FC,0,2,A,0,0,D,12,15,4,9,5,9,15,9,1,1,1,0
2011/12,2011-10-01,Manchester United FC,Norwich City FC,2,0,H,0,0,D,17,13,9,6,10,3,9,6,1,0,0,0
2011/12,2011-10-01,Sunderland AFC,West Bromwich Albion FC,2,2,D,2,2,D,12,7,7,3,7,4,9,13,2,0,0,0
2011/12,2011-10-01,Wolverhampton Wanderers FC,Newcastle United FC,1,2,A,0,2,A,25,10,12,6,10,5,7,10,1,2,0,0
2011/12,2011-10-02,Bolton Wanderers FC,Chelsea FC,1,5,A,0,4,A,14,21,10,14,4,5,10,11,1,2,0,0
2011/12,2011-10-02,Fulham FC,Queens Park Rangers FC,6,0,H,3,0,H,19,17,13,10,4,4,10,7,2,3,0,0
2011/12,2011-10-02,Swansea City FC,Stoke City FC,2,0,H,1,0,H,9,11,5,6,6,5,14,18,3,5,0,0
2011/12,2011-10-02,Tottenham Hotspur FC,Arsenal FC,2,1,H,1,0,H,16,13,8,7,9,7,11,8,2,1,0,0
2011/12,2011-10-15,Chelsea FC,Everton FC,3,1,H,2,0,H,7,9,5,5,2,2,13,11,2,2,0,0
2011/12,2011-10-15,Liverpool FC,Manchester United FC,1,1,D,0,0,D,14,10,8,3,8,3,8,11,1,3,0,0
2011/12,2011-10-15,Manchester City FC,Aston Villa FC,4,1,H,1,0,H,15,8,10,6,5,1,10,6,1,1,0,0
2011/12,2011-10-15,Norwich City FC,Swansea City FC,3,1,H,2,1,H,15,12,8,4,4,4,6,5,0,1,0,0
2011/12,2011-10-15,Queens Park Rangers FC,Blackburn Rovers FC,1,1,D,1,1,D,12,10,6,9,5,7,10,13,3,2,0,0
2011/12,2011-10-15,Stoke City FC,Fulham FC,2,0,H,0,0,D,14,4,6,1,5,2,14,15,4,4,0,0
2011/12,2011-10-15,Wigan Athletic FC,Bolton Wanderers FC,1,3,A,1,2,A,13,14,9,11,5,4,16,14,4,4,0,0
2011/12,2011-10-16,Arsenal FC,Sunderland AFC,2,1,H,1,1,D,20,8,11,4,9,2,9,19,3,3,0,0
2011/12,2011-10-16,Newcastle United FC,Tottenham Hotspur FC,2,2,D,0,1,A,12,11,7,8,5,2,11,15,1,2,0,0
2011/12,2011-10-16,West Bromwich Albion FC,Wolverhampton Wanderers FC,2,0,H,1,0,H,17,13,11,10,2,11,14,12,0,1,0,0
2011/12,2011-10-22,Aston Villa FC,West Bromwich Albion FC,1,2,A,1,1,D,3,8,0,5,3,8,11,8,2,3,1,0
2011/12,2011-10-22,Bolton Wanderers FC,Sunderland AFC,0,2,A,0,0,D,15,18,8,10,2,11,15,14,0,3,0,0
2011/12,2011-10-22,Liverpool FC,Norwich City FC,1,1,D,1,0,H,25,12,15,10,10,3,6,8,0,1,0,0
2011/12,2011-10-22,Newcastle United FC,Wigan Athletic FC,1,0,H,0,0,D,13,12,10,5,7,3,7,22,3,2,0,0
2011/12,2011-10-22,Wolverhampton Wanderers FC,Swansea City FC,2,2,D,0,2,A,20,16,13,14,8,13,14,11,2,0,0,0
2011/12,2011-10-23,Arsenal FC,Stoke City FC,3,1,H,1,1,D,9,5,5,2,10,1,9,13,0,2,0,0
2011/12,2011-10-23,Blackburn Rovers FC,Tottenham Hotspur FC,1,2,A,1,1,D,19,9,8,7,8,5,19,7,4,1,0,0
2011/12,2011-10-23,Fulham FC,Everton FC,1,3,A,0,1,A,15,11,8,7,5,1,12,8,3,1,0,0
2011/12,2011-10-23,Manchester United FC,Manchester City FC,1,6,A,0,1,A,12,19,8,12,7,4,15,11,4,4,1,0
2011/12,2011-10-23,Queens Park Rangers FC,Chelsea FC,1,0,H,1,0,H,8,14,3,7,0,6,17,17,2,7,0,2
2011/12,2011-10-29,Chelsea FC,Arsenal FC,3,5,A,2,1,H,12,13,10,8,3,2,7,18,2,3,0,0
2011/12,2011-10-29,Everton FC,Manchester United FC,0,1,A,0,1,A,18,7,11,6,4,1,12,8,3,0,0,0
2011/12,2011-10-29,Manchester City FC,Wolverhampton Wanderers FC,3,1,H,0,0,D,18,9,9,2,5,4,17,5,2,1,1,0
2011/12,2011-10-29,Norwich City FC,Blackburn Rovers FC,3,3,D,0,1,A,13,12,6,7,6,2,9,10,2,1,0,0
2011/12,2011-10-29,Sunderland AFC,Aston Villa FC,2,2,D,1,1,D,13,10,8,5,5,6,7,13,1,3,0,0
2011/12,2011-10-29,Swansea City FC,Bolton Wanderers FC,3,1,H,0,0,D,20,8,12,3,10,2,9,14,3,4,0,1
2011/12,2011-10-29,West Bromwich Albion FC,Liverpool FC,0,2,A,0,2,A,10,17,6,7,3,10,12,9,1,0,0,0
2011/12,2011-10-29,Wigan Athletic FC,Fulham FC,0,2,A,0,1,A,18,7,9,5,9,0,17,14,2,5,0,0
2011/12,2011-10-30,Tottenham Hotspur FC,Queens Park Rangers FC,3,1,H,2,0,H,22,12,13,8,4,8,12,14,0,0,0,0
2011/12,2011-10-31,Stoke City FC,Newcastle United FC,1,3,A,0,2,A,10,6,4,2,8,2,8,14,0,1,0,0
2011/12,2011-11-05,Arsenal FC,West Bromwich Albion FC,3,0,H,2,0,H,12,9,7,4,4,1,12,12,0,0,0,0
2011/12,2011-11-05,Aston Villa FC,Norwich City FC,3,2,H,1,1,D,12,9,6,7,6,6,11,9,1,5,0,0
2011/12,2011-11-05,Blackburn Rovers FC,Chelsea FC,0,1,A,0,0,D,13,12,8,8,5,8,12,10,4,2,0,0
2011/12,2011-11-05,Liverpool FC,Swansea City FC,0,0,D,0,0,D,18,9,10,3,11,4,13,5,2,1,0,0
2011/12,2011-11-05,Manchester United FC,Sunderland AFC,1,0,H,1,0,H,15,9,9,3,6,2,6,14,0,2,0,0
2011/12,2011-11-05,Newcastle United FC,Everton FC,2,1,H,2,1,H,10,14,6,6,5,3,12,15,2,3,0,0
2011/12,2011-11-05,Queens Park Rangers FC,Manchester City FC,2,3,A,1,1,D,18,16,9,8,3,1,5,14,1,1,0,0
2011/12,2011-11-06,Bolton Wanderers FC,Stoke City FC,5,0,H,2,0,H,20,9,16,6,12,4,10,9,0,1,0,0
2011/12,2011-11-06,Fulham FC,Tottenham Hotspur FC,1,3,A,0,2,A,26,8,20,8,11,1,5,9,0,1,0,0
2011/12,2011-11-06,Wolverhampton Wanderers FC,Wigan Athletic FC,3,1,H,1,1,D,13,13,12,7,5,6,11,13,2,1,0,0
2011/12,2011-11-19,Everton FC,Wolverhampton Wanderers FC,2,1,H,1,1,D,13,4,9,1,9,1,14,13,1,2,0,0
2011/12,2011-11-19,Manchester City FC,Newcastle United FC,3,1,H,2,0,H,12,10,9,7,4,5,10,7,0,0,0,0
2011/12,2011-11-19,Norwich City FC,Arsenal FC,1,2,A,1,1,D,7,20,4,14,1,6,11,9,3,0,0,0
2011/12,2011-11-19,Stoke City FC,Queens Park Rangers FC,2,3,A,1,2,A,17,9,7,8,9,5,17,10,4,2,0,0
2011/12,2011-11-19,Sunderland AFC,Fulham FC,0,0,D,0,0,D,13,13,8,9,6,7,8,12,1,1,0,0
2011/12,2011-11-19,Swansea City FC,Manchester United FC,0,1,A,0,1,A,9,13,6,7,6,2,6,9,0,1,0,0
2011/12,2011-11-19,West Bromwich Albion FC,Bolton Wanderers FC,2,1,H,1,1,D,16,8,9,6,7,5,12,12,1,0,0,0
2011/12,2011-11-19,Wigan Athletic FC,Blackburn Rovers FC,3,3,D,2,1,H,21,6,11,2,7,3,14,13,2,3,0,1
2011/12,2011-11-20,Chelsea FC,Liverpool FC,1,2,A,0,1,A,18,9,5,3,6,5,13,11,3,2,0,0
2011/12,2011-11-21,Tottenham Hotspur FC,Aston Villa FC,2,0,H,2,0,H,20,5,9,1,11,3,4,5,0,2,0,0
2011/12,2011-11-26,Arsenal FC,Fulham FC,1,1,D,0,0,D,20,10,12,6,13,4,9,7,1,3,0,0
2011/12,2011-11-26,Bolton Wanderers FC,Everton FC,0,2,A,0,0,D,8,17,7,14,2,4,9,10,1,1,1,0
2011/12,2011-11-26,Chelsea FC,Wolverhampton Wanderers FC,3,0,H,3,0,H,17,7,11,2,9,2,10,10,1,2,0,0
2011/12,2011-11-26,Manchester United FC,Newcastle United FC,1,1,D,0,0,D,23,8,13,6,11,3,12,15,1,4,0,1
2011/12,2011-11-26,Norwich City FC,Queens Park Rangers FC,2,1,H,1,0,H,15,13,8,4,6,4,15,7,1,0,0,0
2011/12,2011-11-26,Stoke City FC,Blackburn Rovers FC,3,1,H,1,0,H,8,16,5,12,2,6,10,5,0,0,0,0
2011/12,2011-11-26,Sunderland AFC,Wigan Athletic FC,1,2,A,1,1,D,17,7,11,4,3,2,12,13,3,1,0,0
2011/12,2011-11-26,West Bromwich Albion FC,Tottenham Hotspur FC,1,3,A,1,1,D,9,23,5,14,1,10,11,13,2,1,0,0
2011/12,2011-11-27,Liverpool FC,Manchester City FC,1,1,D,1,1,D,17,7,9,3,8,5,11,13,1,4,0,1
2011/12,2011-11-27,Swansea City FC,Aston Villa FC,0,0,D,0,0,D,6,9,2,4,4,6,9,17,3,4,0,0
2011/12,2011-12-03,Aston Villa FC,Manchester United FC,0,1,A,0,1,A,7,11,3,5,5,5,4,11,0,0,0,0
2011/12,2011-12-03,Blackburn Rovers FC,Swansea City FC,4,2,H,2,1,H,14,10,9,5,3,4,12,13,1,1,0,1
2011/12,2011-12-03,Manchester City FC,Norwich City FC,5,1,H,1,0,H,21,5,16,2,12,4,8,7,0,1,0,0
2011/12,2011-12-03,Newcastle United FC,Chelsea FC,0,3,A,0,1,A,16,21,9,13,6,5,7,6,2,3,0,0
2011/12,2011-12-03,Queens Park Rangers FC,West Bromwich Albion FC,1,1,D,1,0,H,14,15,4,10,3,5,7,9,0,3,0,0
2011/12,2011-12-03,Tottenham Hotspur FC,Bolton Wanderers FC,3,0,H,1,0,H,25,13,16,9,7,6,10,5,0,2,0,1
2011/12,2011-12-03,Wigan Athletic FC,Arsenal FC,0,4,A,0,2,A,7,16,4,10,4,5,8,12,3,2,0,0
2011/12,2011-12-04,Everton FC,Stoke City FC,0,1,A,0,1,A,11,7,4,4,10,6,14,13,0,1,0,0
2011/12,2011-12-04,Wolverhampton Wanderers FC,Sunderland AFC,2,1,H,0,0,D,15,18,10,12,8,3,10,12,2,3,0,0
2011/12,2011-12-05,Fulham FC,Liverpool FC,1,0,H,0,0,D,19,17,13,9,2,10,12,9,3,1,0,1
2011/12,2011-12-10,Arsenal FC,Everton FC,1,0,H,0,0,D,12,7,7,1,7,4,7,14,2,2,0,0
2011/12,2011-12-10,Bolton Wanderers FC,Aston Villa FC,1,2,A,0,2,A,17,17,12,11,6,10,10,7,1,2,0,0
2011/12,2011-12-10,Liverpool FC,Queens Park Rangers FC,1,0,H,0,0,D,21,6,15,2,17,5,12,5,2,0,0,0
2011/12,2011-12-10,Manchester United FC,Wolverhampton Wanderers FC,4,1,H,2,0,H,22,11,18,8,8,2,7,8,1,0,0,0
2011/12,2011-12-10,Norwich City FC,Newcastle United FC,4,2,H,1,1,D,13,11,11,8,7,2,9,8,3,2,0,1
2011/12,2011-12-10,Swansea City FC,Fulham FC,2,0,H,0,0,D,16,12,8,7,6,5,8,7,1,1,0,0
2011/12,2011-12-10,West Bromwich Albion FC,Wigan Athletic FC,1,2,A,1,1,D,13,7,8,4,13,2,9,7,1,1,0,0
2011/12,2011-12-11,Stoke City FC,Tottenham Hotspur FC,2,1,H,2,0,H,10,15,7,12,7,12,8,7,2,2,0,1
2011/12,2011-12-11,Sunderland AFC,Blackburn Rovers FC,2,1,H,0,1,A,22,3,12,2,9,0,11,7,2,2,0,0
2011/12,2011-12-12,Chelsea FC,Manchester City FC,2,1,H,1,1,D,13,7,7,4,5,1,11,18,4,2,0,1
2011/12,2011-12-17,Blackburn Rovers FC,West Bromwich Albion FC,1,2,A,0,0,D,17,13,14,6,3,7,7,10,1,1,0,0
2011/12,2011-12-17,Everton FC,Norwich City FC,1,1,D,0,1,A,28,7,15,1,13,0,9,12,1,1,0,0
2011/12,2011-12-17,Fulham FC,Bolton Wanderers FC,2,0,H,2,0,H,16,14,9,6,8,4,6,11,1,3,0,0
2011/12,2011-12-17,Newcastle United FC,Swansea City FC,0,0,D,0,0,D,17,3,6,0,9,1,11,11,1,1,0,0
2011/12,2011-12-17,Wigan Athletic FC,Chelsea FC,1,1,D,0,0,D,15,10,7,5,7,5,8,6,0,0,0,0
2011/12,2011-12-17,Wolverhampton Wanderers FC,Stoke City FC,1,2,A,1,0,H,10,8,5,4,7,5,8,11,2,4,0,0
2011/12,2011-12-18,Aston Villa FC,Liverpool FC,0,2,A,0,2,A,16,19,8,12,4,10,5,14,1,2,0,0
2011/12,2011-12-18,Manchester City FC,Arsenal FC,1,0,H,0,0,D,15,12,9,8,4,6,13,10,2,3,0,0
2011/12,2011-12-18,Queens Park Rangers FC,Manchester United FC,0,2,A,0,1,A,11,19,3,12,5,10,5,7,1,2,0,0
2011/12,2011-12-18,Tottenham Hotspur FC,Sunderland AFC,1,0,H,0,0,D,16,8,12,4,6,0,6,8,1,2,0,0
2011/12,2011-12-20,Blackburn Rovers FC,Bolton Wanderers FC,1,2,A,0,2,A,17,8,7,5,5,9,10,7,3,0,0,0
2011/12,2011-12-20,Wolverhampton Wanderers FC,Norwich City FC,2,2,D,1,1,D,18,18,9,14,4,6,5,11,2,2,0,0
2011/12,2011-12-21,Aston Villa FC,Arsenal FC,1,2,A,0,1,A,10,8,4,6,7,15,10,8,2,3,1,0
2011/12,2011-12-21,Everton FC,Swansea City FC,1,0,H,0,0,D,13,4,6,4,9,2,8,13,1,2,0,0
2011/12,2011-12-21,Fulham FC,Manchester United FC,0,5,A,0,3,A,13,14,8,12,3,10,7,8,1,0,0,0
2011/12,2011-12-21,Manchester City FC,Stoke City FC,3,0,H,2,0,H,20,2,16,0,5,2,7,5,2,1,0,0
2011/12,2011-12-21,Newcastle United FC,West Bromwich Albion FC,2,3,A,1,2,A,21,14,11,8,10,1,9,10,1,0,0,0
2011/12,2011-12-21,Queens Park Rangers FC,Sunderland AFC,2,3,A,0,1,A,17,17,9,13,8,11,10,11,2,2,0,0
2011/12,2011-12-21,Wigan Athletic FC,Liverpool FC,0,0,D,0,0,D,15,18,10,10,7,14,16,12,1,2,0,0
2011/12,2011-12-22,Tottenham Hotspur FC,Chelsea FC,1,1,D,1,1,D,16,20,10,10,7,4,14,8,2,2,0,0
2011/12,2011-12-26,Bolton Wanderers FC,Newcastle United FC,0,2,A,0,0,D,4,12,3,7,4,4,9,11,1,1,0,0
2011/12,2011-12-26,Chelsea FC,Fulham FC,1,1,D,0,0,D,24,9,15,6,9,3,10,12,1,1,0,0
2011/12,2011-12-26,Liverpool FC,Blackburn Rovers FC,1,1,D,0,1,A,28,5,13,2,9,2,5,15,1,0,0,0
2011/12,2011-12-26,Manchester United FC,Wigan Athletic FC,5,0,H,2,0,H,17,9,9,5,10,2,12,10,2,1,0,1
2011/12,2011-12-26,Stoke City FC,Aston Villa FC,0,0,D,0,0,D,7,10,2,4,7,7,13,10,3,0,0,0
2011/12,2011-12-26,Sunderland AFC,Everton FC,1,1,D,1,0,H,12,9,8,3,5,6,6,14,0,1,0,0
2011/12,2011-12-26,West Bromwich Albion FC,Manchester City FC,0,0,D,0,0,D,7,18,3,9,5,9,8,8,0,1,0,0
2011/12,2011-12-27,Arsenal FC,Wolverhampton Wanderers FC,1,1,D,1,1,D,23,6,17,4,13,3,3,12,2,3,0,1
2011/12,2011-12-27,Norwich City FC,Tottenham Hotspur FC,0,2,A,0,0,D,8,19,4,8,3,10,7,6,1,1,0,0
2011/12,2011-12-27,Swansea City FC,Queens Park Rangers FC,1,1,D,1,0,H,7,12,4,7,5,11,9,12,1,3,0,0
2011/12,2011-12-30,Liverpool FC,Newcastle United FC,3,1,H,1,1,D,15,5,7,2,7,0,7,11,0,2,0,0
2011/12,2011-12-31,Arsenal FC,Queens Park Rangers FC,1,0,H,0,0,D,16,6,7,3,12,4,11,13,2,2,0,0
2011/12,2011-12-31,Bolton Wanderers FC,Wolverhampton Wanderers FC,1,1,D,1,0,H,13,8,9,5,3,6,11,8,0,0,0,0
2011/12,2011-12-31,Chelsea FC,Aston Villa FC,1,3,A,1,1,D,16,12,5,9,9,2,7,13,1,1,0,0
2011/12,2011-12-31,Manchester United FC,Blackburn Rovers FC,2,3,A,0,1,A,26,10,13,5,17,3,8,10,2,2,0,0
2011/12,2011-12-31,Norwich City FC,Fulham FC,1,1,D,0,1,A,18,11,9,6,4,3,9,6,0,0,0,0
2011/12,2011-12-31,Stoke City FC,Wigan Athletic FC,2,2,D,0,1,A,12,10,3,6,8,5,14,5,2,3,0,1
2011/12,2011-12-31,Swansea City FC,Tottenham Hotspur FC,1,1,D,0,1,A,14,12,8,7,10,5,8,4,1,2,0,0
2011/12,2012-01-01,Sunderland AFC,Manchester City FC,1,0,H,0,0,D,8,25,5,11,1,10,7,6,1,1,0,0
2011/12,2012-01-01,West Bromwich Albion FC,Everton FC,0,1,A,0,0,D,10,13,2,8,2,7,10,8,0,2,0,0
2011/12,2012-01-02,Aston Villa FC,Swansea City FC,0,2,A,0,1,A,10,8,2,4,14,0,11,6,2,4,0,0
2011/12,2012-01-02,Blackburn Rovers FC,Stoke City FC,1,2,A,0,2,A,14,8,7,3,8,3,8,7,2,1,0,0
2011/12,2012-01-02,Fulham FC,Arsenal FC,2,1,H,0,1,A,21,17,8,10,4,3,6,12,0,1,0,1
2011/12,2012-01-02,Queens Park Rangers FC,Norwich City FC,1,2,A,1,1,D,9,13,6,6,2,5,12,12,2,1,1,0
2011/12,2012-01-02,Wolverhampton Wanderers FC,Chelsea FC,1,2,A,0,0,D,9,15,5,10,0,5,9,10,3,2,0,0
2011/12,2012-01-03,Manchester City FC,Liverpool FC,3,0,H,2,0,H,10,18,8,10,5,6,13,7,1,2,1,0
2011/12,2012-01-03,Tottenham Hotspur FC,West Bromwich Albion FC,1,0,H,0,0,D,20,8,14,2,14,7,3,14,0,5,0,0
2011/12,2012-01-03,Wigan Athletic FC,Sunderland AFC,1,4,A,0,1,A,20,10,10,9,9,6,9,6,1,0,0,0
2011/12,2012-01-04,Everton FC,Bolton Wanderers FC,1,2,A,0,0,D,10,12,4,7,5,10,7,11,1,3,0,0
2011/12,2012-01-04,Newcastle United FC,Manchester United FC,3,0,H,1,0,H,10,6,6,6,4,4,16,15,1,2,0,0
2011/12,2012-01-11,Tottenham Hotspur FC,Everton FC,2,0,H,1,0,H,14,11,7,4,6,4,5,15,1,3,0,0
2011/12,2012-01-14,Aston Villa FC,Everton FC,1,1,D,0,0,D,17,7,11,4,9,3,12,11,1,1,0,0
2011/12,2012-01-14,Blackburn Rovers FC,Fulham FC,3,1,H,1,0,H,15,17,11,7,0,9,14,11,1,1,1,0
2011/12,2012-01-14,Chelsea FC,Sunderland AFC,1,0,H,1,0,H,21,9,10,4,8,2,9,9,3,1,0,0
2011/12,2012-01-14,Liverpool FC,Stoke City FC,0,0,D,0,0,D,13,3,5,1,11,1,6,11,0,3,0,0
2011/12,2012-01-14,Manchester United FC,Bolton Wanderers FC,3,0,H,1,0,H,19,11,9,5,11,3,7,7,0,1,0,0
2011/12,2012-01-14,Tottenham Hotspur FC,Wolverhampton Wanderers FC,1,1,D,0,1,A,22,5,10,3,8,1,6,12,1,3,0,0
2011/12,2012-01-14,West Bromwich Albion FC,Norwich City FC,1,2,A,0,1,A,16,7,8,4,10,5,6,14,0,1,0,0
2011/12,2012-01-15,Newcastle United FC,Queens Park Rangers FC,1,0,H,1,0,H,9,15,4,9,3,2,5,9,0,4,0,0
2011/12,2012-01-15,Swansea City FC,Arsenal FC,3,2,H,1,1,D,9,14,5,9,9,2,9,9,0,0,0,0
2011/12,2012-01-16,Wigan Athletic FC,Manchester City FC,0,1,A,0,1,A,7,12,4,8,4,5,16,15,3,3,0,0
2011/12,2012-01-21,Bolton Wanderers FC,Liverpool FC,3,1,H,2,1,H,15,11,8,8,5,5,10,13,0,2,0,0
2011/12,2012-01-21,Everton FC,Blackburn Rovers FC,1,1,D,1,0,H,15,14,8,8,5,8,15,13,2,2,0,0
2011/12,2012-01-21,Fulham FC,Newcastle United FC,5,2,H,0,1,A,10,15,7,9,2,6,8,12,0,4,0,0
2011/12,2012-01-21,Norwich City FC,Chelsea FC,0,0,D,0,0,D,5,19,3,9,1,11,5,4,0,0,0,0
2011/12,2012-01-21,Queens Park Rangers FC,Wigan Athletic FC,3,1,H,2,0,H,16,9,8,4,7,1,10,15,2,2,0,0
2011/12,2012-01-21,Stoke City FC,West Bromwich Albion FC,1,2,A,0,1,A,10,15,3,6,5,1,10,10,0,0,0,0
2011/12,2012-01-21,Sunderland AFC,Swansea City FC,2,0,H,1,0,H,7,11,2,4,2,4,9,6,0,0,0,0
2011/12,2012-01-21,Wolverhampton Wanderers FC,Aston Villa FC,2,3,A,2,1,H,13,11,9,5,12,3,11,8,1,0,1,0
2011/12,2012-01-22,Arsenal FC,Manchester United FC,1,2,A,0,1,A,12,9,6,5,0,5,15,6,5,2,0,0
2011/12,2012-01-22,Manchester City FC,Tottenham Hotspur FC,3,2,H,0,0,D,13,12,7,7,9,4,7,10,2,1,0,0
2011/12,2012-01-31,Everton FC,Manchester City FC,1,0,H,0,0,D,9,17,4,11,3,9,12,9,1,2,0,0
2011/12,2012-01-31,Manchester United FC,Stoke City FC,2,0,H,1,0,H,11,8,7,3,9,2,9,14,1,3,0,0
2011/12,2012-01-31,Swansea City FC,Chelsea FC,1,1,D,1,0,H,7,20,5,10,1,11,10,19,2,3,0,1
2011/12,2012-01-31,Tottenham Hotspur FC,Wigan Athletic FC,3,1,H,2,0,H,20,10,13,6,5,0,7,7,0,1,0,0
2011/12,2012-01-31,Wolverhampton Wanderers FC,Liverpool FC,0,3,A,0,0,D,5,23,1,14,5,4,6,8,1,3,0,0
2011/12,2012-02-01,Aston Villa FC,Queens Park Rangers FC,2,2,D,1,2,A,23,3,15,3,9,3,3,12,0,1,0,0
2011/12,2012-02-01,Blackburn Rovers FC,Newcastle United FC,0,2,A,0,1,A,23,9,12,5,14,2,9,17,1,2,0,0
2011/12,2012-02-01,Bolton Wanderers FC,Arsenal FC,0,0,D,0,0,D,14,16,8,7,6,6,8,10,1,1,0,0
2011/12,2012-02-01,Fulham FC,West Bromwich Albion FC,1,1,D,0,0,D,13,15,6,11,8,7,6,7,1,0,0,0
2011/12,2012-02-01,Sunderland AFC,Norwich City FC,3,0,H,2,0,H,10,12,6,4,3,6,6,14,1,1,0,0
2011/12,2012-02-04,Arsenal FC,Blackburn Rovers FC,7,1,H,3,1,H,20,3,11,3,11,1,9,14,2,3,0,1
2011/12,2012-02-04,Manchester City FC,Fulham FC,3,0,H,2,0,H,16,11,10,8,4,6,8,7,1,3,0,0
2011/12,2012-02-04,Norwich City FC,Bolton Wanderers FC,2,0,H,0,0,D,22,10,9,6,4,7,6,6,0,0,0,0
2011/12,2012-02-04,Queens Park Rangers FC,Wolverhampton Wanderers FC,1,2,A,1,0,H,13,14,8,6,7,3,7,14,0,3,1,0
2011/12,2012-02-04,Stoke City FC,Sunderland AFC,0,1,A,0,0,D,9,4,6,2,5,5,12,6,0,1,1,0
2011/12,2012-02-04,West Bromwich Albion FC,Swansea City FC,1,2,A,0,0,D,18,15,11,8,8,7,11,6,2,1,0,0
2011/12,2012-02-04,Wigan Athletic FC,Everton FC,1,1,D,0,0,D,2,8,1,4,4,3,12,8,2,0,0,0
2011/12,2012-02-05,Chelsea FC,Manchester United FC,3,3,D,1,0,H,19,14,10,10,6,6,14,13,2,1,0,0
2011/12,2012-02-05,Newcastle United FC,Aston Villa FC,2,1,H,1,1,D,16,13,8,8,4,4,6,11,1,2,0,0
2011/12,2012-02-06,Liverpool FC,Tottenham Hotspur FC,0,0,D,0,0,D,15,9,10,6,7,4,6,11,2,2,0,0
2011/12,2012-02-11,Blackburn Rovers FC,Queens Park Rangers FC,3,2,H,3,0,H,7,25,5,13,5,6,11,10,1,1,0,0
2011/12,2012-02-11,Bolton Wanderers FC,Wigan Athletic FC,1,2,A,0,1,A,13,10,8,6,7,7,19,10,3,2,0,0
2011/12,2012-02-11,Everton FC,Chelsea FC,2,0,H,1,0,H,10,8,7,7,2,4,13,12,0,3,0,0
2011/12,2012-02-11,Fulham FC,Stoke City FC,2,1,H,2,0,H,11,12,4,4,5,4,12,6,1,2,0,0
2011/12,2012-02-11,Manchester United FC,Liverpool FC,2,1,H,0,0,D,11,9,6,6,4,3,10,11,1,1,0,0
2011/12,2012-02-11,Sunderland AFC,Arsenal FC,1,2,A,0,0,D,8,10,5,8,7,3,7,7,2,1,0,0
2011/12,2012-02-11,Swansea City FC,Norwich City FC,2,3,A,1,0,H,16,18,9,11,6,8,6,12,0,2,0,0
2011/12,2012-02-11,Tottenham Hotspur FC,Newcastle United FC,5,0,H,4,0,H,18,7,9,3,4,3,7,9,2,1,0,0
2011/12,2012-02-12,Aston Villa FC,Manchester City FC,0,1,A,0,0,D,9,17,5,10,5,8,15,5,3,0,0,0
2011/12,2012-02-12,Wolverhampton Wanderers FC,West Bromwich Albion FC,1,5,A,1,1,D,10,26,8,16,12,8,6,11,1,0,0,0
2011/12,2012-02-25,Chelsea FC,Bolton Wanderers FC,3,0,H,0,0,D,25,8,16,1,14,7,7,13,0,1,0,0
2011/12,2012-02-25,Manchester City FC,Blackburn Rovers FC,3,0,H,1,0,H,20,2,13,2,10,3,6,10,0,2,0,0
2011/12,2012-02-25,Newcastle United FC,Wolverhampton Wanderers FC,2,2,D,2,0,H,13,7,8,6,3,3,8,8,1,1,0,0
2011/12,2012-02-25,Queens Park Rangers FC,Fulham FC,0,1,A,0,1,A,17,7,8,3,6,5,17,12,1,4,1,0
2011/12,2012-02-25,West Bromwich Albion FC,Sunderland AFC,4,0,H,2,0,H,18,10,13,4,7,0,6,8,1,1,0,0
2011/12,2012-02-25,Wigan Athletic FC,Aston Villa FC,0,0,D,0,0,D,14,10,6,3,14,7,8,8,0,4,0,0
2011/12,2012-02-26,Arsenal FC,Tottenham Hotspur FC,5,2,H,2,2,D,21,8,13,4,7,5,15,12,3,3,0,1
2011/12,2012-02-26,Norwich City FC,Manchester United FC,1,2,A,0,1,A,16,11,7,9,4,4,9,10,1,2,0,0
2011/12,2012-02-26,Stoke City FC,Swansea City FC,2,0,H,2,0,H,9,11,6,6,8,4,13,7,1,0,0,0
2011/12,2012-03-03,Blackburn Rovers FC,Aston Villa FC,1,1,D,0,1,A,15,17,9,12,4,8,9,5,1,0,0,0
2011/12,2012-03-03,Liverpool FC,Arsenal FC,1,2,A,1,1,D,12,10,4,7,12,0,11,9,0,1,0,0
2011/12,2012-03-03,Manchester City FC,Bolton Wanderers FC,2,0,H,1,0,H,23,8,10,5,7,4,13,8,0,0,0,0
2011/12,2012-03-03,Queens Park Rangers FC,Everton FC,1,1,D,1,1,D,22,8,10,5,7,7,16,15,1,2,0,0
2011/12,2012-03-03,Stoke City FC,Norwich City FC,1,0,H,0,0,D,11,7,7,5,8,2,10,16,0,2,0,0
2011/12,2012-03-03,West Bromwich Albion FC,Chelsea FC,1,0,H,0,0,D,19,13,11,6,14,5,9,10,3,1,0,0
2011/12,2012-03-03,Wigan Athletic FC,Swansea City FC,0,2,A,0,1,A,14,12,8,8,8,4,15,7,2,2,0,1
2011/12,2012-03-04,Fulham FC,Wolverhampton Wanderers FC,5,0,H,2,0,H,25,8,19,3,7,7,7,9,1,2,0,0
2011/12,2012-03-04,Newcastle United FC,Sunderland AFC,1,1,D,0,1,A,24,7,12,6,19,4,14,14,5,3,0,1
2011/12,2012-03-04,Tottenham Hotspur FC,Manchester United FC,1,3,A,0,1,A,18,6,9,5,7,3,8,10,1,2,0,0
2011/12,2012-03-10,Aston Villa FC,Fulham FC,1,0,H,0,0,D,19,5,8,1,10,4,9,11,2,0,0,0
2011/12,2012-03-10,Bolton Wanderers FC,Queens Park Rangers FC,2,1,H,1,0,H,11,17,7,11,10,6,13,13,2,2,0,0
2011/12,2012-03-10,Chelsea FC,Stoke City FC,1,0,H,0,0,D,21,8,11,3,14,1,12,15,1,2,0,1
2011/12,2012-03-10,Everton FC,Tottenham Hotspur FC,1,0,H,1,0,H,9,21,5,9,0,8,13,11,2,2,0,0
2011/12,2012-03-10,Sunderland AFC,Liverpool FC,1,0,H,0,0,D,6,9,1,5,3,2,13,15,1,1,0,0
2011/12,2012-03-10,Wolverhampton Wanderers FC,Blackburn Rovers FC,0,2,A,0,1,A,14,12,7,8,3,4,10,10,1,2,0,0
2011/12,2012-03-11,Manchester United FC,West Bromwich Albion FC,2,0,H,1,0,H,20,6,9,3,8,5,5,13,0,1,0,1
2011/12,2012-03-11,Norwich City FC,Wigan Athletic FC,1,1,D,1,0,H,13,18,6,9,3,5,12,7,4,4,0,0
2011/12,2012-03-11,Swansea City FC,Manchester City FC,1,0,H,0,0,D,8,18,5,13,7,9,9,14,0,2,0,0
2011/12,2012-03-12,Arsenal FC,Newcastle United FC,2,1,H,1,1,D,21,5,13,3,6,3,11,12,2,3,0,0
2011/12,2012-03-13,Liverpool FC,Everton FC,3,0,H,1,0,H,15,5,10,3,4,4,6,7,1,4,0,0
2011/12,2012-03-17,Fulham FC,Swansea City FC,0,3,A,0,1,A,14,10,7,7,6,2,8,7,0,0,0,0
2011/12,2012-03-17,Wigan Athletic FC,West Bromwich Albion FC,1,1,D,0,0,D,20,8,6,2,13,5,8,10,2,4,0,0
2011/12,2012-03-18,Newcastle United FC,Norwich City FC,1,0,H,1,0,H,15,12,10,5,4,5,8,15,0,3,0,0
2011/12,2012-03-18,Wolverhampton Wanderers FC,Manchester United FC,0,5,A,0,3,A,7,22,3,18,4,7,6,11,1,1,1,0
2011/12,2012-03-20,Blackburn Rovers FC,Sunderland AFC,2,0,H,0,0,D,16,2,9,0,7,8,13,10,0,1,0,0
2011/12,2012-03-21,Everton FC,Arsenal FC,0,1,A,0,1,A,7,12,2,8,4,6,11,11,2,1,0,0
2011/12,2012-03-21,Manchester City FC,Chelsea FC,2,1,H,0,0,D,20,6,10,5,11,4,8,7,1,2,0,0
2011/12,2012-03-21,Queens Park Rangers FC,Liverpool FC,3,2,H,0,0,D,10,18,5,11,7,17,8,6,0,0,0,0
2011/12,2012-03-21,Tottenham Hotspur FC,Stoke City FC,1,1,D,0,0,D,24,8,18,2,13,1,10,10,1,1,0,0
2011/12,2012-03-24,Arsenal FC,Aston Villa FC,3,0,H,2,0,H,20,3,12,2,15,5,6,13,0,5,0,0
2011/12,2012-03-24,Bolton Wanderers FC,Blackburn Rovers FC,2,1,H,2,0,H,12,10,6,4,11,4,8,3,0,2,0,0
2011/12,2012-03-24,Chelsea FC,Tottenham Hotspur FC,0,0,D,0,0,D,10,19,5,7,6,5,9,11,1,2,0,0
2011/12,2012-03-24,Liverpool FC,Wigan Athletic FC,1,2,A,0,1,A,12,6,9,5,6,0,14,10,1,2,0,0
2011/12,2012-03-24,Norwich City FC,Wolverhampton Wanderers FC,2,1,H,2,1,H,15,10,11,6,5,5,13,7,2,2,1,0
2011/12,2012-03-24,Stoke City FC,Manchester City FC,1,1,D,0,0,D,10,16,3,11,5,7,15,12,1,2,0,0
2011/12,2012-03-24,Sunderland AFC,Queens Park Rangers FC,3,1,H,1,0,H,15,10,8,6,5,2,11,9,2,3,0,1
2011/12,2012-03-24,Swansea City FC,Everton FC,0,2,A,0,0,D,10,15,3,8,3,3,10,10,1,2,0,0
2011/12,2012-03-25,West Bromwich Albion FC,Newcastle United FC,1,3,A,0,3,A,14,10,6,7,10,4,10,4,0,1,0,0
2011/12,2012-03-26,Manchester United FC,Fulham FC,1,0,H,1,0,H,19,5,16,4,7,1,17,6,1,0,0,0
2011/12,2012-03-31,Aston Villa FC,Chelsea FC,2,4,A,0,1,A,9,12,5,9,6,4,13,5,1,0,0,0
2011/12,2012-03-31,Everton FC,West Bromwich Albion FC,2,0,H,1,0,H,16,9,9,5,5,2,8,12,2,1,0,0
2011/12,2012-03-31,Fulham FC,Norwich City FC,2,1,H,2,0,H,14,16,9,8,6,7,11,9,1,2,0,0
2011/12,2012-03-31,Manchester City FC,Sunderland AFC,3,3,D,1,2,A,19,8,10,4,17,5,11,13,1,1,0,0
2011/12,2012-03-31,Queens Park Rangers FC,Arsenal FC,2,1,H,1,1,D,10,13,8,7,4,6,13,9,5,2,0,0
2011/12,2012-03-31,Wigan Athletic FC,Stoke City FC,2,0,H,0,0,D,13,6,11,2,8,1,14,13,2,4,0,0
2011/12,2012-03-31,Wolverhampton Wanderers FC,Bolton Wanderers FC,2,3,A,0,0,D,14,19,8,11,13,4,11,11,1,1,0,0
2011/12,2012-04-01,Newcastle United FC,Liverpool FC,2,0,H,1,0,H,11,9,7,6,3,6,10,11,3,3,0,1
2011/12,2012-04-01,Tottenham Hotspur FC,Swansea City FC,3,1,H,1,0,H,15,11,10,7,7,7,11,12,0,0,0,0
2011/12,2012-04-02,Blackburn Rovers FC,Manchester United FC,0,2,A,0,0,D,11,14,6,6,2,10,8,5,1,1,0,0
2011/12,2012-04-06,Swansea City FC,Newcastle United FC,0,2,A,0,1,A,19,5,13,4,7,0,10,7,1,1,0,0
2011/12,2012-04-07,Bolton Wanderers FC,Fulham FC,0,3,A,0,2,A,13,11,7,8,5,3,11,9,1,0,0,0
2011/12,2012-04-07,Chelsea FC,Wigan Athletic FC,2,1,H,0,0,D,19,13,10,7,5,3,14,11,2,2,0,0
2011/12,2012-04-07,Liverpool FC,Aston Villa FC,1,1,D,0,1,A,21,5,5,3,11,3,4,9,1,1,0,0
2011/12,2012-04-07,Norwich City FC,Everton FC,2,2,D,1,1,D,14,9,11,5,2,4,7,17,0,3,0,0
2011/12,2012-04-07,Stoke City FC,Wolverhampton Wanderers FC,2,1,H,1,1,D,14,9,6,5,3,8,7,11,1,1,0,0
2011/12,2012-04-07,Sunderland AFC,Tottenham Hotspur FC,0,0,D,0,0,D,12,15,9,8,11,4,12,10,2,2,0,0
2011/12,2012-04-07,West Bromwich Albion FC,Blackburn Rovers FC,3,0,H,1,0,H,9,16,6,10,8,4,5,7,1,1,0,1
2011/12,2012-04-08,Arsenal FC,Manchester City FC,1,0,H,0,0,D,12,7,7,2,7,6,13,14,2,4,0,1
2011/12,2012-04-08,Manchester United FC,Queens Park Rangers FC,2,0,H,1,0,H,24,9,14,7,11,5,13,10,1,0,0,1
2011/12,2012-04-09,Aston Villa FC,Stoke City FC,1,1,D,1,0,H,7,7,3,3,5,4,9,9,3,0,0,0
2011/12,2012-04-09,Everton FC,Sunderland AFC,4,0,H,0,0,D,22,3,12,0,5,2,7,12,0,2,0,0
2011/12,2012-04-09,Fulham FC,Chelsea FC,1,1,D,0,1,A,11,12,9,4,7,11,5,16,1,3,0,0
2011/12,2012-04-09,Newcastle United FC,Bolton Wanderers FC,2,0,H,0,0,D,8,9,4,6,6,5,7,18,1,1,0,0
2011/12,2012-04-09,Tottenham Hotspur FC,Norwich City FC,1,2,A,1,1,D,13,12,9,6,10,3,12,12,1,2,0,0
2011/12,2012-04-10,Blackburn Rovers FC,Liverpool FC,2,3,A,1,2,A,10,16,4,12,4,4,16,12,4,5,0,1
2011/12,2012-04-11,Manchester City FC,West Bromwich Albion FC,4,0,H,1,0,H,17,4,12,1,6,2,7,9,0,0,0,0
2011/12,2012-04-11,Queens Park Rangers FC,Swansea City FC,3,0,H,1,0,H,16,9,8,6,6,9,9,10,2,0,0,0
2011/12,2012-04-11,Wigan Athletic FC,Manchester United FC,1,0,H,0,0,D,11,8,8,3,7,3,8,14,1,2,0,0
2011/12,2012-04-11,Wolverhampton Wanderers FC,Arsenal FC,0,3,A,0,2,A,9,10,6,7,6,4,9,4,3,0,1,0
2011/12,2012-04-14,Norwich City FC,Manchester City FC,1,6,A,0,2,A,16,22,8,17,3,5,10,5,1,2,0,0
2011/12,2012-04-14,Sunderland AFC,Wolverhampton Wanderers FC,0,0,D,0,0,D,15,12,6,8,8,4,4,11,0,1,0,0
2011/12,2012-04-14,Swansea City FC,Blackburn Rovers FC,3,0,H,2,0,H,16,7,8,2,7,3,8,12,0,2,0,0
2011/12,2012-04-14,West Bromwich Albion FC,Queens Park Rangers FC,1,0,H,1,0,H,15,16,10,6,6,8,13,11,3,1,0,0
2011/12,2012-04-15,Manchester United FC,Aston Villa FC,4,0,H,2,0,H,24,10,16,4,11,4,9,7,3,3,0,0
2011/12,2012-04-16,Arsenal FC,Wigan Athletic FC,1,2,A,1,2,A,18,12,8,7,9,3,15,13,2,3,0,0
2011/12,2012-04-21,Arsenal FC,Chelsea FC,0,0,D,0,0,D,13,13,8,7,7,7,11,11,3,4,0,0
2011/12,2012-04-21,Aston Villa FC,Sunderland AFC,0,0,D,0,0,D,12,10,7,5,8,5,11,8,0,2,0,1
2011/12,2012-04-21,Blackburn Rovers FC,Norwich City FC,2,0,H,1,0,H,9,12,6,5,9,7,8,13,1,1,0,0
2011/12,2012-04-21,Bolton Wanderers FC,Swansea City FC,1,1,D,1,1,D,7,20,5,12,8,10,19,7,2,1,0,0
2011/12,2012-04-21,Fulham FC,Wigan Athletic FC,2,1,H,0,0,D,15,9,9,5,4,0,11,16,1,2,0,0
2011/12,2012-04-21,Newcastle United FC,Stoke City FC,3,0,H,2,0,H,16,7,11,2,4,5,8,10,0,2,0,0
2011/12,2012-04-21,Queens Park Rangers FC,Tottenham Hotspur FC,1,0,H,1,0,H,12,17,5,8,4,13,13,10,4,0,1,0
2011/12,2012-04-22,Liverpool FC,West Bromwich Albion FC,0,1,A,0,0,D,28,9,12,4,15,3,10,8,2,0,0,0
2011/12,2012-04-22,Manchester United FC,Everton FC,4,4,D,1,1,D,20,17,11,10,5,2,8,11,1,2,0,0
2011/12,2012-04-22,Wolverhampton Wanderers FC,Manchester City FC,0,2,A,0,1,A,7,17,4,9,7,4,6,10,0,1,0,0
2011/12,2012-04-24,Aston Villa FC,Bolton Wanderers FC,1,2,A,0,0,D,17,12,6,11,9,6,9,16,1,2,0,0
2011/12,2012-04-28,Everton FC,Fulham FC,4,0,H,3,0,H,11,6,7,5,3,5,13,8,1,1,0,0
2011/12,2012-04-28,Norwich City FC,Liverpool FC,0,3,A,0,2,A,8,15,3,9,5,7,9,4,4,0,0,0
2011/12,2012-04-28,Stoke City FC,Arsenal FC,1,1,D,1,1,D,6,17,4,10,2,6,8,10,1,2,0,0
2011/12,2012-04-28,Sunderland AFC,Bolton Wanderers FC,2,2,D,1,1,D,12,16,6,9,7,5,8,16,1,0,0,0
2011/12,2012-04-28,Swansea City FC,Wolverhampton Wanderers FC,4,4,D,4,2,H,10,15,8,9,2,6,8,8,2,1,0,0
2011/12,2012-04-28,West Bromwich Albion FC,Aston Villa FC,0,0,D,0,0,D,13,8,7,5,10,3,14,16,0,4,0,0
2011/12,2012-04-28,Wigan Athletic FC,Newcastle United FC,4,0,H,4,0,H,10,11,8,3,4,1,14,12,2,1,0,0
2011/12,2012-04-29,Chelsea FC,Queens Park Rangers FC,6,1,H,4,0,H,25,11,18,7,8,5,9,8,0,1,0,0
2011/12,2012-04-29,Tottenham Hotspur FC,Blackburn Rovers FC,2,0,H,1,0,H,19,0,8,0,6,1,5,14,0,0,0,0
2011/12,2012-04-30,Manchester City FC,Manchester United FC,1,0,H,1,0,H,12,4,5,2,8,8,11,14,3,2,0,0
2011/12,2012-05-01,Liverpool FC,Fulham FC,0,1,A,0,1,A,18,7,5,4,5,4,11,7,0,0,0,0
2011/12,2012-05-01,Stoke City FC,Everton FC,1,1,D,0,1,A,10,11,5,4,4,6,6,14,2,1,0,0
2011/12,2012-05-02,Bolton Wanderers FC,Tottenham Hotspur FC,1,4,A,0,1,A,14,13,8,10,4,7,6,9,2,1,0,0
2011/12,2012-05-02,Chelsea FC,Newcastle United FC,0,2,A,0,1,A,17,12,6,6,4,4,9,5,0,3,0,0
2011/12,2012-05-05,Arsenal FC,Norwich City FC,3,3,D,1,2,A,20,12,13,6,6,1,8,15,2,3,0,0
2011/12,2012-05-06,Aston Villa FC,Tottenham Hotspur FC,1,1,D,1,0,H,4,21,2,10,4,19,10,8,1,2,0,1
2011/12,2012-05-06,Bolton Wanderers FC,West Bromwich Albion FC,2,2,D,1,0,H,11,17,6,13,4,4,14,8,1,4,0,0
2011/12,2012-05-06,Fulham FC,Sunderland AFC,2,1,H,2,1,H,20,12,15,7,8,2,9,13,0,0,0,0
2011/12,2012-05-06,Manchester United FC,Swansea City FC,2,0,H,2,0,H,26,13,18,9,16,3,12,6,1,0,0,0
2011/12,2012-05-06,Newcastle United FC,Manchester City FC,0,2,A,0,0,D,14,19,9,12,2,6,12,7,4,3,0,0
2011/12,2012-05-06,Queens Park Rangers FC,Stoke City FC,1,0,H,0,0,D,21,8,12,1,7,3,11,14,0,0,0,0
2011/12,2012-05-06,Wolverhampton Wanderers FC,Everton FC,0,0,D,0,0,D,7,18,1,10,3,7,7,10,0,0,0,0
2011/12,2012-05-07,Blackburn Rovers FC,Wigan Athletic FC,0,1,A,0,0,D,12,19,7,9,5,6,14,12,2,1,0,0
2011/12,2012-05-08,Liverpool FC,Chelsea FC,4,1,H,3,0,H,23,9,13,5,7,4,15,13,2,4,0,0
2011/12,2012-05-13,Chelsea FC,Blackburn Rovers FC,2,1,H,2,0,H,18,8,6,5,8,2,13,4,1,0,0,0
2011/12,2012-05-13,Everton FC,Newcastle United FC,3,1,H,2,0,H,17,11,11,5,4,3,15,16,2,1,0,0
2011/12,2012-05-13,Manchester City FC,Queens Park Rangers FC,3,2,H,1,0,H,35,3,24,3,19,0,4,6,1,1,0,1
2011/12,2012-05-13,Norwich City FC,Aston Villa FC,2,0,H,2,0,H,21,9,12,5,9,6,6,10,1,2,0,0
2011/12,2012-05-13,Stoke City FC,Bolton Wanderers FC,2,2,D,1,2,A,12,20,8,8,5,9,10,5,1,1,0,0
2011/12,2012-05-13,Sunderland AFC,Manchester United FC,0,1,A,0,1,A,6,17,5,9,1,9,14,11,3,3,0,0
2011/12,2012-05-13,Swansea City FC,Liverpool FC,1,0,H,0,0,D,13,14,8,9,6,5,5,5,1,1,0,0
2011/12,2012-05-13,Tottenham Hotspur FC,Fulham FC,2,0,H,1,0,H,15,10,9,7,9,3,8,12,0,2,0,0
2011/12,2012-05-13,West Bromwich Albion FC,Arsenal FC,2,3,A,2,2,D,12,12,8,8,9,5,12,10,0,1,0,0
2011/12,2012-05-13,Wigan Athletic FC,Wolverhampton Wanderers FC,3,2,H,2,1,H,14,10,10,7,9,2,15,9,1,2,0,0
2012/13,2012-08-18,Arsenal FC,Sunderland AFC,0,0,D,0,0,D,14,3,4,2,7,0,12,8,0,0,0,0
2012/13,2012-08-18,Fulham FC,Norwich City FC,5,0,H,2,0,H,11,4,9,2,6,3,12,11,0,0,0,0
2012/13,2012-08-18,Newcastle United FC,Tottenham Hotspur FC,2,1,H,0,0,D,6,12,4,6,3,5,12,8,2,2,0,0
2012/13,2012-08-18,Queens Park Rangers FC,Swansea City FC,0,5,A,0,1,A,20,12,11,8,5,3,11,14,2,2,0,0
2012/13,2012-08-18,Reading FC,Stoke City FC,1,1,D,0,1,A,9,6,3,3,4,3,9,14,2,4,0,1
2012/13,2012-08-18,West Bromwich Albion FC,Liverpool FC,3,0,H,1,0,H,15,14,10,7,7,3,10,11,1,4,0,1
2012/13,2012-08-18,West Ham United FC,Aston Villa FC,1,0,H,1,0,H,8,10,4,6,6,4,17,8,0,1,0,0
2012/13,2012-08-19,Manchester City FC,Southampton FC,3,2,H,1,0,H,20,9,15,6,7,3,4,6,1,2,0,0
2012/13,2012-08-19,Wigan Athletic FC,Chelsea FC,0,2,A,0,2,A,12,5,4,3,7,1,16,11,2,2,0,0
2012/13,2012-08-20,Everton FC,Manchester United FC,1,0,H,0,0,D,16,12,7,7,6,8,12,11,1,2,0,0
2012/13,2012-08-22,Chelsea FC,Reading FC,4,2,H,1,2,A,23,7,11,5,1,5,11,14,0,2,0,0
2012/13,2012-08-25,Aston Villa FC,Everton FC,1,3,A,0,3,A,7,19,3,11,1,9,10,7,1,0,1,0
2012/13,2012-08-25,Chelsea FC,Newcastle United FC,2,0,H,2,0,H,11,11,6,5,2,3,8,10,1,0,0,0
2012/13,2012-08-25,Manchester United FC,Fulham FC,3,2,H,3,1,H,20,14,11,11,8,8,12,7,0,1,0,0
2012/13,2012-08-25,Norwich City FC,Queens Park Rangers FC,1,1,D,1,1,D,13,6,4,4,6,2,15,14,0,2,0,0
2012/13,2012-08-25,Southampton FC,Wigan Athletic FC,0,2,A,0,0,D,14,12,9,8,10,3,11,9,0,0,0,0
2012/13,2012-08-25,Swansea City FC,West Ham United FC,3,0,H,2,0,H,10,7,7,6,5,4,13,17,2,4,0,0
2012/13,2012-08-25,Tottenham Hotspur FC,West Bromwich Albion FC,1,1,D,0,0,D,18,10,10,5,7,5,8,7,1,2,0,0
2012/13,2012-08-26,Liverpool FC,Manchester City FC,2,2,D,1,0,H,15,11,8,5,4,4,10,7,1,0,0,0
2012/13,2012-08-26,Stoke City FC,Arsenal FC,0,0,D,0,0,D,7,16,4,6,0,11,9,9,2,0,0,0
2012/13,2012-09-01,Manchester City FC,Queens Park Rangers FC,3,1,H,1,0,H,19,9,12,5,8,3,12,3,2,1,0,0
2012/13,2012-09-01,Swansea City FC,Sunderland AFC,2,2,D,1,2,A,14,4,10,3,8,0,11,7,1,1,1,0
2012/13,2012-09-01,Tottenham Hotspur FC,Norwich City FC,1,1,D,0,0,D,15,10,9,4,4,2,7,12,1,0,1,0
2012/13,2012-09-01,West Bromwich Albion FC,Everton FC,2,0,H,0,0,D,14,12,8,5,6,3,11,15,1,4,0,0
2012/13,2012-09-01,West Ham United FC,Fulham FC,3,0,H,3,0,H,17,14,12,13,6,6,12,5,0,0,0,0
2012/13,2012-09-01,Wigan Athletic FC,Stoke City FC,2,2,D,1,1,D,9,16,5,8,2,1,13,11,1,2,0,0
2012/13,2012-09-02,Liverpool FC,Arsenal FC,0,2,A,0,1,A,17,11,8,7,10,2,12,7,2,2,0,0
2012/13,2012-09-02,Newcastle United FC,Aston Villa FC,1,1,D,0,1,A,16,13,6,9,10,6,6,20,1,4,0,0
2012/13,2012-09-02,Southampton FC,Manchester United FC,2,3,A,1,1,D,15,18,8,9,4,7,9,4,1,0,0,0
2012/13,2012-09-15,Arsenal FC,Southampton FC,6,1,H,4,1,H,20,9,12,4,8,3,4,7,0,0,0,0
2012/13,2012-09-15,Aston Villa FC,Swansea City FC,2,0,H,1,0,H,17,10,13,5,11,5,11,4,3,1,0,0
2012/13,2012-09-15,Fulham FC,West Bromwich Albion FC,3,0,H,2,0,H,23,10,14,8,5,4,6,10,0,0,0,1
2012/13,2012-09-15,Manchester United FC,Wigan Athletic FC,4,0,H,0,0,D,17,8,10,4,5,5,10,14,2,2,0,0
2012/13,2012-09-15,Norwich City FC,West Ham United FC,0,0,D,0,0,D,20,9,14,4,8,5,10,12,0,1,0,0
2012/13,2012-09-15,Queens Park Rangers FC,Chelsea FC,0,0,D,0,0,D,10,13,6,9,2,4,16,17,0,2,0,0
2012/13,2012-09-15,Stoke City FC,Manchester City FC,1,1,D,1,1,D,4,15,3,11,6,5,12,12,0,1,0,0
2012/13,2012-09-15,Sunderland AFC,Liverpool FC,1,1,D,1,0,H,6,20,4,9,2,7,18,10,1,2,0,0
2012/13,2012-09-16,Reading FC,Tottenham Hotspur FC,1,3,A,0,1,A,4,22,2,11,7,4,4,9,0,1,0,0
2012/13,2012-09-17,Everton FC,Newcastle United FC,2,2,D,1,0,H,17,11,10,7,3,3,16,12,3,3,0,0
2012/13,2012-09-22,Chelsea FC,Stoke City FC,1,0,H,0,0,D,17,13,9,6,13,3,12,15,2,1,0,0
2012/13,2012-09-22,Southampton FC,Aston Villa FC,4,1,H,0,1,A,12,8,4,2,1,4,5,13,1,3,0,0
2012/13,2012-09-22,Swansea City FC,Everton FC,0,3,A,0,2,A,18,30,11,19,8,3,23,7,4,1,1,0
2012/13,2012-09-22,West Bromwich Albion FC,Reading FC,1,0,H,0,0,D,9,8,4,1,9,1,14,6,1,0,0,0
2012/13,2012-09-22,West Ham United FC,Sunderland AFC,1,1,D,0,1,A,20,4,11,2,10,1,12,10,2,1,0,0
2012/13,2012-09-22,Wigan Athletic FC,Fulham FC,1,2,A,0,1,A,18,12,9,9,8,7,7,13,0,3,0,0
2012/13,2012-09-23,Liverpool FC,Manchester United FC,1,2,A,0,0,D,13,8,8,4,7,3,14,7,1,2,1,0
2012/13,2012-09-23,Manchester City FC,Arsenal FC,1,1,D,1,0,H,14,10,10,4,9,4,11,7,1,0,0,0
2012/13,2012-09-23,Newcastle United FC,Norwich City FC,1,0,H,1,0,H,16,8,8,3,4,5,11,19,1,1,0,0
2012/13,2012-09-23,Tottenham Hotspur FC,Queens Park Rangers FC,2,1,H,0,1,A,18,9,14,6,10,9,7,12,0,2,0,0
2012/13,2012-09-29,Arsenal FC,Chelsea FC,1,2,A,1,1,D,14,10,5,5,6,5,14,13,2,3,0,0
2012/13,2012-09-29,Everton FC,Southampton FC,3,1,H,3,1,H,17,8,9,2,10,3,2,3,0,0,0,0
2012/13,2012-09-29,Fulham FC,Manchester City FC,1,2,A,1,1,D,7,21,3,12,2,4,7,12,0,1,0,0
2012/13,2012-09-29,Manchester United FC,Tottenham Hotspur FC,2,3,A,0,2,A,15,10,8,6,9,5,5,7,0,0,0,0
2012/13,2012-09-29,Norwich City FC,Liverpool FC,2,5,A,0,2,A,10,10,7,6,5,5,5,2,1,0,0,0
2012/13,2012-09-29,Reading FC,Newcastle United FC,2,2,D,0,0,D,14,8,7,3,6,3,6,8,0,3,0,0
2012/13,2012-09-29,Stoke City FC,Swansea City FC,2,0,H,2,0,H,10,8,5,0,6,8,10,8,1,1,0,0
2012/13,2012-09-29,Sunderland AFC,Wigan Athletic FC,1,0,H,0,0,D,11,8,6,3,8,1,20,16,2,5,0,1
2012/13,2012-09-30,Aston Villa FC,West Bromwich Albion FC,1,1,D,0,0,D,19,14,8,7,11,4,9,11,1,1,0,0
2012/13,2012-10-01,Queens Park Rangers FC,West Ham United FC,1,2,A,0,2,A,13,17,9,10,4,13,9,21,1,8,1,0
2012/13,2012-10-06,Chelsea FC,Norwich City FC,4,1,H,3,1,H,20,7,13,4,10,2,7,1,0,0,0,0
2012/13,2012-10-06,Manchester City FC,Sunderland AFC,3,0,H,1,0,H,26,8,16,6,15,4,10,10,0,3,0,0
2012/13,2012-10-06,Swansea City FC,Reading FC,2,2,D,0,2,A,25,8,16,6,11,3,8,11,1,3,0,0
2012/13,2012-10-06,West Bromwich Albion FC,Queens Park Rangers FC,3,2,H,2,1,H,13,13,8,6,2,5,16,12,2,2,0,0
2012/13,2012-10-06,West Ham United FC,Arsenal FC,1,3,A,1,1,D,7,20,3,14,4,16,12,7,3,2,0,0
2012/13,2012-10-06,Wigan Athletic FC,Everton FC,2,2,D,2,1,H,10,16,6,11,7,6,14,14,2,5,0,0
2012/13,2012-10-07,Liverpool FC,Stoke City FC,0,0,D,0,0,D,16,5,5,3,5,5,9,16,0,6,0,0
2012/13,2012-10-07,Newcastle United FC,Manchester United FC,0,3,A,0,2,A,13,12,3,9,8,6,15,12,4,4,0,0
2012/13,2012-10-07,Southampton FC,Fulham FC,2,2,D,1,0,H,13,14,6,5,8,8,13,5,4,0,0,0
2012/13,2012-10-07,Tottenham Hotspur FC,Aston Villa FC,2,0,H,0,0,D,23,8,10,5,8,0,7,10,1,3,0,0
2012/13,2012-10-20,Fulham FC,Aston Villa FC,1,0,H,0,0,D,17,9,8,4,6,4,7,11,1,2,0,0
2012/13,2012-10-20,Liverpool FC,Reading FC,1,0,H,1,0,H,23,8,13,5,6,5,13,6,1,1,0,0
2012/13,2012-10-20,Manchester United FC,Stoke City FC,4,2,H,2,1,H,13,8,8,6,3,3,9,10,1,1,0,0
2012/13,2012-10-20,Norwich City FC,Arsenal FC,1,0,H,1,0,H,7,13,3,7,2,10,9,9,4,0,0,0
2012/13,2012-10-20,Swansea City FC,Wigan Athletic FC,2,1,H,0,0,D,18,10,11,7,9,2,13,11,2,3,0,0
2012/13,2012-10-20,Tottenham Hotspur FC,Chelsea FC,2,4,A,0,1,A,23,11,16,7,7,4,7,8,3,2,0,0
2012/13,2012-10-20,West Bromwich Albion FC,Manchester City FC,1,2,A,0,0,D,16,21,8,13,6,9,11,15,4,3,0,1
2012/13,2012-10-20,West Ham United FC,Southampton FC,4,1,H,0,0,D,9,11,8,4,6,3,10,12,0,2,0,0
2012/13,2012-10-21,Queens Park Rangers FC,Everton FC,1,1,D,1,1,D,14,10,6,4,5,4,12,18,2,1,0,1
2012/13,2012-10-21,Sunderland AFC,Newcastle United FC,1,1,D,0,1,A,16,10,6,7,8,4,14,15,0,4,0,1
2012/13,2012-10-27,Arsenal FC,Queens Park Rangers FC,1,0,H,0,0,D,21,4,11,3,5,2,14,9,1,2,0,1
2012/13,2012-10-27,Aston Villa FC,Norwich City FC,1,1,D,1,0,H,7,14,5,6,3,8,12,7,2,0,1,0
2012/13,2012-10-27,Manchester City FC,Swansea City FC,1,0,H,0,0,D,10,9,5,5,3,0,8,10,1,2,0,0
2012/13,2012-10-27,Reading FC,Fulham FC,3,3,D,1,0,H,15,16,9,8,6,8,6,17,1,1,0,0
2012/13,2012-10-27,Stoke City FC,Sunderland AFC,0,0,D,0,0,D,11,6,6,3,7,3,12,6,2,2,0,0
2012/13,2012-10-27,Wigan Athletic FC,West Ham United FC,2,1,H,1,0,H,17,15,13,11,6,6,10,16,3,4,0,0
2012/13,2012-10-28,Chelsea FC,Manchester United FC,2,3,A,1,2,A,14,15,11,7,8,6,13,11,2,2,2,0
2012/13,2012-10-28,Everton FC,Liverpool FC,2,2,D,2,2,D,17,12,8,5,9,5,16,18,4,3,0,0
2012/13,2012-10-28,Newcastle United FC,West Bromwich Albion FC,2,1,H,1,0,H,10,8,6,4,6,4,13,7,3,2,0,0
2012/13,2012-10-28,Southampton FC,Tottenham Hotspur FC,1,2,A,0,2,A,11,11,6,4,2,3,14,8,0,3,0,0
2012/13,2012-11-03,Fulham FC,Everton FC,2,2,D,1,0,H,8,26,5,15,5,9,16,9,3,1,0,0
2012/13,2012-11-03,Manchester United FC,Arsenal FC,2,1,H,1,0,H,11,7,7,3,6,1,13,13,5,3,0,1
2012/13,2012-11-03,Norwich City FC,Stoke City FC,1,0,H,1,0,H,12,8,8,3,9,1,11,13,1,5,0,0
2012/13,2012-11-03,Sunderland AFC,Aston Villa FC,0,1,A,0,0,D,11,9,1,6,6,7,10,17,2,3,0,0
2012/13,2012-11-03,Swansea City FC,Chelsea FC,1,1,D,0,0,D,9,11,7,7,8,6,12,9,4,1,0,0
2012/13,2012-11-03,Tottenham Hotspur FC,Wigan Athletic FC,0,1,A,0,0,D,13,7,10,4,9,3,10,11,1,1,0,0
2012/13,2012-11-03,West Ham United FC,Manchester City FC,0,0,D,0,0,D,6,18,1,8,3,7,11,12,3,0,0,0
2012/13,2012-11-04,Liverpool FC,Newcastle United FC,1,1,D,0,1,A,20,10,12,3,14,3,10,13,0,1,0,1
2012/13,2012-11-04,Queens Park Rangers FC,Reading FC,1,1,D,0,1,A,23,18,12,8,8,8,11,15,0,2,0,0
2012/13,2012-11-05,West Bromwich Albion FC,Southampton FC,2,0,H,1,0,H,16,9,6,5,8,6,6,12,1,0,0,0
2012/13,2012-11-10,Arsenal FC,Fulham FC,3,3,D,2,2,D,15,9,9,5,8,6,12,10,1,2,0,0
2012/13,2012-11-10,Aston Villa FC,Manchester United FC,2,3,A,1,0,H,10,16,7,7,5,6,12,7,1,1,0,0
2012/13,2012-11-10,Everton FC,Sunderland AFC,2,1,H,0,1,A,16,6,10,4,6,2,14,14,1,3,0,0
2012/13,2012-11-10,Reading FC,Norwich City FC,0,0,D,0,0,D,7,10,3,3,10,3,9,16,0,1,0,0
2012/13,2012-11-10,Southampton FC,Swansea City FC,1,1,D,0,0,D,11,5,5,3,10,6,11,10,2,2,0,0
2012/13,2012-11-10,Stoke City FC,Queens Park Rangers FC,1,0,H,0,0,D,10,17,5,8,5,5,11,16,2,3,0,0
2012/13,2012-11-10,Wigan Athletic FC,West Bromwich Albion FC,1,2,A,1,2,A,14,7,6,4,5,8,9,13,1,4,0,0
2012/13,2012-11-11,Chelsea FC,Liverpool FC,1,1,D,1,0,H,12,9,3,5,4,7,12,13,1,3,0,0
2012/13,2012-11-11,Manchester City FC,Tottenham Hotspur FC,2,1,H,0,1,A,16,6,8,2,8,2,16,7,1,2,0,0
2012/13,2012-11-11,Newcastle United FC,West Ham United FC,0,1,A,0,1,A,14,10,9,5,11,4,8,14,1,2,0,0
2012/13,2012-11-17,Arsenal FC,Tottenham Hotspur FC,5,2,H,3,1,H,13,6,10,4,6,6,13,12,1,2,0,1
2012/13,2012-11-17,Liverpool FC,Wigan Athletic FC,3,0,H,0,0,D,22,9,11,3,10,5,9,11,0,3,0,0
2012/13,2012-11-17,Manchester City FC,Aston Villa FC,5,0,H,1,0,H,21,10,8,8,9,4,9,4,0,1,0,0
2012/13,2012-11-17,Newcastle United FC,Swansea City FC,1,2,A,0,0,D,27,15,10,9,5,4,7,7,1,3,0,0
2012/13,2012-11-17,Norwich City FC,Manchester United FC,1,0,H,0,0,D,10,12,5,9,0,12,10,7,0,1,0,0
2012/13,2012-11-17,Queens Park Rangers FC,Southampton FC,1,3,A,0,2,A,13,21,7,15,4,13,12,9,1,0,0,0
2012/13,2012-11-17,Reading FC,Everton FC,2,1,H,0,1,A,12,21,4,11,7,13,11,11,3,2,0,0
2012/13,2012-11-17,West Bromwich Albion FC,Chelsea FC,2,1,H,1,1,D,8,19,6,12,0,12,7,13,0,0,0,0
2012/13,2012-11-18,Fulham FC,Sunderland AFC,1,3,A,0,0,D,18,12,13,9,4,4,9,13,1,3,1,0
2012/13,2012-11-19,West Ham United FC,Stoke City FC,1,1,D,0,1,A,16,12,11,6,12,4,8,9,1,0,0,0
2012/13,2012-11-24,Aston Villa FC,Arsenal FC,0,0,D,0,0,D,10,13,8,6,7,6,6,9,1,0,0,0
2012/13,2012-11-24,Everton FC,Norwich City FC,1,1,D,1,0,H,14,8,9,4,4,2,10,18,0,3,0,0
2012/13,2012-11-24,Manchester United FC,Queens Park Rangers FC,3,1,H,0,0,D,15,10,10,6,9,7,6,10,1,1,0,0
2012/13,2012-11-24,Stoke City FC,Fulham FC,1,0,H,1,0,H,12,8,3,5,7,2,14,11,1,1,0,0
2012/13,2012-11-24,Sunderland AFC,West Bromwich Albion FC,2,4,A,0,2,A,19,11,12,6,7,2,12,15,2,3,0,0
2012/13,2012-11-24,Wigan Athletic FC,Reading FC,3,2,H,0,1,A,19,16,11,10,9,5,15,9,2,0,0,0
2012/13,2012-11-25,Chelsea FC,Manchester City FC,0,0,D,0,0,D,5,11,1,7,6,11,9,16,0,3,0,0
2012/13,2012-11-25,Southampton FC,Newcastle United FC,2,0,H,1,0,H,17,8,10,3,4,3,12,14,2,2,0,0
2012/13,2012-11-25,Swansea City FC,Liverpool FC,0,0,D,0,0,D,17,21,8,14,7,6,6,10,1,0,0,0
2012/13,2012-11-25,Tottenham Hotspur FC,West Ham United FC,3,1,H,1,0,H,25,10,13,6,4,2,9,10,1,2,0,0
2012/13,2012-11-27,Aston Villa FC,Reading FC,1,0,H,0,0,D,15,11,7,6,8,3,10,5,1,0,0,0
2012/13,2012-11-27,Sunderland AFC,Queens Park Rangers FC,0,0,D,0,0,D,13,13,8,9,5,8,10,15,1,3,0,0
2012/13,2012-11-28,Chelsea FC,Fulham FC,0,0,D,0,0,D,17,8,13,7,10,2,10,11,3,0,0,0
2012/13,2012-11-28,Everton FC,Arsenal FC,1,1,D,1,1,D,14,12,10,9,6,6,15,9,2,1,0,0
2012/13,2012-11-28,Manchester United FC,West Ham United FC,1,0,H,1,0,H,23,9,13,3,5,5,7,9,1,1,0,0
2012/13,2012-11-28,Southampton FC,Norwich City FC,1,1,D,1,1,D,8,9,2,5,3,7,11,7,1,1,0,0
2012/13,2012-11-28,Stoke City FC,Newcastle United FC,2,1,H,0,0,D,11,7,5,6,7,2,12,12,2,2,0,0
2012/13,2012-11-28,Swansea City FC,West Bromwich Albion FC,3,1,H,3,1,H,13,6,8,2,5,2,10,16,0,4,0,0
2012/13,2012-11-28,Tottenham Hotspur FC,Liverpool FC,2,1,H,2,0,H,14,14,7,9,1,12,4,14,1,2,0,0
2012/13,2012-11-28,Wigan Athletic FC,Manchester City FC,0,2,A,0,0,D,9,15,4,6,6,6,13,12,1,1,0,0
2012/13,2012-12-01,Arsenal FC,Swansea City FC,0,2,A,0,0,D,10,12,8,10,8,5,11,9,1,0,0,0
2012/13,2012-12-01,Fulham FC,Tottenham Hotspur FC,0,3,A,0,0,D,8,10,2,6,2,1,10,8,0,2,0,0
2012/13,2012-12-01,Liverpool FC,Southampton FC,1,0,H,1,0,H,24,8,11,4,10,4,10,8,2,0,0,0
2012/13,2012-12-01,Manchester City FC,Everton FC,1,1,D,1,1,D,9,8,6,5,5,2,16,12,2,1,0,0
2012/13,2012-12-01,Queens Park Rangers FC,Aston Villa FC,1,1,D,1,1,D,17,7,12,3,11,4,5,6,1,2,0,0
2012/13,2012-12-01,Reading FC,Manchester United FC,3,4,A,3,4,A,10,10,7,5,6,1,10,12,1,1,0,0
2012/13,2012-12-01,West Bromwich Albion FC,Stoke City FC,0,1,A,0,0,D,14,6,11,4,5,5,8,15,0,3,0,0
2012/13,2012-12-01,West Ham United FC,Chelsea FC,3,1,H,0,1,A,16,16,13,9,14,5,15,6,1,2,0,0
2012/13,2012-12-02,Norwich City FC,Sunderland AFC,2,1,H,2,1,H,7,16,5,6,2,6,11,16,0,2,0,0
2012/13,2012-12-03,Newcastle United FC,Wigan Athletic FC,3,0,H,2,0,H,16,9,8,4,4,4,12,14,1,3,0,1
2012/13,2012-12-08,Arsenal FC,West Bromwich Albion FC,2,0,H,1,0,H,16,7,7,2,7,4,11,12,2,3,0,0
2012/13,2012-12-08,Aston Villa FC,Stoke City FC,0,0,D,0,0,D,9,1,5,0,3,2,8,13,0,1,0,1
2012/13,2012-12-08,Southampton FC,Reading FC,1,0,H,0,0,D,18,6,9,2,7,4,11,10,0,0,0,0
2012/13,2012-12-08,Sunderland AFC,Chelsea FC,1,3,A,0,2,A,14,11,10,5,11,1,11,14,1,3,0,0
2012/13,2012-12-08,Swansea City FC,Norwich City FC,3,4,A,0,3,A,21,10,10,8,6,2,12,9,2,1,0,0
2012/13,2012-12-08,Wigan Athletic FC,Queens Park Rangers FC,2,2,D,1,1,D,14,8,9,4,11,4,7,11,0,1,0,0
2012/13,2012-12-09,Everton FC,Tottenham Hotspur FC,2,1,H,0,0,D,17,8,11,6,4,4,10,9,2,2,0,0
2012/13,2012-12-09,Manchester City FC,Manchester United FC,2,3,A,0,2,A,16,8,11,3,8,2,11,9,4,3,0,0
2012/13,2012-12-09,West Ham United FC,Liverpool FC,2,3,A,2,1,H,9,16,6,8,2,5,12,10,1,2,0,0
2012/13,2012-12-10,Fulham FC,Newcastle United FC,2,1,H,1,0,H,16,20,7,13,5,4,13,11,0,0,0,0
2012/13,2012-12-11,Sunderland AFC,Reading FC,3,0,H,2,0,H,16,12,11,5,6,8,8,11,2,1,0,0
2012/13,2012-12-15,Liverpool FC,Aston Villa FC,1,3,A,0,2,A,26,9,17,6,7,2,4,11,1,2,0,0
2012/13,2012-12-15,Manchester United FC,Sunderland AFC,3,1,H,2,0,H,15,13,6,10,9,9,13,10,0,0,0,0
2012/13,2012-12-15,Newcastle United FC,Manchester City FC,1,3,A,0,2,A,17,16,8,10,12,7,9,16,3,2,0,0
2012/13,2012-12-15,Norwich City FC,Wigan Athletic FC,2,1,H,1,0,H,16,12,10,6,7,3,7,4,3,1,0,0
2012/13,2012-12-15,Queens Park Rangers FC,Fulham FC,2,1,H,0,0,D,19,6,9,3,3,3,10,14,1,2,0,0
2012/13,2012-12-15,Stoke City FC,Everton FC,1,1,D,0,1,A,14,9,8,5,4,8,11,13,1,0,0,0
2012/13,2012-12-16,Tottenham Hotspur FC,Swansea City FC,1,0,H,0,0,D,24,4,16,0,9,3,12,8,2,3,0,0
2012/13,2012-12-16,West Bromwich Albion FC,West Ham United FC,0,0,D,0,0,D,19,10,10,2,8,2,12,9,3,3,0,0
2012/13,2012-12-17,Reading FC,Arsenal FC,2,5,A,0,3,A,7,25,5,17,3,7,8,4,1,1,0,0
2012/13,2012-12-22,Liverpool FC,Fulham FC,4,0,H,2,0,H,22,7,12,6,8,2,13,6,1,2,0,0
2012/13,2012-12-22,Manchester City FC,Reading FC,1,0,H,0,0,D,17,6,10,1,12,3,11,15,2,3,0,0
2012/13,2012-12-22,Newcastle United FC,Queens Park Rangers FC,1,0,H,0,0,D,18,5,8,4,10,3,9,16,3,2,0,0
2012/13,2012-12-22,Southampton FC,Sunderland AFC,0,1,A,0,1,A,13,10,7,6,8,5,11,15,0,3,0,0
2012/13,2012-12-22,Tottenham Hotspur FC,Stoke City FC,0,0,D,0,0,D,21,4,14,2,11,4,8,11,2,5,0,0
2012/13,2012-12-22,West Bromwich Albion FC,Norwich City FC,2,1,H,1,1,D,12,10,8,4,6,5,14,9,1,1,0,0
2012/13,2012-12-22,West Ham United FC,Everton FC,1,2,A,1,0,H,6,15,5,8,3,5,12,8,1,0,1,1
2012/13,2012-12-22,Wigan Athletic FC,Arsenal FC,0,1,A,0,0,D,13,10,5,8,4,4,14,8,1,1,0,0
2012/13,2012-12-23,Chelsea FC,Aston Villa FC,8,0,H,3,0,H,24,7,18,4,8,4,6,11,0,0,0,0
2012/13,2012-12-23,Swansea City FC,Manchester United FC,1,1,D,1,1,D,14,19,10,16,3,6,11,16,2,4,0,0
2012/13,2012-12-26,Aston Villa FC,Tottenham Hotspur FC,0,4,A,0,0,D,4,20,1,16,2,16,11,7,1,0,0,0
2012/13,2012-12-26,Everton FC,Wigan Athletic FC,2,1,H,0,0,D,17,10,9,6,11,2,10,11,1,3,0,0
2012/13,2012-12-26,Fulham FC,Southampton FC,1,1,D,1,0,H,10,7,2,3,3,5,14,12,3,0,0,0
2012/13,2012-12-26,Manchester United FC,Newcastle United FC,4,3,H,1,2,A,16,16,10,11,2,2,12,16,3,3,0,0
2012/13,2012-12-26,Norwich City FC,Chelsea FC,0,1,A,0,1,A,8,20,4,11,5,7,7,7,1,1,0,0
2012/13,2012-12-26,Queens Park Rangers FC,West Bromwich Albion FC,1,2,A,0,1,A,18,12,8,6,14,9,9,10,1,0,0,0
2012/13,2012-12-26,Reading FC,Swansea City FC,0,0,D,0,0,D,3,10,2,4,6,4,14,17,2,1,0,0
2012/13,2012-12-26,Stoke City FC,Liverpool FC,3,1,H,2,1,H,7,12,6,6,6,8,11,5,3,1,0,0
2012/13,2012-12-26,Sunderland AFC,Manchester City FC,1,0,H,0,0,D,12,19,6,12,3,7,14,16,1,3,0,0
2012/13,2012-12-29,Arsenal FC,Newcastle United FC,7,3,H,1,1,D,16,10,12,8,5,6,8,10,0,1,0,0
2012/13,2012-12-29,Aston Villa FC,Wigan Athletic FC,0,3,A,0,1,A,11,9,4,6,4,3,16,8,3,2,0,0
2012/13,2012-12-29,Fulham FC,Swansea City FC,1,2,A,0,1,A,22,10,13,9,9,8,14,12,2,1,0,0
2012/13,2012-12-29,Manchester United FC,West Bromwich Albion FC,2,0,H,1,0,H,17,13,14,9,9,6,9,7,1,0,0,0
2012/13,2012-12-29,Norwich City FC,Manchester City FC,3,4,A,1,2,A,13,13,8,9,4,9,8,10,3,1,0,1
2012/13,2012-12-29,Reading FC,West Ham United FC,1,0,H,1,0,H,3,11,2,3,2,2,17,10,3,4,0,0
2012/13,2012-12-29,Stoke City FC,Southampton FC,3,3,D,1,3,A,10,8,8,7,7,4,6,9,1,2,1,0
2012/13,2012-12-29,Sunderland AFC,Tottenham Hotspur FC,1,2,A,1,0,H,9,18,6,14,3,8,9,15,1,3,0,0
2012/13,2012-12-30,Everton FC,Chelsea FC,1,2,A,1,1,D,12,15,6,10,7,7,14,12,2,3,0,0
2012/13,2012-12-30,Queens Park Rangers FC,Liverpool FC,0,3,A,0,3,A,14,16,7,11,1,9,10,8,2,1,0,0
2012/13,2013-01-01,Manchester City FC,Stoke City FC,3,0,H,1,0,H,17,4,9,3,7,2,6,9,2,2,0,0
2012/13,2013-01-01,Southampton FC,Arsenal FC,1,1,D,1,1,D,9,6,6,4,3,3,9,6,2,0,0,0
2012/13,2013-01-01,Swansea City FC,Aston Villa FC,2,2,D,1,1,D,23,8,13,6,3,2,7,15,0,4,0,0
2012/13,2013-01-01,Tottenham Hotspur FC,Reading FC,3,1,H,1,1,D,30,7,20,4,12,3,9,9,0,0,0,0
2012/13,2013-01-01,West Bromwich Albion FC,Fulham FC,1,2,A,0,1,A,17,10,10,5,10,5,14,6,0,0,0,0
2012/13,2013-01-01,West Ham United FC,Norwich City FC,2,1,H,2,0,H,14,9,8,3,11,3,14,7,0,0,0,0
2012/13,2013-01-01,Wigan Athletic FC,Manchester United FC,0,4,A,0,2,A,7,14,3,9,1,6,13,5,1,1,0,0
2012/13,2013-01-02,Chelsea FC,Queens Park Rangers FC,0,1,A,0,0,D,23,8,11,5,14,2,12,8,1,1,0,0
2012/13,2013-01-02,Liverpool FC,Sunderland AFC,3,0,H,2,0,H,27,6,16,5,9,5,8,5,0,1,0,0
2012/13,2013-01-02,Newcastle United FC,Everton FC,1,2,A,1,1,D,14,7,11,6,4,6,21,7,3,2,0,0
2012/13,2013-01-12,Aston Villa FC,Southampton FC,0,1,A,0,1,A,16,11,10,4,9,5,9,6,1,1,0,0
2012/13,2013-01-12,Everton FC,Swansea City FC,0,0,D,0,0,D,16,4,8,2,7,1,13,9,1,4,0,0
2012/13,2013-01-12,Fulham FC,Wigan Athletic FC,1,1,D,1,0,H,14,15,5,6,6,8,8,15,0,1,0,0
2012/13,2013-01-12,Norwich City FC,Newcastle United FC,0,0,D,0,0,D,12,9,3,4,5,4,5,6,0,1,0,0
2012/13,2013-01-12,Queens Park Rangers FC,Tottenham Hotspur FC,0,0,D,0,0,D,4,16,1,8,2,6,10,7,1,1,0,0
2012/13,2013-01-12,Reading FC,West Bromwich Albion FC,3,2,H,0,1,A,7,11,7,6,8,4,6,13,1,1,0,0
2012/13,2013-01-12,Stoke City FC,Chelsea FC,0,4,A,0,1,A,11,11,5,9,6,7,13,9,1,0,0,0
2012/13,2013-01-12,Sunderland AFC,West Ham United FC,3,0,H,1,0,H,18,9,14,4,4,6,10,13,0,3,0,0
2012/13,2013-01-13,Arsenal FC,Manchester City FC,0,2,A,0,2,A,9,16,4,9,2,7,11,18,2,4,1,1
2012/13,2013-01-13,Manchester United FC,Liverpool FC,2,1,H,1,0,H,15,12,10,5,3,1,14,16,1,4,0,0
2012/13,2013-01-16,Chelsea FC,Southampton FC,2,2,D,2,0,H,19,7,10,3,4,3,10,11,1,0,0,0
2012/13,2013-01-19,Liverpool FC,Norwich City FC,5,0,H,2,0,H,17,5,10,3,10,4,10,8,1,1,0,0
2012/13,2013-01-19,Manchester City FC,Fulham FC,2,0,H,1,0,H,20,3,11,0,1,2,12,6,1,2,0,0
2012/13,2013-01-19,Newcastle United FC,Reading FC,1,2,A,1,0,H,15,6,10,2,6,2,9,10,2,3,0,0
2012/13,2013-01-19,Swansea City FC,Stoke City FC,3,1,H,0,0,D,12,7,6,2,7,6,11,9,0,0,0,0
2012/13,2013-01-19,West Bromwich Albion FC,Aston Villa FC,2,2,D,0,2,A,25,11,9,7,8,8,8,10,3,3,0,0
2012/13,2013-01-19,West Ham United FC,Queens Park Rangers FC,1,1,D,0,1,A,22,9,13,6,12,2,6,11,1,0,0,0
2012/13,2013-01-19,Wigan Athletic FC,Sunderland AFC,2,3,A,1,3,A,20,10,11,5,9,0,10,16,3,2,0,0
2012/13,2013-01-20,Chelsea FC,Arsenal FC,2,1,H,2,0,H,13,12,8,8,3,9,10,11,2,1,0,0
2012/13,2013-01-20,Tottenham Hotspur FC,Manchester United FC,1,1,D,0,1,A,23,6,18,4,9,4,7,14,1,4,0,0
2012/13,2013-01-21,Southampton FC,Everton FC,0,0,D,0,0,D,14,10,11,7,10,6,14,11,2,1,0,0
2012/13,2013-01-23,Arsenal FC,West Ham United FC,5,1,H,1,1,D,23,7,17,5,13,5,9,10,0,1,0,0
2012/13,2013-01-29,Aston Villa FC,Newcastle United FC,1,2,A,0,2,A,10,10,4,7,3,4,16,9,5,2,0,0
2012/13,2013-01-29,Queens Park Rangers FC,Manchester City FC,0,0,D,0,0,D,5,15,3,7,2,10,9,9,2,2,0,0
2012/13,2013-01-29,Stoke City FC,Wigan Athletic FC,2,2,D,1,0,H,9,11,4,6,0,1,12,10,1,1,0,0
2012/13,2013-01-29,Sunderland AFC,Swansea City FC,0,0,D,0,0,D,4,18,2,8,3,4,11,11,1,2,0,0
2012/13,2013-01-30,Arsenal FC,Liverpool FC,2,2,D,0,1,A,14,10,6,5,8,6,9,11,3,1,0,0
2012/13,2013-01-30,Everton FC,West Bromwich Albion FC,2,1,H,2,0,H,11,7,4,4,5,2,9,14,0,2,0,0
2012/13,2013-01-30,Fulham FC,West Ham United FC,3,1,H,1,0,H,13,8,6,4,2,8,8,9,2,0,0,0
2012/13,2013-01-30,Manchester United FC,Southampton FC,2,1,H,2,1,H,11,21,7,10,4,8,10,10,2,1,0,0
2012/13,2013-01-30,Norwich City FC,Tottenham Hotspur FC,1,1,D,1,0,H,8,12,4,7,3,6,13,14,4,1,0,0
2012/13,2013-01-30,Reading FC,Chelsea FC,2,2,D,0,1,A,5,14,2,5,0,6,8,20,1,2,0,0
2012/13,2013-02-02,Arsenal FC,Stoke City FC,1,0,H,0,0,D,15,6,9,2,11,1,3,13,0,3,0,0
2012/13,2013-02-02,Everton FC,Aston Villa FC,3,3,D,1,2,A,22,8,13,4,15,2,6,23,1,4,0,0
2012/13,2013-02-02,Fulham FC,Manchester United FC,0,1,A,0,0,D,15,13,8,8,5,8,8,15,1,1,0,0
2012/13,2013-02-02,Newcastle United FC,Chelsea FC,3,2,H,1,0,H,19,12,13,6,5,4,11,5,2,3,0,0
2012/13,2013-02-02,Queens Park Rangers FC,Norwich City FC,0,0,D,0,0,D,15,14,7,9,10,8,6,20,2,5,0,0
2012/13,2013-02-02,Reading FC,Sunderland AFC,2,1,H,1,1,D,9,10,5,6,6,8,12,15,1,3,0,0
2012/13,2013-02-02,West Ham United FC,Swansea City FC,1,0,H,0,0,D,18,11,9,7,5,3,7,9,1,1,0,0
2012/13,2013-02-02,Wigan Athletic FC,Southampton FC,2,2,D,1,0,H,5,15,3,7,8,5,6,16,0,2,0,0
2012/13,2013-02-03,Manchester City FC,Liverpool FC,2,2,D,1,1,D,9,21,5,12,9,10,14,7,2,4,0,0
2012/13,2013-02-03,West Bromwich Albion FC,Tottenham Hotspur FC,0,1,A,0,0,D,4,21,3,13,2,17,9,9,1,0,1,0
2012/13,2013-02-09,Chelsea FC,Wigan Athletic FC,4,1,H,1,0,H,25,13,17,10,10,6,9,13,1,2,0,0
2012/13,2013-02-09,Norwich City FC,Fulham FC,0,0,D,0,0,D,15,7,8,5,3,4,10,16,2,2,0,0
2012/13,2013-02-09,Southampton FC,Manchester City FC,3,1,H,2,1,H,13,7,7,4,6,6,9,13,1,2,0,0
2012/13,2013-02-09,Stoke City FC,Reading FC,2,1,H,0,0,D,13,5,10,4,11,3,7,4,2,0,0,0
2012/13,2013-02-09,Sunderland AFC,Arsenal FC,0,1,A,0,1,A,12,18,7,9,11,2,6,13,3,2,0,1
2012/13,2013-02-09,Swansea City FC,Queens Park Rangers FC,4,1,H,2,0,H,13,14,12,8,5,2,10,9,1,3,0,0
2012/13,2013-02-09,Tottenham Hotspur FC,Newcastle United FC,2,1,H,1,1,D,16,9,9,7,11,5,5,11,0,2,0,0
2012/13,2013-02-10,Aston Villa FC,West Ham United FC,2,1,H,0,0,D,7,13,2,7,4,10,15,12,3,2,0,0
2012/13,2013-02-10,Manchester United FC,Everton FC,2,0,H,2,0,H,10,9,6,8,7,6,12,9,0,2,0,0
2012/13,2013-02-11,Liverpool FC,West Bromwich Albion FC,0,2,A,0,0,D,23,4,14,3,13,5,9,9,1,4,0,0
2012/13,2013-02-17,Liverpool FC,Swansea City FC,5,0,H,1,0,H,33,4,18,3,10,1,6,9,0,1,0,0
2012/13,2013-02-23,Arsenal FC,Aston Villa FC,2,1,H,1,0,H,24,5,14,3,12,3,7,12,1,2,0,0
2012/13,2013-02-23,Fulham FC,Stoke City FC,1,0,H,1,0,H,20,7,9,2,9,4,4,9,1,3,0,0
2012/13,2013-02-23,Norwich City FC,Everton FC,2,1,H,0,1,A,10,11,9,5,7,5,15,10,1,1,0,0
2012/13,2013-02-23,Queens Park Rangers FC,Manchester United FC,0,2,A,0,1,A,12,13,5,8,2,4,10,6,0,0,0,0
2012/13,2013-02-23,Reading FC,Wigan Athletic FC,0,3,A,0,2,A,7,14,1,8,2,9,9,11,1,1,1,0
2012/13,2013-02-23,West Bromwich Albion FC,Sunderland AFC,2,1,H,1,0,H,17,10,7,6,5,5,13,9,2,1,0,0
2012/13,2013-02-24,Manchester City FC,Chelsea FC,2,0,H,0,0,D,15,4,11,1,6,6,19,5,3,1,0,0
2012/13,2013-02-24,Newcastle United FC,Southampton FC,4,2,H,2,1,H,11,11,5,7,7,3,12,12,0,4,0,0
2012/13,2013-02-25,West Ham United FC,Tottenham Hotspur FC,2,3,A,1,1,D,8,25,6,16,6,12,12,7,4,1,0,0
2012/13,2013-03-02,Chelsea FC,West Bromwich Albion FC,1,0,H,1,0,H,25,8,19,4,9,7,12,16,1,2,0,0
2012/13,2013-03-02,Everton FC,Reading FC,3,1,H,1,0,H,18,12,12,6,9,10,8,8,1,1,0,0
2012/13,2013-03-02,Manchester United FC,Norwich City FC,4,0,H,1,0,H,13,1,10,1,7,3,5,15,0,4,0,0
2012/13,2013-03-02,Southampton FC,Queens Park Rangers FC,1,2,A,1,1,D,17,5,9,3,6,3,7,15,1,3,0,0
2012/13,2013-03-02,Stoke City FC,West Ham United FC,0,1,A,0,1,A,10,10,2,7,4,2,12,12,1,2,0,0
2012/13,2013-03-02,Sunderland AFC,Fulham FC,2,2,D,1,2,A,12,7,6,4,7,3,9,14,1,3,0,0
2012/13,2013-03-02,Swansea City FC,Newcastle United FC,1,0,H,0,0,D,10,14,7,7,7,7,9,17,0,2,0,0
2012/13,2013-03-02,Wigan Athletic FC,Liverpool FC,0,4,A,0,3,A,15,8,11,7,4,3,11,15,2,2,0,0
2012/13,2013-03-03,Tottenham Hotspur FC,Arsenal FC,2,1,H,2,0,H,11,10,5,6,4,6,17,13,3,1,0,0
2012/13,2013-03-04,Aston Villa FC,Manchester City FC,0,1,A,0,1,A,10,20,5,12,6,5,10,14,2,0,0,0
2012/13,2013-03-09,Norwich City FC,Southampton FC,0,0,D,0,0,D,3,15,2,7,1,7,9,10,2,3,0,0
2012/13,2013-03-09,Queens Park Rangers FC,Sunderland AFC,3,1,H,1,1,D,15,7,8,3,4,5,4,19,0,2,0,0
2012/13,2013-03-09,Reading FC,Aston Villa FC,1,2,A,1,2,A,10,18,4,7,6,1,8,7,2,3,0,0
2012/13,2013-03-09,West Bromwich Albion FC,Swansea City FC,2,1,H,1,1,D,12,9,6,4,3,3,9,10,1,1,0,0
2012/13,2013-03-10,Liverpool FC,Tottenham Hotspur FC,3,2,H,1,1,D,10,15,4,9,1,4,9,8,1,1,0,0
2012/13,2013-03-10,Newcastle United FC,Stoke City FC,2,1,H,0,0,D,14,7,6,4,14,4,10,12,1,1,0,0
2012/13,2013-03-16,Aston Villa FC,Queens Park Rangers FC,3,2,H,1,1,D,10,18,6,11,9,6,16,10,3,2,0,0
2012/13,2013-03-16,Everton FC,Manchester City FC,2,0,H,1,0,H,11,17,5,11,13,6,15,10,4,3,1,0
2012/13,2013-03-16,Manchester United FC,Reading FC,1,0,H,1,0,H,17,5,8,1,5,4,5,16,0,2,0,0
2012/13,2013-03-16,Southampton FC,Liverpool FC,3,1,H,2,1,H,17,8,12,6,7,5,10,10,0,1,0,0
2012/13,2013-03-16,Stoke City FC,West Bromwich Albion FC,0,0,D,0,0,D,13,9,5,5,7,1,15,11,2,2,0,0
2012/13,2013-03-16,Swansea City FC,Arsenal FC,0,2,A,0,0,D,9,15,2,11,3,7,2,7,1,1,0,0
2012/13,2013-03-17,Chelsea FC,West Ham United FC,2,0,H,1,0,H,24,15,14,9,5,5,5,14,0,2,0,0
2012/13,2013-03-17,Sunderland AFC,Norwich City FC,1,1,D,1,1,D,16,7,8,3,5,9,11,11,1,3,0,1
2012/13,2013-03-17,Tottenham Hotspur FC,Fulham FC,0,1,A,0,0,D,12,6,6,2,5,5,10,5,1,1,0,0
2012/13,2013-03-17,Wigan Athletic FC,Newcastle United FC,2,1,H,1,0,H,13,9,10,4,7,3,7,12,1,1,0,0
2012/13,2013-03-30,Arsenal FC,Reading FC,4,1,H,1,0,H,23,4,14,2,11,3,9,14,0,1,0,0
2012/13,2013-03-30,Everton FC,Stoke City FC,1,0,H,1,0,H,15,10,9,5,4,3,13,18,1,3,0,0
2012/13,2013-03-30,Manchester City FC,Newcastle United FC,4,0,H,2,0,H,19,5,11,1,9,2,6,8,0,2,0,0
2012/13,2013-03-30,Southampton FC,Chelsea FC,2,1,H,2,1,H,13,7,8,4,7,7,12,6,2,1,0,0
2012/13,2013-03-30,Sunderland AFC,Manchester United FC,0,1,A,0,1,A,9,10,4,6,3,6,11,9,3,1,0,0
2012/13,2013-03-30,Swansea City FC,Tottenham Hotspur FC,1,2,A,0,2,A,11,9,3,7,5,2,5,10,2,4,0,0
2012/13,2013-03-30,West Ham United FC,West Bromwich Albion FC,3,1,H,2,0,H,14,17,8,11,5,3,10,13,1,1,0,1
2012/13,2013-03-30,Wigan Athletic FC,Norwich City FC,1,0,H,0,0,D,13,9,6,5,10,3,13,9,1,2,0,0
2012/13,2013-03-31,Aston Villa FC,Liverpool FC,1,2,A,1,0,H,10,16,7,12,7,8,9,8,1,1,0,0
2012/13,2013-04-01,Fulham FC,Queens Park Rangers FC,3,2,H,3,1,H,9,19,5,11,3,6,11,7,2,1,1,0
2012/13,2013-04-06,Norwich City FC,Swansea City FC,2,2,D,1,1,D,12,16,9,9,2,5,8,16,5,3,0,0
2012/13,2013-04-06,Reading FC,Southampton FC,0,2,A,0,1,A,8,12,3,4,8,4,5,11,0,0,0,0
2012/13,2013-04-06,Stoke City FC,Aston Villa FC,1,3,A,0,1,A,6,11,2,8,4,2,16,11,3,1,0,0
2012/13,2013-04-06,West Bromwich Albion FC,Arsenal FC,1,2,A,0,1,A,16,11,5,6,6,4,7,15,2,4,0,1
2012/13,2013-04-07,Chelsea FC,Sunderland AFC,2,1,H,0,1,A,14,7,7,3,8,5,9,15,0,2,0,0
2012/13,2013-04-07,Liverpool FC,West Ham United FC,0,0,D,0,0,D,19,10,12,4,12,2,8,4,0,1,0,0
2012/13,2013-04-07,Newcastle United FC,Fulham FC,1,0,H,0,0,D,20,5,10,3,10,3,13,11,2,2,0,0
2012/13,2013-04-07,Queens Park Rangers FC,Wigan Athletic FC,1,1,D,0,0,D,6,16,2,10,2,10,9,12,2,3,1,0
2012/13,2013-04-07,Tottenham Hotspur FC,Everton FC,2,2,D,1,1,D,19,9,10,5,7,6,14,8,1,1,0,0
2012/13,2013-04-08,Manchester United FC,Manchester City FC,1,2,A,0,0,D,16,9,7,5,9,4,13,18,3,5,0,0
2012/13,2013-04-13,Arsenal FC,Norwich City FC,3,1,H,0,0,D,10,5,7,5,9,3,8,10,1,2,0,0
2012/13,2013-04-13,Aston Villa FC,Fulham FC,1,1,D,0,0,D,15,8,7,3,8,5,5,15,1,2,0,0
2012/13,2013-04-13,Everton FC,Queens Park Rangers FC,2,0,H,1,0,H,14,8,10,5,13,5,6,12,3,3,0,0
2012/13,2013-04-13,Reading FC,Liverpool FC,0,0,D,0,0,D,7,26,5,15,4,9,9,8,2,1,0,0
2012/13,2013-04-13,Southampton FC,West Ham United FC,1,1,D,0,0,D,15,6,11,4,7,4,9,18,2,3,0,0
2012/13,2013-04-14,Newcastle United FC,Sunderland AFC,0,3,A,0,1,A,15,8,9,7,10,9,14,7,3,2,0,0
2012/13,2013-04-14,Stoke City FC,Manchester United FC,0,2,A,0,1,A,13,9,4,3,3,7,9,9,1,1,0,0
2012/13,2013-04-16,Arsenal FC,Everton FC,0,0,D,0,0,D,10,10,6,5,8,1,11,12,2,3,0,0
2012/13,2013-04-17,Fulham FC,Chelsea FC,0,3,A,0,2,A,11,13,7,10,6,5,11,11,2,1,0,0
2012/13,2013-04-17,Manchester City FC,Wigan Athletic FC,1,0,H,0,0,D,10,8,4,6,5,4,12,5,2,1,0,0
2012/13,2013-04-17,West Ham United FC,Manchester United FC,2,2,D,1,1,D,10,15,4,9,2,5,9,7,1,0,0,0
2012/13,2013-04-20,Fulham FC,Arsenal FC,0,1,A,0,1,A,7,10,5,7,7,3,13,8,0,2,1,1
2012/13,2013-04-20,Norwich City FC,Reading FC,2,1,H,0,0,D,19,14,9,6,8,8,8,12,2,3,0,0
2012/13,2013-04-20,Queens Park Rangers FC,Stoke City FC,0,2,A,0,1,A,25,11,11,4,5,5,8,14,1,2,0,0
2012/13,2013-04-20,Sunderland AFC,Everton FC,1,0,H,1,0,H,8,8,4,5,3,10,6,15,1,2,0,0
2012/13,2013-04-20,Swansea City FC,Southampton FC,0,0,D,0,0,D,14,9,7,5,7,2,11,13,0,0,0,0
2012/13,2013-04-20,West Bromwich Albion FC,Newcastle United FC,1,1,D,0,1,A,8,10,4,6,15,2,9,10,0,2,0,0
2012/13,2013-04-20,West Ham United FC,Wigan Athletic FC,2,0,H,1,0,H,17,18,11,10,3,6,12,11,3,1,0,0
2012/13,2013-04-21,Liverpool FC,Chelsea FC,2,2,D,0,1,A,23,9,12,6,8,5,8,11,5,2,0,0
2012/13,2013-04-21,Tottenham Hotspur FC,Manchester City FC,3,1,H,0,1,A,11,11,8,7,4,5,11,10,3,3,0,0
2012/13,2013-04-22,Manchester United FC,Aston Villa FC,3,0,H,3,0,H,10,8,5,5,5,3,10,6,1,0,0,0
2012/13,2013-04-27,Everton FC,Fulham FC,1,0,H,1,0,H,17,6,10,2,7,2,12,16,1,3,0,0
2012/13,2013-04-27,Manchester City FC,West Ham United FC,2,1,H,1,0,H,16,9,10,6,9,4,9,7,1,3,0,0
2012/13,2013-04-27,Newcastle United FC,Liverpool FC,0,6,A,0,2,A,5,11,1,10,5,7,14,7,3,2,1,0
2012/13,2013-04-27,Southampton FC,West Bromwich Albion FC,0,3,A,0,1,A,16,11,4,9,7,6,9,11,2,2,2,1
2012/13,2013-04-27,Stoke City FC,Norwich City FC,1,0,H,0,0,D,12,5,4,0,5,3,10,8,4,2,0,0
2012/13,2013-04-27,Wigan Athletic FC,Tottenham Hotspur FC,2,2,D,1,1,D,6,14,4,7,3,3,12,10,3,1,0,0
2012/13,2013-04-28,Arsenal FC,Manchester United FC,1,1,D,1,1,D,19,10,13,5,7,2,12,10,3,5,0,0
2012/13,2013-04-28,Chelsea FC,Swansea City FC,2,0,H,2,0,H,21,11,14,8,6,3,9,10,1,3,0,0
2012/13,2013-04-28,Reading FC,Queens Park Rangers FC,0,0,D,0,0,D,13,15,7,5,9,7,12,14,0,2,0,0
2012/13,2013-04-29,Aston Villa FC,Sunderland AFC,6,1,H,2,1,H,18,7,15,4,4,4,10,15,0,3,0,1
2012/13,2013-05-04,Fulham FC,Reading FC,2,4,A,0,1,A,18,20,13,13,3,3,14,7,2,1,0,0
2012/13,2013-05-04,Norwich City FC,Aston Villa FC,1,2,A,0,0,D,9,12,4,6,6,5,15,13,2,3,0,0
2012/13,2013-05-04,Queens Park Rangers FC,Arsenal FC,0,1,A,0,1,A,14,13,6,11,3,7,8,6,2,1,0,0
2012/13,2013-05-04,Swansea City FC,Manchester City FC,0,0,D,0,0,D,7,12,1,8,4,4,9,10,0,0,0,0
2012/13,2013-05-04,Tottenham Hotspur FC,Southampton FC,1,0,H,0,0,D,7,10,4,6,5,5,8,9,1,1,0,0
2012/13,2013-05-04,West Bromwich Albion FC,Wigan Athletic FC,2,3,A,1,1,D,17,13,11,8,7,5,9,7,4,3,0,0
2012/13,2013-05-04,West Ham United FC,Newcastle United FC,0,0,D,0,0,D,9,11,3,6,7,3,12,12,1,1,0,0
2012/13,2013-05-05,Liverpool FC,Everton FC,0,0,D,0,0,D,16,11,8,4,3,5,10,10,1,2,0,0
2012/13,2013-05-05,Manchester United FC,Chelsea FC,0,1,A,0,0,D,10,15,4,6,2,7,14,9,2,1,1,0
2012/13,2013-05-06,Sunderland AFC,Stoke City FC,1,1,D,0,1,A,14,11,7,7,5,6,6,12,2,2,1,0
2012/13,2013-05-07,Manchester City FC,West Bromwich Albion FC,1,0,H,1,0,H,21,20,9,11,6,8,10,9,2,1,0,0
2012/13,2013-05-07,Wigan Athletic FC,Swansea City FC,2,3,A,1,0,H,14,10,11,6,4,4,14,13,2,2,0,0
2012/13,2013-05-08,Chelsea FC,Tottenham Hotspur FC,2,2,D,2,1,H,15,13,8,6,6,5,6,16,1,2,0,0
2012/13,2013-05-11,Aston Villa FC,Chelsea FC,1,2,A,1,0,H,12,11,7,8,6,7,13,8,2,3,1,1
2012/13,2013-05-12,Everton FC,West Ham United FC,2,0,H,1,0,H,23,7,13,2,7,1,8,11,1,2,0,0
2012/13,2013-05-12,Fulham FC,Liverpool FC,1,3,A,1,1,D,10,20,8,14,7,8,2,10,0,1,0,0
2012/13,2013-05-12,Manchester United FC,Swansea City FC,2,1,H,1,0,H,16,5,9,2,7,5,5,6,0,0,0,0
2012/13,2013-05-12,Norwich City FC,West Bromwich Albion FC,4,0,H,1,0,H,11,8,8,5,8,2,10,7,2,1,0,0
2012/13,2013-05-12,Queens Park Rangers FC,Newcastle United FC,1,2,A,1,2,A,8,10,3,7,2,2,8,8,1,3,0,1
2012/13,2013-05-12,Stoke City FC,Tottenham Hotspur FC,1,2,A,1,1,D,6,23,3,15,2,11,11,5,4,1,1,0
2012/13,2013-05-12,Sunderland AFC,Southampton FC,1,1,D,0,0,D,5,15,5,10,3,10,9,10,0,2,0,0
2012/13,2013-05-14,Arsenal FC,Wigan Athletic FC,4,1,H,1,1,D,19,10,12,5,7,4,11,11,0,2,0,0
2012/13,2013-05-14,Reading FC,Manchester City FC,0,2,A,0,1,A,11,27,7,20,4,10,6,7,0,1,0,0
2012/13,2013-05-19,Chelsea FC,Everton FC,2,1,H,1,1,D,20,16,10,9,7,4,7,8,2,2,0,0
2012/13,2013-05-19,Liverpool FC,Queens Park Rangers FC,1,0,H,1,0,H,27,10,20,3,14,0,7,3,1,3,0,0
2012/13,2013-05-19,Manchester City FC,Norwich City FC,2,3,A,1,1,D,12,12,5,7,7,7,10,8,1,0,0,0
2012/13,2013-05-19,Newcastle United FC,Arsenal FC,0,1,A,0,0,D,7,9,2,3,4,4,17,10,1,2,0,0
2012/13,2013-05-19,Southampton FC,Stoke City FC,1,1,D,0,0,D,11,7,7,3,3,4,9,7,0,2,0,0
2012/13,2013-05-19,Swansea City FC,Fulham FC,0,3,A,0,1,A,19,8,11,6,8,0,12,9,2,1,0,0
2012/13,2013-05-19,Tottenham Hotspur FC,Sunderland AFC,1,0,H,0,0,D,23,6,19,4,14,1,6,12,1,3,0,1
2012/13,2013-05-19,West Bromwich Albion FC,Manchester United FC,5,5,D,1,3,A,15,12,8,8,3,5,10,6,0,1,0,0
2012/13,2013-05-19,West Ham United FC,Reading FC,4,2,H,2,0,H,21,17,12,7,6,4,14,8,2,1,0,0
2012/13,2013-05-19,Wigan Athletic FC,Aston Villa FC,2,2,D,2,1,H,12,5,6,2,4,2,8,12,2,1,0,0
2013/14,2013-08-17,Arsenal FC,Aston Villa FC,1,3,A,1,1,D,16,9,4,4,4,3,15,18,4,5,1,0
2013/14,2013-08-17,Liverpool FC,Stoke City FC,1,0,H,1,0,H,26,10,11,4,12,6,11,11,1,1,0,0
2013/14,2013-08-17,Norwich City FC,Everton FC,2,2,D,0,0,D,8,19,2,6,6,8,13,10,2,0,0,0
2013/14,2013-08-17,Sunderland AFC,Fulham FC,0,1,A,0,0,D,20,5,3,1,6,1,14,14,0,3,0,0
2013/14,2013-08-17,Swansea City FC,Manchester United FC,1,4,A,0,2,A,17,15,6,7,7,4,13,10,1,3,0,0
2013/14,2013-08-17,West Bromwich Albion FC,Southampton FC,0,1,A,0,0,D,11,7,1,2,4,8,14,24,4,0,0,0
2013/14,2013-08-17,West Ham United FC,Cardiff City FC,2,0,H,1,0,H,18,12,4,1,4,3,10,7,0,1,0,0
2013/14,2013-08-18,Chelsea FC,Hull City FC,2,0,H,2,0,H,22,7,5,2,5,1,7,16,0,1,0,0
2013/14,2013-08-18,Crystal Palace FC,Tottenham Hotspur FC,0,1,A,0,0,D,5,17,3,2,3,7,6,9,1,0,0,0
2013/14,2013-08-19,Manchester City FC,Newcastle United FC,4,0,H,2,0,H,20,5,11,1,8,1,9,7,2,3,0,1
2013/14,2013-08-21,Chelsea FC,Aston Villa FC,2,1,H,1,1,D,15,7,3,3,1,2,12,13,1,4,0,0
2013/14,2013-08-24,Aston Villa FC,Liverpool FC,0,1,A,0,1,A,17,5,3,1,8,2,9,8,3,3,0,0
2013/14,2013-08-24,Everton FC,West Bromwich Albion FC,0,0,D,0,0,D,22,7,8,2,11,1,14,15,1,1,0,0
2013/14,2013-08-24,Fulham FC,Arsenal FC,1,3,A,0,2,A,16,18,7,7,1,8,10,8,2,2,0,0
2013/14,2013-08-24,Hull City FC,Norwich City FC,1,0,H,1,0,H,6,13,1,4,1,5,14,19,1,1,1,0
2013/14,2013-08-24,Newcastle United FC,West Ham United FC,0,0,D,0,0,D,16,6,0,1,5,4,12,14,0,1,0,0
2013/14,2013-08-24,Southampton FC,Sunderland AFC,1,1,D,0,1,A,17,8,6,3,5,2,12,13,2,2,0,0
2013/14,2013-08-24,Stoke City FC,Crystal Palace FC,2,1,H,0,1,A,14,14,5,5,7,0,13,6,3,0,0,0
2013/14,2013-08-25,Cardiff City FC,Manchester City FC,3,2,H,0,0,D,9,16,6,5,3,8,2,9,0,0,0,0
2013/14,2013-08-25,Tottenham Hotspur FC,Swansea City FC,1,0,H,0,0,D,19,7,5,5,8,3,10,15,1,4,0,0
2013/14,2013-08-26,Manchester United FC,Chelsea FC,0,0,D,0,0,D,13,8,3,4,4,1,9,9,0,2,0,0
2013/14,2013-08-31,Cardiff City FC,Everton FC,0,0,D,0,0,D,4,13,1,3,4,5,11,9,1,1,0,0
2013/14,2013-08-31,Crystal Palace FC,Sunderland AFC,3,1,H,1,0,H,17,10,6,2,6,6,6,6,1,0,0,1
2013/14,2013-08-31,Manchester City FC,Hull City FC,2,0,H,0,0,D,12,7,6,2,7,4,15,14,2,3,0,0
2013/14,2013-08-31,Newcastle United FC,Fulham FC,1,0,H,0,0,D,24,3,9,2,13,2,13,9,2,2,0,0
2013/14,2013-08-31,Norwich City FC,Southampton FC,1,0,H,0,0,D,15,11,4,2,5,5,11,15,0,0,0,0
2013/14,2013-08-31,West Ham United FC,Stoke City FC,0,1,A,0,0,D,9,15,0,5,3,4,10,12,2,1,0,0
2013/14,2013-09-01,Arsenal FC,Tottenham Hotspur FC,1,0,H,1,0,H,12,14,5,4,3,6,15,14,2,2,0,0
2013/14,2013-09-01,Liverpool FC,Manchester United FC,1,0,H,1,0,H,10,10,5,4,2,7,15,15,2,4,0,0
2013/14,2013-09-01,West Bromwich Albion FC,Swansea City FC,0,2,A,0,1,A,10,12,1,4,2,3,10,14,4,3,0,0
2013/14,2013-09-14,Aston Villa FC,Newcastle United FC,1,2,A,0,1,A,10,17,1,8,4,2,9,11,1,4,0,0
2013/14,2013-09-14,Everton FC,Chelsea FC,1,0,H,1,0,H,11,22,5,5,5,7,10,12,0,4,0,0
2013/14,2013-09-14,Fulham FC,West Bromwich Albion FC,1,1,D,1,0,H,12,12,2,4,4,5,9,12,0,1,0,0
2013/14,2013-09-14,Hull City FC,Cardiff City FC,1,1,D,1,0,H,18,10,5,2,6,2,8,8,1,2,0,0
2013/14,2013-09-14,Manchester United FC,Crystal Palace FC,2,0,H,1,0,H,19,4,7,0,10,1,8,11,1,2,0,1
2013/14,2013-09-14,Stoke City FC,Manchester City FC,0,0,D,0,0,D,11,10,3,3,2,4,13,11,1,1,0,0
2013/14,2013-09-14,Sunderland AFC,Arsenal FC,1,3,A,0,1,A,17,14,2,6,6,7,12,10,1,2,0,0
2013/14,2013-09-14,Tottenham Hotspur FC,Norwich City FC,2,0,H,1,0,H,23,4,7,1,8,1,2,12,1,3,0,0
2013/14,2013-09-15,Southampton FC,West Ham United FC,0,0,D,0,0,D,15,6,5,1,10,4,12,10,1,3,0,0
2013/14,2013-09-16,Swansea City FC,Liverpool FC,2,2,D,1,2,A,17,12,8,5,3,7,7,10,2,3,0,0
2013/14,2013-09-21,Chelsea FC,Fulham FC,2,0,H,0,0,D,26,4,10,1,13,3,11,9,0,0,0,0
2013/14,2013-09-21,Liverpool FC,Southampton FC,0,1,A,0,0,D,10,12,5,7,6,6,6,9,0,1,0,0
2013/14,2013-09-21,Newcastle United FC,Hull City FC,2,3,A,2,1,H,15,12,2,5,3,3,11,8,1,1,0,0
2013/14,2013-09-21,Norwich City FC,Aston Villa FC,0,1,A,0,1,A,12,16,1,4,7,4,15,10,1,0,0,0
2013/14,2013-09-21,West Bromwich Albion FC,Sunderland AFC,3,0,H,1,0,H,13,7,4,0,5,6,9,10,0,2,0,0
2013/14,2013-09-21,West Ham United FC,Everton FC,2,3,A,1,0,H,9,10,1,4,5,5,16,12,2,1,1,0
2013/14,2013-09-22,Arsenal FC,Stoke City FC,3,1,H,2,1,H,16,9,8,3,6,7,8,15,0,2,0,0
2013/14,2013-09-22,Cardiff City FC,Tottenham Hotspur FC,0,1,A,0,0,D,6,29,0,12,2,12,5,7,1,4,0,0
2013/14,2013-09-22,Crystal Palace FC,Swansea City FC,0,2,A,0,1,A,9,15,1,7,6,7,13,9,2,2,0,0
2013/14,2013-09-22,Manchester City FC,Manchester United FC,4,1,H,2,0,H,18,14,5,3,8,4,8,12,1,2,0,0
2013/14,2013-09-28,Aston Villa FC,Manchester City FC,3,2,H,0,1,A,8,20,4,7,2,13,13,9,1,1,0,0
2013/14,2013-09-28,Fulham FC,Cardiff City FC,1,2,A,1,1,D,9,22,5,4,11,10,14,13,1,1,0,0
2013/14,2013-09-28,Hull City FC,West Ham United FC,1,0,H,1,0,H,9,18,2,5,6,6,11,12,1,2,0,0
2013/14,2013-09-28,Manchester United FC,West Bromwich Albion FC,1,2,A,0,0,D,14,12,6,4,5,8,10,14,3,2,0,0
2013/14,2013-09-28,Southampton FC,Crystal Palace FC,2,0,H,0,0,D,12,8,3,0,8,2,11,12,1,2,0,0
2013/14,2013-09-28,Swansea City FC,Arsenal FC,1,2,A,0,0,D,10,10,3,4,4,3,5,11,3,2,0,0
2013/14,2013-09-28,Tottenham Hotspur FC,Chelsea FC,1,1,D,1,0,H,12,11,4,5,4,5,14,14,5,1,0,1
2013/14,2013-09-29,Stoke City FC,Norwich City FC,0,1,A,0,1,A,8,8,1,3,7,3,14,12,2,1,0,0
2013/14,2013-09-29,Sunderland AFC,Liverpool FC,1,3,A,0,2,A,23,15,5,6,10,8,8,10,2,1,0,0
2013/14,2013-09-30,Everton FC,Newcastle United FC,3,2,H,3,0,H,18,15,7,6,1,1,5,15,3,1,0,0
2013/14,2013-10-05,Cardiff City FC,Newcastle United FC,1,2,A,0,2,A,8,20,2,10,3,3,11,8,1,0,0,0
2013/14,2013-10-05,Fulham FC,Stoke City FC,1,0,H,0,0,D,9,16,2,3,7,5,11,13,3,2,0,0
2013/14,2013-10-05,Hull City FC,Aston Villa FC,0,0,D,0,0,D,6,18,1,4,7,7,7,11,2,1,0,0
2013/14,2013-10-05,Liverpool FC,Crystal Palace FC,3,1,H,3,0,H,13,11,7,2,11,3,11,6,2,1,0,0
2013/14,2013-10-05,Manchester City FC,Everton FC,3,1,H,2,1,H,12,6,6,4,8,1,15,10,5,4,0,0
2013/14,2013-10-05,Sunderland AFC,Manchester United FC,1,2,A,1,0,H,6,13,2,6,4,4,15,13,2,4,0,0
2013/14,2013-10-06,Norwich City FC,Chelsea FC,1,3,A,0,1,A,14,22,3,8,4,6,12,9,1,1,0,0
2013/14,2013-10-06,Southampton FC,Swansea City FC,2,0,H,1,0,H,12,17,4,7,7,4,13,8,3,1,0,0
2013/14,2013-10-06,Tottenham Hotspur FC,West Ham United FC,0,3,A,0,0,D,14,16,4,5,6,7,5,9,0,0,0,0
2013/14,2013-10-06,West Bromwich Albion FC,Arsenal FC,1,1,D,1,0,H,12,14,4,5,6,2,6,11,1,2,0,0
2013/14,2013-10-19,Arsenal FC,Norwich City FC,4,1,H,1,0,H,20,12,11,6,10,1,8,7,0,0,0,0
2013/14,2013-10-19,Chelsea FC,Cardiff City FC,4,1,H,1,1,D,20,13,7,3,6,9,12,5,1,2,0,0
2013/14,2013-10-19,Everton FC,Hull City FC,2,1,H,1,1,D,14,9,6,1,5,7,7,17,3,1,0,0
2013/14,2013-10-19,Manchester United FC,Southampton FC,1,1,D,1,0,H,12,18,5,7,4,4,10,19,2,3,0,0
2013/14,2013-10-19,Newcastle United FC,Liverpool FC,2,2,D,1,1,D,14,23,4,7,3,13,8,10,2,3,1,0
2013/14,2013-10-19,Stoke City FC,West Bromwich Albion FC,0,0,D,0,0,D,9,12,3,5,6,6,12,10,1,0,0,0
2013/14,2013-10-19,Swansea City FC,Sunderland AFC,4,0,H,0,0,D,14,6,6,1,7,2,12,13,1,2,0,0
2013/14,2013-10-19,West Ham United FC,Manchester City FC,1,3,A,0,1,A,11,16,2,9,5,5,7,12,1,2,0,0
2013/14,2013-10-20,Aston Villa FC,Tottenham Hotspur FC,0,2,A,0,1,A,15,13,2,6,4,7,13,12,3,4,0,0
2013/14,2013-10-21,Crystal Palace FC,Fulham FC,1,4,A,1,2,A,14,9,4,6,5,7,10,13,0,1,0,0
2013/14,2013-10-26,Aston Villa FC,Everton FC,0,2,A,0,0,D,14,15,3,4,8,6,14,8,0,2,0,0
2013/14,2013-10-26,Crystal Palace FC,Arsenal FC,0,2,A,0,0,D,13,10,4,4,4,3,12,8,0,0,0,1
2013/14,2013-10-26,Liverpool FC,West Bromwich Albion FC,4,1,H,2,0,H,18,15,7,3,3,9,14,11,0,2,0,0
2013/14,2013-10-26,Manchester United FC,Stoke City FC,3,2,H,1,2,A,19,10,5,5,12,2,8,18,2,6,0,0
2013/14,2013-10-26,Norwich City FC,Cardiff City FC,0,0,D,0,0,D,31,6,10,4,13,2,8,10,1,1,0,0
2013/14,2013-10-26,Southampton FC,Fulham FC,2,0,H,2,0,H,20,1,6,0,10,3,12,8,0,2,0,0
2013/14,2013-10-27,Chelsea FC,Manchester City FC,2,1,H,1,0,H,12,15,4,6,3,6,11,15,2,3,0,0
2013/14,2013-10-27,Sunderland AFC,Newcastle United FC,2,1,H,1,0,H,8,16,4,4,5,3,13,14,1,1,0,0
2013/14,2013-10-27,Swansea City FC,West Ham United FC,0,0,D,0,0,D,10,15,5,4,9,6,12,14,1,3,0,0
2013/14,2013-10-27,Tottenham Hotspur FC,Hull City FC,1,0,H,0,0,D,15,10,6,4,6,4,13,10,3,3,0,0
2013/14,2013-11-02,Arsenal FC,Liverpool FC,2,0,H,1,0,H,12,12,7,4,3,5,11,7,2,1,0,0
2013/14,2013-11-02,Fulham FC,Manchester United FC,1,3,A,0,3,A,15,10,6,4,4,4,6,12,2,1,0,0
2013/14,2013-11-02,Hull City FC,Sunderland AFC,1,0,H,1,0,H,25,9,2,1,4,2,17,11,2,0,0,2
2013/14,2013-11-02,Manchester City FC,Norwich City FC,7,0,H,4,0,H,27,7,9,1,10,3,6,9,1,1,0,0
2013/14,2013-11-02,Newcastle United FC,Chelsea FC,2,0,H,0,0,D,15,13,8,2,3,8,13,11,2,2,0,0
2013/14,2013-11-02,Stoke City FC,Southampton FC,1,1,D,1,1,D,9,10,3,2,5,5,13,13,3,1,0,0
2013/14,2013-11-02,West Bromwich Albion FC,Crystal Palace FC,2,0,H,1,0,H,9,12,4,4,10,3,11,9,0,1,0,0
2013/14,2013-11-02,West Ham United FC,Aston Villa FC,0,0,D,0,0,D,17,8,4,2,5,1,8,15,0,2,0,0
2013/14,2013-11-03,Cardiff City FC,Swansea City FC,1,0,H,0,0,D,9,10,3,3,6,3,11,7,1,1,0,1
2013/14,2013-11-03,Everton FC,Tottenham Hotspur FC,0,0,D,0,0,D,8,16,1,6,7,4,11,9,4,1,0,0
2013/14,2013-11-09,Aston Villa FC,Cardiff City FC,2,0,H,0,0,D,17,8,6,2,5,3,10,3,1,1,0,0
2013/14,2013-11-09,Chelsea FC,West Bromwich Albion FC,2,2,D,1,0,H,17,11,7,3,9,4,11,15,3,7,0,0
2013/14,2013-11-09,Crystal Palace FC,Everton FC,0,0,D,0,0,D,9,15,2,2,4,7,16,8,1,0,0,0
2013/14,2013-11-09,Liverpool FC,Fulham FC,4,0,H,3,0,H,32,4,10,1,9,3,13,9,0,1,0,0
2013/14,2013-11-09,Norwich City FC,West Ham United FC,3,1,H,0,1,A,15,12,6,4,4,2,12,11,1,1,0,0
2013/14,2013-11-09,Southampton FC,Hull City FC,4,1,H,3,0,H,15,10,7,2,6,5,10,15,1,2,0,0
2013/14,2013-11-10,Manchester United FC,Arsenal FC,1,0,H,1,0,H,5,10,2,2,5,6,12,11,2,3,0,0
2013/14,2013-11-10,Sunderland AFC,Manchester City FC,1,0,H,1,0,H,5,24,2,4,0,14,6,13,0,1,0,0
2013/14,2013-11-10,Swansea City FC,Stoke City FC,3,3,D,0,2,A,17,6,6,3,14,3,12,15,5,3,0,0
2013/14,2013-11-10,Tottenham Hotspur FC,Newcastle United FC,0,1,A,0,1,A,31,8,14,4,11,4,5,15,1,2,0,0
2013/14,2013-11-23,Arsenal FC,Southampton FC,2,0,H,1,0,H,9,10,4,4,5,6,10,14,0,3,0,0
2013/14,2013-11-23,Everton FC,Liverpool FC,3,3,D,1,2,A,18,11,12,5,6,7,16,15,4,3,0,0
2013/14,2013-11-23,Fulham FC,Swansea City FC,1,2,A,0,0,D,9,21,3,5,8,8,11,9,3,1,0,0
2013/14,2013-11-23,Hull City FC,Crystal Palace FC,0,1,A,0,0,D,15,9,2,2,11,4,8,11,2,1,0,1
2013/14,2013-11-23,Newcastle United FC,Norwich City FC,2,1,H,2,0,H,21,10,5,2,6,5,8,7,0,1,0,0
2013/14,2013-11-23,Stoke City FC,Sunderland AFC,2,0,H,1,0,H,17,11,5,3,3,7,11,5,2,1,0,1
2013/14,2013-11-23,West Ham United FC,Chelsea FC,0,3,A,0,2,A,8,20,1,8,8,4,12,10,0,0,0,0
2013/14,2013-11-24,Cardiff City FC,Manchester United FC,2,2,D,1,2,A,14,16,4,5,2,8,15,14,4,2,0,0
2013/14,2013-11-24,Manchester City FC,Tottenham Hotspur FC,6,0,H,3,0,H,15,13,10,5,4,7,7,11,1,3,0,0
2013/14,2013-11-25,West Bromwich Albion FC,Aston Villa FC,2,2,D,2,0,H,11,15,4,7,4,2,9,14,1,2,0,0
2013/14,2013-11-30,Aston Villa FC,Sunderland AFC,0,0,D,0,0,D,13,7,4,1,7,6,14,12,2,1,0,0
2013/14,2013-11-30,Cardiff City FC,Arsenal FC,0,3,A,0,1,A,10,15,4,6,3,3,6,8,0,3,0,0
2013/14,2013-11-30,Everton FC,Stoke City FC,4,0,H,1,0,H,22,4,12,3,9,3,9,16,0,3,0,0
2013/14,2013-11-30,Newcastle United FC,West Bromwich Albion FC,2,1,H,1,0,H,14,14,6,1,3,3,15,15,1,2,0,0
2013/14,2013-11-30,Norwich City FC,Crystal Palace FC,1,0,H,1,0,H,10,13,3,3,5,4,12,14,1,2,0,0
2013/14,2013-11-30,West Ham United FC,Fulham FC,3,0,H,0,0,D,23,10,12,0,6,3,11,8,3,2,0,0
2013/14,2013-12-01,Chelsea FC,Southampton FC,3,1,H,0,1,A,16,9,7,1,8,4,15,14,1,4,0,0
2013/14,2013-12-01,Hull City FC,Liverpool FC,3,1,H,1,1,D,12,9,4,4,2,6,10,16,2,0,0,0
2013/14,2013-12-01,Manchester City FC,Swansea City FC,3,0,H,1,0,H,22,9,7,4,5,4,7,8,1,0,0,0
2013/14,2013-12-01,Tottenham Hotspur FC,Manchester United FC,2,2,D,1,1,D,10,8,4,3,7,7,9,15,1,3,0,0
2013/14,2013-12-03,Crystal Palace FC,West Ham United FC,1,0,H,1,0,H,10,11,5,2,3,4,10,9,1,2,0,0
2013/14,2013-12-04,Arsenal FC,Hull City FC,2,0,H,1,0,H,20,7,7,2,11,1,9,6,0,0,0,0
2013/14,2013-12-04,Fulham FC,Tottenham Hotspur FC,1,2,A,0,0,D,16,18,6,5,9,7,7,16,2,1,0,0
2013/14,2013-12-04,Liverpool FC,Norwich City FC,5,1,H,3,0,H,28,14,12,5,4,0,10,6,3,1,0,0
2013/14,2013-12-04,Manchester United FC,Everton FC,0,1,A,0,0,D,18,15,6,4,7,4,12,12,2,0,0,0
2013/14,2013-12-04,Southampton FC,Aston Villa FC,2,3,A,0,1,A,21,6,9,3,8,2,9,13,3,2,0,0
2013/14,2013-12-04,Stoke City FC,Cardiff City FC,0,0,D,0,0,D,17,14,2,3,2,5,11,12,2,2,0,0
2013/14,2013-12-04,Sunderland AFC,Chelsea FC,3,4,A,1,2,A,12,19,3,5,6,5,15,14,4,3,0,0
2013/14,2013-12-04,Swansea City FC,Newcastle United FC,3,0,H,1,0,H,13,14,5,3,5,1,4,8,0,2,0,0
2013/14,2013-12-04,West Bromwich Albion FC,Manchester City FC,2,3,A,0,2,A,12,15,1,5,3,3,8,10,1,1,0,0
2013/14,2013-12-07,Crystal Palace FC,Cardiff City FC,2,0,H,1,0,H,19,10,5,2,8,3,9,12,0,0,0,0
2013/14,2013-12-07,Liverpool FC,West Ham United FC,4,1,H,1,0,H,32,8,9,1,8,4,9,12,0,3,0,1
2013/14,2013-12-07,Manchester United FC,Newcastle United FC,0,1,A,0,0,D,8,9,4,3,4,4,11,18,0,2,0,0
2013/14,2013-12-07,Southampton FC,Manchester City FC,1,1,D,1,1,D,15,13,4,3,5,4,6,9,0,2,0,0
2013/14,2013-12-07,Stoke City FC,Chelsea FC,3,2,H,1,1,D,9,15,3,6,5,2,14,8,4,1,0,0
2013/14,2013-12-07,Sunderland AFC,Tottenham Hotspur FC,1,2,A,1,1,D,11,22,4,5,4,10,14,9,2,0,0,0
2013/14,2013-12-07,West Bromwich Albion FC,Norwich City FC,0,2,A,0,1,A,26,8,12,3,10,3,10,6,1,3,0,0
2013/14,2013-12-08,Arsenal FC,Everton FC,1,1,D,0,0,D,11,12,5,4,3,2,13,11,0,4,0,0
2013/14,2013-12-08,Fulham FC,Aston Villa FC,2,0,H,2,0,H,22,10,10,2,4,7,12,13,0,2,0,0
2013/14,2013-12-09,Swansea City FC,Hull City FC,1,1,D,0,1,A,11,9,2,2,12,1,8,7,3,3,0,0
2013/14,2013-12-14,Cardiff City FC,West Bromwich Albion FC,1,0,H,0,0,D,11,12,3,2,8,6,16,12,2,1,0,0
2013/14,2013-12-14,Chelsea FC,Crystal Palace FC,2,1,H,2,1,H,16,10,7,5,3,1,13,7,2,1,0,0
2013/14,2013-12-14,Everton FC,Fulham FC,4,1,H,1,0,H,22,16,7,3,12,2,10,7,1,2,0,0
2013/14,2013-12-14,Hull City FC,Stoke City FC,0,0,D,0,0,D,13,11,4,2,7,5,11,13,1,0,0,0
2013/14,2013-12-14,Manchester City FC,Arsenal FC,6,3,H,2,1,H,22,12,7,6,8,8,12,6,2,1,0,0
2013/14,2013-12-14,Newcastle United FC,Southampton FC,1,1,D,1,0,H,16,8,5,3,11,3,10,16,1,2,0,0
2013/14,2013-12-14,West Ham United FC,Sunderland AFC,0,0,D,0,0,D,11,19,2,6,2,9,11,5,1,0,0,0
2013/14,2013-12-15,Aston Villa FC,Manchester United FC,0,3,A,0,2,A,17,14,6,5,3,4,15,8,4,2,0,0
2013/14,2013-12-15,Norwich City FC,Swansea City FC,1,1,D,1,1,D,16,10,3,2,8,5,12,11,0,3,0,0
2013/14,2013-12-15,Tottenham Hotspur FC,Liverpool FC,0,5,A,0,2,A,9,21,0,10,2,9,17,15,3,0,1,0
2013/14,2013-12-21,Crystal Palace FC,Newcastle United FC,0,3,A,0,2,A,9,13,4,6,3,7,11,14,1,2,0,0
2013/14,2013-12-21,Fulham FC,Manchester City FC,2,4,A,0,2,A,12,17,5,10,4,4,7,15,1,1,0,0
2013/14,2013-12-21,Liverpool FC,Cardiff City FC,3,1,H,3,0,H,27,10,7,3,9,5,11,13,2,0,0,0
2013/14,2013-12-21,Manchester United FC,West Ham United FC,3,1,H,2,0,H,21,4,8,1,8,2,7,16,1,4,0,0
2013/14,2013-12-21,Stoke City FC,Aston Villa FC,2,1,H,0,0,D,12,14,2,4,6,7,13,17,1,5,0,0
2013/14,2013-12-21,Sunderland AFC,Norwich City FC,0,0,D,0,0,D,18,14,4,5,6,7,13,10,2,1,1,0
2013/14,2013-12-21,West Bromwich Albion FC,Hull City FC,1,1,D,0,1,A,14,6,3,3,9,2,8,15,2,1,0,0
2013/14,2013-12-22,Southampton FC,Tottenham Hotspur FC,2,3,A,1,1,D,12,13,5,3,2,5,10,18,1,1,0,0
2013/14,2013-12-22,Swansea City FC,Everton FC,1,2,A,0,0,D,13,14,3,6,4,8,11,10,1,0,0,0
2013/14,2013-12-23,Arsenal FC,Chelsea FC,0,0,D,0,0,D,7,13,2,4,8,6,7,11,2,1,0,0
2013/14,2013-12-26,Aston Villa FC,Crystal Palace FC,0,1,A,0,0,D,10,12,4,7,7,5,11,8,2,2,0,0
2013/14,2013-12-26,Cardiff City FC,Southampton FC,0,3,A,0,3,A,9,11,0,6,6,3,11,13,1,2,0,0
2013/14,2013-12-26,Chelsea FC,Swansea City FC,1,0,H,1,0,H,19,8,7,1,13,7,14,9,1,0,0,0
2013/14,2013-12-26,Everton FC,Sunderland AFC,0,1,A,0,1,A,26,13,9,6,11,2,11,7,1,0,1,0
2013/14,2013-12-26,Hull City FC,Manchester United FC,2,3,A,2,2,D,17,13,5,4,6,5,12,14,2,2,0,1
2013/14,2013-12-26,Manchester City FC,Liverpool FC,2,1,H,2,1,H,20,12,6,5,7,6,10,9,1,3,0,0
2013/14,2013-12-26,Newcastle United FC,Stoke City FC,5,1,H,1,1,D,27,11,8,3,8,2,10,8,1,1,0,2
2013/14,2013-12-26,Norwich City FC,Fulham FC,1,2,A,1,1,D,12,15,3,7,5,4,14,10,3,0,0,0
2013/14,2013-12-26,Tottenham Hotspur FC,West Bromwich Albion FC,1,1,D,1,1,D,20,7,3,4,12,2,8,12,3,2,0,0
2013/14,2013-12-26,West Ham United FC,Arsenal FC,1,3,A,0,0,D,12,29,5,8,0,10,11,6,1,1,0,0
2013/14,2013-12-28,Aston Villa FC,Swansea City FC,1,1,D,1,1,D,7,17,3,3,2,8,13,9,3,2,0,0
2013/14,2013-12-28,Cardiff City FC,Sunderland AFC,2,2,D,1,0,H,16,21,7,9,6,6,14,10,3,2,0,0
2013/14,2013-12-28,Hull City FC,Fulham FC,6,0,H,0,0,D,21,5,13,2,6,1,11,9,0,0,0,0
2013/14,2013-12-28,Manchester City FC,Crystal Palace FC,1,0,H,0,0,D,23,9,4,4,12,5,12,7,1,1,0,0
2013/14,2013-12-28,Norwich City FC,Manchester United FC,0,1,A,0,0,D,15,7,4,3,8,3,11,10,4,3,0,0
2013/14,2013-12-28,West Ham United FC,West Bromwich Albion FC,3,3,D,1,2,A,16,22,6,7,6,5,10,13,3,2,0,0
2013/14,2013-12-29,Chelsea FC,Liverpool FC,2,1,H,2,1,H,11,8,5,4,4,2,17,17,4,1,0,0
2013/14,2013-12-29,Everton FC,Southampton FC,2,1,H,1,0,H,9,12,4,2,2,3,9,14,2,4,0,0
2013/14,2013-12-29,Newcastle United FC,Arsenal FC,0,1,A,0,0,D,11,11,3,5,4,1,10,8,0,3,0,0
2013/14,2013-12-29,Tottenham Hotspur FC,Stoke City FC,3,0,H,1,0,H,20,2,7,1,6,1,6,14,2,2,0,0
2013/14,2014-01-01,Arsenal FC,Cardiff City FC,2,0,H,0,0,D,28,8,6,2,12,2,6,11,1,2,0,0
2013/14,2014-01-01,Crystal Palace FC,Norwich City FC,1,1,D,1,1,D,13,8,4,5,9,4,12,10,2,1,0,1
2013/14,2014-01-01,Fulham FC,West Ham United FC,2,1,H,1,1,D,30,11,11,3,12,4,6,5,2,1,0,1
2013/14,2014-01-01,Liverpool FC,Hull City FC,2,0,H,1,0,H,17,10,6,0,3,4,15,15,1,2,0,0
2013/14,2014-01-01,Manchester United FC,Tottenham Hotspur FC,1,2,A,0,1,A,16,9,6,4,13,2,7,7,2,1,0,0
2013/14,2014-01-01,Southampton FC,Chelsea FC,0,3,A,0,0,D,12,11,2,5,6,8,13,10,4,1,0,0
2013/14,2014-01-01,Stoke City FC,Everton FC,1,1,D,0,0,D,10,16,4,4,2,5,16,11,4,1,0,0
2013/14,2014-01-01,Sunderland AFC,Aston Villa FC,0,1,A,0,1,A,17,13,1,5,10,2,8,11,4,3,0,0
2013/14,2014-01-01,Swansea City FC,Manchester City FC,2,3,A,1,1,D,15,14,4,4,8,6,5,10,2,5,0,0
2013/14,2014-01-01,West Bromwich Albion FC,Newcastle United FC,1,0,H,0,0,D,13,9,4,3,3,4,7,15,0,0,0,1
2013/14,2014-01-11,Cardiff City FC,West Ham United FC,0,2,A,0,1,A,19,10,7,3,8,7,7,16,1,3,0,1
2013/14,2014-01-11,Everton FC,Norwich City FC,2,0,H,1,0,H,23,12,5,3,10,5,7,14,1,2,0,0
2013/14,2014-01-11,Fulham FC,Sunderland AFC,1,4,A,0,2,A,17,10,5,6,10,6,15,13,3,3,0,0
2013/14,2014-01-11,Hull City FC,Chelsea FC,0,2,A,0,0,D,10,14,2,5,1,7,12,7,2,1,0,0
2013/14,2014-01-11,Manchester United FC,Swansea City FC,2,0,H,0,0,D,16,13,5,2,3,5,9,10,0,2,0,0
2013/14,2014-01-11,Southampton FC,West Bromwich Albion FC,1,0,H,0,0,D,18,4,5,2,4,4,11,17,1,2,0,0
2013/14,2014-01-11,Tottenham Hotspur FC,Crystal Palace FC,2,0,H,0,0,D,10,14,4,2,5,11,12,12,1,2,0,0
2013/14,2014-01-12,Newcastle United FC,Manchester City FC,0,2,A,0,1,A,13,14,5,6,5,6,18,15,4,2,0,0
2013/14,2014-01-12,Stoke City FC,Liverpool FC,3,5,A,2,2,D,13,13,4,9,11,2,10,8,1,1,0,0
2013/14,2014-01-13,Aston Villa FC,Arsenal FC,1,2,A,0,2,A,11,8,5,4,3,5,12,9,2,2,0,0
2013/14,2014-01-18,Arsenal FC,Fulham FC,2,0,H,0,0,D,22,8,8,2,4,4,5,7,0,0,0,0
2013/14,2014-01-18,Crystal Palace FC,Stoke City FC,1,0,H,0,0,D,12,17,6,2,4,3,9,13,0,2,0,0
2013/14,2014-01-18,Liverpool FC,Aston Villa FC,2,2,D,1,2,A,14,12,6,3,2,3,14,18,1,4,0,0
2013/14,2014-01-18,Manchester City FC,Cardiff City FC,4,2,H,2,1,H,24,7,9,6,10,7,6,5,2,0,0,0
2013/14,2014-01-18,Norwich City FC,Hull City FC,1,0,H,0,0,D,25,10,4,0,10,8,8,16,1,2,0,1
2013/14,2014-01-18,Sunderland AFC,Southampton FC,2,2,D,1,2,A,10,17,5,8,4,7,8,8,2,0,0,0
2013/14,2014-01-18,West Ham United FC,Newcastle United FC,1,3,A,1,2,A,11,19,2,9,4,3,9,6,0,0,0,0
2013/14,2014-01-19,Chelsea FC,Manchester United FC,3,1,H,2,0,H,13,10,6,4,5,4,15,21,1,3,0,1
2013/14,2014-01-19,Swansea City FC,Tottenham Hotspur FC,1,3,A,0,1,A,13,11,3,5,8,2,6,9,2,1,0,0
2013/14,2014-01-20,West Bromwich Albion FC,Everton FC,1,1,D,0,1,A,14,13,6,4,4,2,16,12,3,2,0,0
2013/14,2014-01-28,Crystal Palace FC,Hull City FC,1,0,H,1,0,H,13,13,3,4,8,3,14,8,4,0,0,1
2013/14,2014-01-28,Liverpool FC,Everton FC,4,0,H,3,0,H,20,18,9,4,5,8,11,13,0,3,0,0
2013/14,2014-01-28,Manchester United FC,Cardiff City FC,2,0,H,1,0,H,17,7,5,1,5,5,9,9,0,1,0,0
2013/14,2014-01-28,Norwich City FC,Newcastle United FC,0,0,D,0,0,D,9,22,2,3,7,7,13,7,1,1,1,1
2013/14,2014-01-28,Southampton FC,Arsenal FC,2,2,D,1,0,H,13,7,5,4,7,5,11,4,1,1,0,1
2013/14,2014-01-28,Swansea City FC,Fulham FC,2,0,H,0,0,D,14,15,7,4,5,8,14,9,1,1,0,0
2013/14,2014-01-29,Aston Villa FC,West Bromwich Albion FC,4,3,H,3,3,D,10,12,6,4,3,3,15,10,1,3,0,0
2013/14,2014-01-29,Chelsea FC,West Ham United FC,0,0,D,0,0,D,39,1,9,1,13,3,12,11,1,3,0,0
2013/14,2014-01-29,Sunderland AFC,Stoke City FC,1,0,H,1,0,H,16,14,6,5,2,3,16,15,2,2,0,1
2013/14,2014-01-29,Tottenham Hotspur FC,Manchester City FC,1,5,A,0,1,A,4,24,2,10,3,5,11,10,1,4,1,0
2013/14,2014-02-01,Cardiff City FC,Norwich City FC,2,1,H,0,1,A,14,27,5,6,7,14,8,9,1,4,0,0
2013/14,2014-02-01,Everton FC,Aston Villa FC,2,1,H,0,1,A,13,4,6,1,13,1,4,18,1,0,0,0
2013/14,2014-02-01,Fulham FC,Southampton FC,0,3,A,0,0,D,8,17,4,5,4,5,10,9,0,3,0,0
2013/14,2014-02-01,Hull City FC,Tottenham Hotspur FC,1,1,D,1,0,H,9,19,4,3,4,10,13,9,1,1,0,0
2013/14,2014-02-01,Newcastle United FC,Sunderland AFC,0,3,A,0,2,A,28,16,10,5,7,3,18,13,2,2,0,0
2013/14,2014-02-01,Stoke City FC,Manchester United FC,2,1,H,1,0,H,13,19,6,4,7,10,18,7,2,2,0,0
2013/14,2014-02-01,West Ham United FC,Swansea City FC,2,0,H,2,0,H,11,20,4,0,8,11,7,7,1,0,1,0
2013/14,2014-02-02,Arsenal FC,Crystal Palace FC,2,0,H,0,0,D,11,10,6,2,6,5,9,14,1,2,0,0
2013/14,2014-02-02,West Bromwich Albion FC,Liverpool FC,1,1,D,0,1,A,12,12,4,3,3,4,13,15,4,2,0,0
2013/14,2014-02-03,Manchester City FC,Chelsea FC,0,1,A,0,1,A,25,18,3,6,12,6,11,13,3,3,0,0
2013/14,2014-02-08,Aston Villa FC,West Ham United FC,0,2,A,0,0,D,16,10,1,2,8,10,9,8,0,2,0,0
2013/14,2014-02-08,Chelsea FC,Newcastle United FC,3,0,H,2,0,H,18,12,8,6,6,5,7,10,0,3,0,0
2013/14,2014-02-08,Crystal Palace FC,West Bromwich Albion FC,3,1,H,2,0,H,10,16,6,6,4,7,13,13,0,3,0,0
2013/14,2014-02-08,Liverpool FC,Arsenal FC,5,1,H,4,0,H,22,11,12,6,6,6,14,14,1,2,0,0
2013/14,2014-02-08,Norwich City FC,Manchester City FC,0,0,D,0,0,D,7,15,2,2,4,14,7,6,2,1,0,0
2013/14,2014-02-08,Southampton FC,Stoke City FC,2,2,D,2,2,D,17,5,5,4,7,4,7,14,0,4,0,0
2013/14,2014-02-08,Sunderland AFC,Hull City FC,0,2,A,0,1,A,7,25,3,9,2,6,12,16,1,3,1,0
2013/14,2014-02-08,Swansea City FC,Cardiff City FC,3,0,H,0,0,D,17,7,6,1,5,1,7,8,1,1,0,0
2013/14,2014-02-09,Manchester United FC,Fulham FC,2,2,D,0,1,A,31,6,9,3,10,1,3,6,0,0,0,0
2013/14,2014-02-09,Tottenham Hotspur FC,Everton FC,1,0,H,0,0,D,8,11,2,3,9,7,9,13,1,0,0,0
2013/14,2014-02-11,Cardiff City FC,Aston Villa FC,0,0,D,0,0,D,12,18,3,6,7,9,5,9,0,0,0,0
2013/14,2014-02-11,Hull City FC,Southampton FC,0,1,A,0,0,D,12,16,4,7,2,2,6,8,0,3,0,0
2013/14,2014-02-11,West Bromwich Albion FC,Chelsea FC,1,1,D,0,1,A,12,15,1,4,5,8,9,13,3,4,0,0
2013/14,2014-02-11,West Ham United FC,Norwich City FC,2,0,H,0,0,D,12,13,7,6,5,5,12,16,1,3,0,0
2013/14,2014-02-12,Arsenal FC,Manchester United FC,0,0,D,0,0,D,17,6,5,2,5,5,10,14,1,2,0,0
2013/14,2014-02-12,Fulham FC,Liverpool FC,2,3,A,1,1,D,10,21,3,7,7,5,7,9,4,3,0,0
2013/14,2014-02-12,Newcastle United FC,Tottenham Hotspur FC,0,4,A,0,1,A,13,15,5,8,8,6,6,11,0,0,0,0
2013/14,2014-02-12,Stoke City FC,Swansea City FC,1,1,D,1,0,H,7,13,4,3,2,5,11,12,2,2,0,0
2013/14,2014-02-22,Arsenal FC,Sunderland AFC,4,1,H,3,0,H,12,7,9,3,7,3,10,11,0,1,0,0
2013/14,2014-02-22,Cardiff City FC,Hull City FC,0,4,A,0,2,A,23,12,5,6,9,2,4,11,1,1,0,0
2013/14,2014-02-22,Chelsea FC,Everton FC,1,0,H,0,0,D,25,8,8,2,8,8,15,12,1,2,0,0
2013/14,2014-02-22,Crystal Palace FC,Manchester United FC,0,2,A,0,0,D,15,14,6,5,6,4,12,10,0,2,0,0
2013/14,2014-02-22,Manchester City FC,Stoke City FC,1,0,H,0,0,D,19,7,7,2,8,3,16,13,3,1,0,0
2013/14,2014-02-22,West Bromwich Albion FC,Fulham FC,1,1,D,0,1,A,16,7,5,3,8,2,13,15,3,3,0,0
2013/14,2014-02-22,West Ham United FC,Southampton FC,3,1,H,2,1,H,10,25,5,5,5,11,10,8,0,1,0,0
2013/14,2014-02-23,Liverpool FC,Swansea City FC,4,3,H,3,2,H,21,14,10,5,3,5,9,11,1,0,0,0
2013/14,2014-02-23,Newcastle United FC,Aston Villa FC,1,0,H,0,0,D,23,10,5,2,10,1,12,10,2,2,0,0
2013/14,2014-02-23,Norwich City FC,Tottenham Hotspur FC,1,0,H,0,0,D,13,9,3,2,5,3,8,15,1,3,0,0
2013/14,2014-03-01,Everton FC,West Ham United FC,1,0,H,0,0,D,22,6,3,1,11,5,9,8,1,1,0,0
2013/14,2014-03-01,Fulham FC,Chelsea FC,1,3,A,0,0,D,7,17,3,8,5,4,14,13,2,1,0,0
2013/14,2014-03-01,Hull City FC,Newcastle United FC,1,4,A,0,2,A,13,17,3,7,6,3,13,10,3,2,0,0
2013/14,2014-03-01,Southampton FC,Liverpool FC,0,3,A,0,1,A,13,12,2,5,3,6,10,6,1,2,0,0
2013/14,2014-03-01,Stoke City FC,Arsenal FC,1,0,H,0,0,D,8,10,4,2,3,4,13,11,3,1,0,0
2013/14,2014-03-02,Aston Villa FC,Norwich City FC,4,1,H,4,1,H,10,7,4,4,6,2,12,10,0,3,0,0
2013/14,2014-03-02,Swansea City FC,Crystal Palace FC,1,1,D,1,0,H,7,7,5,4,1,4,8,11,1,4,1,0
2013/14,2014-03-02,Tottenham Hotspur FC,Cardiff City FC,1,0,H,1,0,H,15,8,6,2,4,7,11,12,1,3,0,0
2013/14,2014-03-08,Cardiff City FC,Fulham FC,3,1,H,1,0,H,19,14,9,6,7,6,9,12,1,0,0,0
2013/14,2014-03-08,Chelsea FC,Tottenham Hotspur FC,4,0,H,0,0,D,12,6,4,2,5,4,11,18,2,3,0,1
2013/14,2014-03-08,Crystal Palace FC,Southampton FC,0,1,A,0,1,A,6,11,1,3,8,3,14,18,1,5,0,0
2013/14,2014-03-08,Norwich City FC,Stoke City FC,1,1,D,0,0,D,13,6,5,3,3,1,9,12,0,2,0,1
2013/14,2014-03-08,West Bromwich Albion FC,Manchester United FC,0,3,A,0,1,A,14,14,3,5,3,5,11,10,1,2,0,0
2013/14,2014-03-15,Aston Villa FC,Chelsea FC,1,0,H,0,0,D,13,15,4,2,4,5,14,8,4,0,0,2
2013/14,2014-03-15,Everton FC,Cardiff City FC,2,1,H,0,0,D,19,10,6,3,10,5,10,10,1,3,0,0
2013/14,2014-03-15,Fulham FC,Newcastle United FC,1,0,H,0,0,D,12,12,3,3,9,7,11,6,1,0,0,0
2013/14,2014-03-15,Hull City FC,Manchester City FC,0,2,A,0,1,A,15,8,5,3,3,4,9,14,2,2,0,1
2013/14,2014-03-15,Southampton FC,Norwich City FC,4,2,H,1,0,H,16,6,6,3,6,1,11,17,1,2,0,0
2013/14,2014-03-15,Stoke City FC,West Ham United FC,3,1,H,1,1,D,17,8,9,2,6,4,13,13,1,1,0,0
2013/14,2014-03-15,Sunderland AFC,Crystal Palace FC,0,0,D,0,0,D,19,12,2,5,6,2,16,14,4,4,0,0
2013/14,2014-03-15,Swansea City FC,West Bromwich Albion FC,1,2,A,1,0,H,15,13,4,4,4,1,7,13,1,3,0,0
2013/14,2014-03-16,Manchester United FC,Liverpool FC,0,3,A,0,1,A,13,17,1,7,3,4,13,12,1,4,1,0
2013/14,2014-03-16,Tottenham Hotspur FC,Arsenal FC,0,1,A,0,1,A,17,7,2,3,5,2,18,11,5,3,0,0
2013/14,2014-03-22,Cardiff City FC,Liverpool FC,3,6,A,2,2,D,9,19,3,9,4,6,14,11,2,3,0,0
2013/14,2014-03-22,Chelsea FC,Arsenal FC,6,0,H,4,0,H,21,12,11,5,7,1,14,8,0,1,0,1
2013/14,2014-03-22,Everton FC,Swansea City FC,3,2,H,1,1,D,9,21,6,7,5,12,9,6,0,0,0,0
2013/14,2014-03-22,Hull City FC,West Bromwich Albion FC,2,0,H,2,0,H,12,17,5,4,4,5,18,13,2,0,0,0
2013/14,2014-03-22,Manchester City FC,Fulham FC,5,0,H,1,0,H,22,6,12,0,13,2,8,15,0,3,0,1
2013/14,2014-03-22,Newcastle United FC,Crystal Palace FC,1,0,H,0,0,D,21,8,8,1,9,5,4,8,0,1,0,0
2013/14,2014-03-22,Norwich City FC,Sunderland AFC,2,0,H,2,0,H,14,10,8,2,8,5,16,20,2,4,0,1
2013/14,2014-03-22,West Ham United FC,Manchester United FC,0,2,A,0,2,A,10,16,1,7,12,7,8,8,2,1,0,0
2013/14,2014-03-23,Aston Villa FC,Stoke City FC,1,4,A,1,3,A,12,10,3,5,5,3,16,10,5,1,0,0
2013/14,2014-03-23,Tottenham Hotspur FC,Southampton FC,3,2,H,1,2,A,15,12,6,4,7,3,9,9,1,2,0,0
2013/14,2014-03-25,Arsenal FC,Swansea City FC,2,2,D,0,1,A,13,8,4,2,7,0,11,12,0,1,0,0
2013/14,2014-03-25,Manchester United FC,Manchester City FC,0,3,A,0,1,A,10,13,4,4,5,8,12,8,2,2,0,0
2013/14,2014-03-25,Newcastle United FC,Everton FC,0,3,A,0,1,A,16,8,3,6,9,8,8,10,0,1,0,0
2013/14,2014-03-26,Liverpool FC,Sunderland AFC,2,1,H,1,0,H,21,12,7,4,3,4,5,15,0,2,0,0
2013/14,2014-03-26,West Ham United FC,Hull City FC,2,1,H,1,0,H,9,10,3,3,4,5,12,9,0,1,0,1
2013/14,2014-03-29,Arsenal FC,Manchester City FC,1,1,D,0,1,A,10,15,3,4,6,6,8,11,1,4,0,0
2013/14,2014-03-29,Crystal Palace FC,Chelsea FC,1,0,H,0,0,D,14,21,4,2,2,13,10,4,4,1,0,0
2013/14,2014-03-29,Manchester United FC,Aston Villa FC,4,1,H,2,1,H,9,10,6,1,0,5,10,16,2,4,0,0
2013/14,2014-03-29,Southampton FC,Newcastle United FC,4,0,H,1,0,H,23,5,11,2,7,5,5,6,0,1,0,0
2013/14,2014-03-29,Stoke City FC,Hull City FC,1,0,H,0,0,D,15,5,3,3,8,1,9,9,2,0,0,0
2013/14,2014-03-29,Swansea City FC,Norwich City FC,3,0,H,2,0,H,16,8,7,4,7,4,15,9,1,2,0,0
2013/14,2014-03-29,West Bromwich Albion FC,Cardiff City FC,3,3,D,2,1,H,16,11,6,5,4,1,12,13,1,1,0,0
2013/14,2014-03-30,Fulham FC,Everton FC,1,3,A,0,0,D,23,14,8,7,5,6,7,4,1,2,0,0
2013/14,2014-03-30,Liverpool FC,Tottenham Hotspur FC,4,0,H,2,0,H,11,15,5,4,5,7,9,9,0,2,0,0
2013/14,2014-03-31,Sunderland AFC,West Ham United FC,1,2,A,0,1,A,26,11,7,6,8,3,11,14,2,4,0,0
2013/14,2014-04-05,Aston Villa FC,Fulham FC,1,2,A,0,0,D,12,16,6,8,2,7,10,13,3,2,0,0
2013/14,2014-04-05,Cardiff City FC,Crystal Palace FC,0,3,A,0,1,A,13,13,4,8,10,3,5,13,2,4,0,0
2013/14,2014-04-05,Chelsea FC,Stoke City FC,3,0,H,1,0,H,18,4,8,2,7,3,8,18,0,0,0,0
2013/14,2014-04-05,Hull City FC,Swansea City FC,1,0,H,1,0,H,8,12,4,2,7,2,6,18,0,2,0,0
2013/14,2014-04-05,Manchester City FC,Southampton FC,4,1,H,3,1,H,15,5,8,1,5,9,9,15,3,0,0,0
2013/14,2014-04-05,Newcastle United FC,Manchester United FC,0,4,A,0,1,A,14,8,4,4,4,5,16,6,1,0,0,0
2013/14,2014-04-05,Norwich City FC,West Bromwich Albion FC,0,1,A,0,1,A,12,8,4,5,7,3,10,11,1,0,0,0
2013/14,2014-04-06,Everton FC,Arsenal FC,3,0,H,2,0,H,14,15,8,5,3,6,6,5,1,2,0,0
2013/14,2014-04-06,West Ham United FC,Liverpool FC,1,2,A,1,1,D,11,17,1,8,4,4,10,9,4,0,0,0
2013/14,2014-04-07,Tottenham Hotspur FC,Sunderland AFC,5,1,H,1,1,D,29,8,11,4,8,2,12,8,0,2,0,0
2013/14,2014-04-12,Crystal Palace FC,Aston Villa FC,1,0,H,0,0,D,14,7,4,4,2,4,7,12,0,2,0,0
2013/14,2014-04-12,Fulham FC,Norwich City FC,1,0,H,1,0,H,14,13,3,3,8,8,10,12,1,3,0,0
2013/14,2014-04-12,Southampton FC,Cardiff City FC,0,1,A,0,0,D,19,6,7,4,5,5,9,7,0,0,0,0
2013/14,2014-04-12,Stoke City FC,Newcastle United FC,1,0,H,1,0,H,10,13,3,1,4,5,12,11,1,1,0,0
2013/14,2014-04-12,Sunderland AFC,Everton FC,0,1,A,0,0,D,24,20,6,3,6,6,17,15,3,1,0,0
2013/14,2014-04-12,West Bromwich Albion FC,Tottenham Hotspur FC,3,3,D,3,1,H,6,20,5,8,2,2,11,8,4,2,0,0
2013/14,2014-04-13,Liverpool FC,Manchester City FC,3,2,H,2,0,H,10,13,4,5,7,7,7,9,1,3,1,0
2013/14,2014-04-13,Swansea City FC,Chelsea FC,0,1,A,0,0,D,7,26,4,3,5,12,8,13,0,2,1,0
2013/14,2014-04-15,Arsenal FC,West Ham United FC,3,1,H,1,1,D,14,12,8,2,4,3,14,12,2,2,0,0
2013/14,2014-04-16,Everton FC,Crystal Palace FC,2,3,A,0,1,A,17,7,5,4,13,3,6,10,1,2,0,0
2013/14,2014-04-16,Manchester City FC,Sunderland AFC,2,2,D,1,0,H,16,11,4,3,3,6,14,10,1,2,0,0
2013/14,2014-04-19,Aston Villa FC,Southampton FC,0,0,D,0,0,D,6,3,1,2,5,3,11,11,0,2,0,0
2013/14,2014-04-19,Cardiff City FC,Stoke City FC,1,1,D,0,1,A,13,14,4,5,12,7,6,12,2,3,0,0
2013/14,2014-04-19,Chelsea FC,Sunderland AFC,1,2,A,1,1,D,31,7,15,3,10,4,11,14,1,2,0,0
2013/14,2014-04-19,Newcastle United FC,Swansea City FC,1,2,A,1,1,D,14,10,4,2,2,8,6,9,2,0,0,0
2013/14,2014-04-19,Tottenham Hotspur FC,Fulham FC,3,1,H,1,1,D,14,11,5,4,4,5,8,11,0,1,0,0
2013/14,2014-04-19,West Ham United FC,Crystal Palace FC,0,1,A,0,0,D,13,11,4,3,3,11,7,16,1,1,0,0
2013/14,2014-04-20,Everton FC,Manchester United FC,2,0,H,2,0,H,17,9,5,2,6,5,9,8,2,2,0,0
2013/14,2014-04-20,Hull City FC,Arsenal FC,0,3,A,0,2,A,13,12,4,6,7,0,10,7,1,1,0,0
2013/14,2014-04-20,Norwich City FC,Liverpool FC,2,3,A,0,2,A,13,14,5,6,8,3,16,10,3,2,0,0
2013/14,2014-04-21,Manchester City FC,West Bromwich Albion FC,3,1,H,3,1,H,19,10,6,3,8,2,9,7,1,1,0,0
2013/14,2014-04-26,Fulham FC,Hull City FC,2,2,D,0,0,D,10,8,3,4,7,2,8,7,1,3,0,0
2013/14,2014-04-26,Manchester United FC,Norwich City FC,4,0,H,1,0,H,25,9,11,2,5,3,13,9,1,1,0,0
2013/14,2014-04-26,Southampton FC,Everton FC,2,0,H,2,0,H,14,9,4,2,4,7,13,12,0,2,0,0
2013/14,2014-04-26,Stoke City FC,Tottenham Hotspur FC,0,1,A,0,1,A,17,16,3,4,4,3,11,6,1,2,1,0
2013/14,2014-04-26,Swansea City FC,Aston Villa FC,4,1,H,2,1,H,11,11,8,3,9,6,9,12,1,3,0,0
2013/14,2014-04-26,West Bromwich Albion FC,West Ham United FC,1,0,H,1,0,H,19,9,6,3,7,6,14,8,0,1,0,0
2013/14,2014-04-27,Crystal Palace FC,Manchester City FC,0,2,A,0,2,A,3,16,2,6,4,8,9,10,3,1,0,0
2013/14,2014-04-27,Liverpool FC,Chelsea FC,0,2,A,0,1,A,26,11,8,4,14,3,9,7,0,4,0,0
2013/14,2014-04-27,Sunderland AFC,Cardiff City FC,4,0,H,2,0,H,21,6,7,1,11,5,10,11,5,3,0,1
2013/14,2014-04-28,Arsenal FC,Newcastle United FC,3,0,H,2,0,H,20,8,8,3,14,0,9,8,3,2,0,0
2013/14,2014-05-03,Aston Villa FC,Hull City FC,3,1,H,3,1,H,15,7,9,2,8,5,14,9,0,0,0,0
2013/14,2014-05-03,Everton FC,Manchester City FC,2,3,A,1,2,A,9,18,4,6,4,3,3,9,0,3,0,0
2013/14,2014-05-03,Manchester United FC,Sunderland AFC,0,1,A,0,1,A,17,8,2,1,8,0,11,12,2,1,0,0
2013/14,2014-05-03,Newcastle United FC,Cardiff City FC,3,0,H,1,0,H,22,16,6,3,10,6,9,6,1,0,0,0
2013/14,2014-05-03,Stoke City FC,Fulham FC,4,1,H,1,0,H,23,10,8,2,3,5,9,13,0,2,0,0
2013/14,2014-05-03,Swansea City FC,Southampton FC,0,1,A,0,0,D,12,18,3,4,3,5,11,5,1,1,0,0
2013/14,2014-05-03,West Ham United FC,Tottenham Hotspur FC,2,0,H,2,0,H,20,12,8,3,10,6,10,16,0,4,0,1
2013/14,2014-05-04,Arsenal FC,West Bromwich Albion FC,1,0,H,1,0,H,15,11,4,1,9,10,9,6,2,2,0,0
2013/14,2014-05-04,Chelsea FC,Norwich City FC,0,0,D,0,0,D,23,6,4,3,5,2,9,17,1,3,0,0
2013/14,2014-05-05,Crystal Palace FC,Liverpool FC,3,3,D,0,1,A,10,26,6,9,7,7,7,12,2,3,0,0
2013/14,2014-05-06,Manchester United FC,Hull City FC,3,1,H,1,0,H,18,2,7,2,8,0,13,9,1,1,0,0
2013/14,2014-05-07,Manchester City FC,Aston Villa FC,4,0,H,0,0,D,18,5,9,0,7,2,8,9,1,2,0,0
2013/14,2014-05-07,Sunderland AFC,West Bromwich Albion FC,2,0,H,2,0,H,10,13,4,3,5,0,14,12,0,0,0,0
2013/14,2014-05-11,Cardiff City FC,Chelsea FC,1,2,A,1,0,H,10,28,4,7,3,8,7,9,1,2,0,0
2013/14,2014-05-11,Fulham FC,Crystal Palace FC,2,2,D,0,1,A,15,15,5,6,6,4,11,15,3,1,0,0
2013/14,2014-05-11,Hull City FC,Everton FC,0,2,A,0,1,A,12,11,3,4,6,4,8,8,0,1,0,0
2013/14,2014-05-11,Liverpool FC,Newcastle United FC,2,1,H,0,1,A,13,8,5,2,6,2,8,16,1,3,0,2
2013/14,2014-05-11,Manchester City FC,West Ham United FC,2,0,H,1,0,H,28,3,7,0,12,1,7,9,2,2,0,0
2013/14,2014-05-11,Norwich City FC,Arsenal FC,0,2,A,0,0,D,11,14,5,8,4,4,6,5,1,0,0,0
2013/14,2014-05-11,Southampton FC,Manchester United FC,1,1,D,1,0,H,15,8,6,2,6,2,16,5,3,2,0,0
2013/14,2014-05-11,Sunderland AFC,Swansea City FC,1,3,A,0,2,A,20,8,4,4,6,3,14,15,2,3,0,0
2013/14,2014-05-11,Tottenham Hotspur FC,Aston Villa FC,3,0,H,3,0,H,12,4,6,1,5,1,11,11,1,0,0,0
2013/14,2014-05-11,West Bromwich Albion FC,Stoke City FC,1,2,A,0,1,A,17,15,4,4,11,6,4,7,0,0,0,0
2014/15,2014-08-16,Arsenal FC,Crystal Palace FC,2,1,H,1,1,D,14,4,6,2,9,3,13,19,2,2,0,1
2014/15,2014-08-16,Leicester City FC,Everton FC,2,2,D,1,2,A,11,13,3,3,3,6,16,10,1,1,0,0
2014/15,2014-08-16,Manchester United FC,Swansea City FC,1,2,A,0,1,A,14,5,5,4,4,0,14,20,2,4,0,0
2014/15,2014-08-16,Queens Park Rangers FC,Hull City FC,0,1,A,0,0,D,19,11,6,4,8,9,10,10,1,2,0,0
2014/15,2014-08-16,Stoke City FC,Aston Villa FC,0,1,A,0,0,D,12,7,2,2,2,8,14,9,0,3,0,0
2014/15,2014-08-16,West Bromwich Albion FC,Sunderland AFC,2,2,D,1,1,D,10,7,5,2,6,3,18,9,3,1,0,0
2014/15,2014-08-16,West Ham United FC,Tottenham Hotspur FC,0,1,A,0,0,D,18,10,4,4,8,5,12,10,1,0,1,1
2014/15,2014-08-17,Liverpool FC,Southampton FC,2,1,H,1,0,H,12,12,5,6,2,6,8,11,1,2,0,0
2014/15,2014-08-17,Newcastle United FC,Manchester City FC,0,2,A,0,1,A,12,13,0,5,3,3,8,11,1,5,0,0
2014/15,2014-08-18,Burnley FC,Chelsea FC,1,3,A,1,3,A,9,11,2,3,4,3,6,7,1,1,0,0
2014/15,2014-08-23,Aston Villa FC,Newcastle United FC,0,0,D,0,0,D,9,11,0,4,7,7,11,8,4,0,0,1
2014/15,2014-08-23,Chelsea FC,Leicester City FC,2,0,H,0,0,D,27,6,10,4,8,7,11,11,0,1,0,0
2014/15,2014-08-23,Crystal Palace FC,West Ham United FC,1,3,A,0,2,A,9,17,4,8,6,9,14,11,1,3,0,0
2014/15,2014-08-23,Everton FC,Arsenal FC,2,2,D,2,0,H,8,13,2,3,3,3,10,18,1,4,0,0
2014/15,2014-08-23,Southampton FC,West Bromwich Albion FC,0,0,D,0,0,D,8,8,2,2,1,5,14,15,1,2,0,0
2014/15,2014-08-23,Swansea City FC,Burnley FC,1,0,H,1,0,H,10,12,5,1,2,3,14,13,2,1,0,0
2014/15,2014-08-24,Hull City FC,Stoke City FC,1,1,D,1,0,H,9,19,2,3,4,5,10,10,1,3,1,0
2014/15,2014-08-24,Sunderland AFC,Manchester United FC,1,1,D,1,1,D,11,10,3,3,4,4,10,15,0,2,0,0
2014/15,2014-08-24,Tottenham Hotspur FC,Queens Park Rangers FC,4,0,H,3,0,H,18,9,5,1,7,6,12,6,0,1,0,0
2014/15,2014-08-25,Manchester City FC,Liverpool FC,3,1,H,1,0,H,9,11,4,3,6,7,13,7,1,1,0,0
2014/15,2014-08-30,Burnley FC,Manchester United FC,0,0,D,0,0,D,9,7,3,2,3,6,10,14,2,2,0,0
2014/15,2014-08-30,Everton FC,Chelsea FC,3,6,A,1,2,A,17,12,7,8,8,2,7,16,1,3,0,0
2014/15,2014-08-30,Manchester City FC,Stoke City FC,0,1,A,0,0,D,16,7,2,2,11,4,14,5,2,1,0,0
2014/15,2014-08-30,Newcastle United FC,Crystal Palace FC,3,3,D,1,1,D,18,12,4,7,11,4,12,19,1,3,0,0
2014/15,2014-08-30,Queens Park Rangers FC,Sunderland AFC,1,0,H,1,0,H,18,16,5,6,4,6,8,9,1,2,0,0
2014/15,2014-08-30,Swansea City FC,West Bromwich Albion FC,3,0,H,2,0,H,15,16,8,2,0,7,10,8,1,2,0,0
2014/15,2014-08-30,West Ham United FC,Southampton FC,1,3,A,1,1,D,4,18,2,8,2,9,11,13,2,1,0,0
2014/15,2014-08-31,Aston Villa FC,Hull City FC,2,1,H,2,0,H,11,9,4,3,3,7,9,10,1,4,0,0
2014/15,2014-08-31,Leicester City FC,Arsenal FC,1,1,D,1,1,D,9,24,3,6,5,10,14,6,3,1,0,0
2014/15,2014-08-31,Tottenham Hotspur FC,Liverpool FC,0,3,A,0,1,A,7,17,1,8,7,3,14,11,0,4,0,0
2014/15,2014-09-13,Arsenal FC,Manchester City FC,2,2,D,0,1,A,15,15,6,8,0,3,11,15,3,4,0,0
2014/15,2014-09-13,Chelsea FC,Swansea City FC,4,2,H,1,1,D,29,11,9,2,7,4,12,11,0,3,0,0
2014/15,2014-09-13,Crystal Palace FC,Burnley FC,0,0,D,0,0,D,14,11,3,3,5,5,12,10,2,3,0,0
2014/15,2014-09-13,Liverpool FC,Aston Villa FC,0,1,A,0,1,A,18,5,1,1,7,6,9,10,2,1,0,0
2014/15,2014-09-13,Southampton FC,Newcastle United FC,4,0,H,2,0,H,10,9,7,4,5,5,15,7,0,2,0,0
2014/15,2014-09-13,Stoke City FC,Leicester City FC,0,1,A,0,0,D,24,8,4,1,13,3,8,15,3,0,0,0
2014/15,2014-09-13,Sunderland AFC,Tottenham Hotspur FC,2,2,D,1,1,D,6,15,1,6,5,5,10,13,5,1,0,0
2014/15,2014-09-13,West Bromwich Albion FC,Everton FC,0,2,A,0,1,A,11,11,1,4,9,1,12,8,2,3,0,0
2014/15,2014-09-14,Manchester United FC,Queens Park Rangers FC,4,0,H,3,0,H,19,9,9,2,3,1,11,8,1,0,0,0
2014/15,2014-09-15,Hull City FC,West Ham United FC,2,2,D,1,0,H,11,16,6,4,3,10,12,7,3,1,0,0
2014/15,2014-09-20,Aston Villa FC,Arsenal FC,0,3,A,0,3,A,6,9,2,3,5,5,11,9,1,3,0,0
2014/15,2014-09-20,Burnley FC,Sunderland AFC,0,0,D,0,0,D,17,14,6,6,5,1,14,14,1,2,0,0
2014/15,2014-09-20,Newcastle United FC,Hull City FC,2,2,D,0,0,D,25,10,7,3,4,2,11,11,4,2,0,0
2014/15,2014-09-20,Queens Park Rangers FC,Stoke City FC,2,2,D,1,1,D,21,8,5,4,10,1,6,15,2,4,0,0
2014/15,2014-09-20,Swansea City FC,Southampton FC,0,1,A,0,0,D,5,11,2,4,2,4,11,15,0,4,1,0
2014/15,2014-09-20,West Ham United FC,Liverpool FC,3,1,H,2,1,H,13,11,7,5,7,5,16,11,4,1,0,0
2014/15,2014-09-21,Everton FC,Crystal Palace FC,2,3,A,1,1,D,17,10,6,3,7,1,8,13,2,2,0,0
2014/15,2014-09-21,Leicester City FC,Manchester United FC,5,3,H,1,2,A,15,16,5,5,2,4,11,9,1,1,0,1
2014/15,2014-09-21,Manchester City FC,Chelsea FC,1,1,D,0,0,D,16,6,4,2,14,2,16,12,3,4,1,0
2014/15,2014-09-21,Tottenham Hotspur FC,West Bromwich Albion FC,0,1,A,0,0,D,7,10,1,4,9,7,12,7,2,2,0,0
2014/15,2014-09-27,Arsenal FC,Tottenham Hotspur FC,1,1,D,0,0,D,16,6,6,4,15,5,7,16,3,6,0,0
2014/15,2014-09-27,Chelsea FC,Aston Villa FC,3,0,H,1,0,H,17,7,8,1,9,2,11,9,2,2,0,0
2014/15,2014-09-27,Crystal Palace FC,Leicester City FC,2,0,H,0,0,D,16,7,6,1,6,6,14,9,0,2,0,0
2014/15,2014-09-27,Hull City FC,Manchester City FC,2,4,A,2,2,D,10,20,5,6,3,8,10,6,0,2,0,0
2014/15,2014-09-27,Liverpool FC,Everton FC,1,1,D,0,0,D,24,11,8,5,8,2,8,9,2,1,0,0
2014/15,2014-09-27,Manchester United FC,West Ham United FC,2,1,H,2,1,H,8,13,3,4,7,10,10,12,1,3,1,0
2014/15,2014-09-27,Southampton FC,Queens Park Rangers FC,2,1,H,0,0,D,19,10,9,2,6,3,12,11,2,1,0,0
2014/15,2014-09-27,Sunderland AFC,Swansea City FC,0,0,D,0,0,D,15,7,3,1,10,1,13,15,2,1,0,1
2014/15,2014-09-28,West Bromwich Albion FC,Burnley FC,4,0,H,2,0,H,20,10,6,2,10,2,7,9,1,2,0,0
2014/15,2014-09-29,Stoke City FC,Newcastle United FC,1,0,H,1,0,H,12,16,3,1,2,10,20,15,1,2,0,0
2014/15,2014-10-04,Aston Villa FC,Manchester City FC,0,2,A,0,0,D,6,27,1,7,0,7,4,6,0,1,0,0
2014/15,2014-10-04,Hull City FC,Crystal Palace FC,2,0,H,0,0,D,15,11,2,2,6,7,6,14,1,2,0,0
2014/15,2014-10-04,Leicester City FC,Burnley FC,2,2,D,2,1,H,15,10,6,4,9,3,16,12,2,2,0,0
2014/15,2014-10-04,Liverpool FC,West Bromwich Albion FC,2,1,H,1,0,H,19,8,7,4,5,5,12,15,2,2,0,0
2014/15,2014-10-04,Sunderland AFC,Stoke City FC,3,1,H,2,1,H,8,11,3,5,7,4,10,17,3,4,0,0
2014/15,2014-10-04,Swansea City FC,Newcastle United FC,2,2,D,1,1,D,11,9,5,4,3,1,11,15,1,3,0,0
2014/15,2014-10-05,Chelsea FC,Arsenal FC,2,0,H,1,0,H,5,10,3,0,2,2,14,10,4,3,0,0
2014/15,2014-10-05,Manchester United FC,Everton FC,2,1,H,1,0,H,15,10,4,6,11,6,18,11,4,3,0,0
2014/15,2014-10-05,Tottenham Hotspur FC,Southampton FC,1,0,H,1,0,H,9,7,4,3,10,5,15,9,2,1,0,0
2014/15,2014-10-05,West Ham United FC,Queens Park Rangers FC,2,0,H,1,0,H,11,10,3,3,7,5,10,11,2,2,0,0
2014/15,2014-10-18,Arsenal FC,Hull City FC,2,2,D,1,1,D,25,4,9,4,10,0,9,13,2,2,0,0
2014/15,2014-10-18,Burnley FC,West Ham United FC,1,3,A,0,0,D,17,22,3,6,5,7,3,10,0,1,0,0
2014/15,2014-10-18,Crystal Palace FC,Chelsea FC,1,2,A,0,1,A,7,14,4,5,3,2,13,7,1,1,1,1
2014/15,2014-10-18,Everton FC,Aston Villa FC,3,0,H,1,0,H,15,10,6,2,3,4,11,16,2,2,0,0
2014/15,2014-10-18,Manchester City FC,Tottenham Hotspur FC,4,1,H,2,1,H,20,19,12,7,3,4,11,9,1,2,0,1
2014/15,2014-10-18,Newcastle United FC,Leicester City FC,1,0,H,0,0,D,19,7,6,2,10,7,13,15,0,3,0,0
2014/15,2014-10-18,Southampton FC,Sunderland AFC,8,0,H,3,0,H,20,12,11,1,5,6,11,8,1,3,0,0
2014/15,2014-10-19,Queens Park Rangers FC,Liverpool FC,2,3,A,0,0,D,15,15,6,5,7,2,10,15,2,3,0,0
2014/15,2014-10-19,Stoke City FC,Swansea City FC,2,1,H,1,1,D,17,13,3,5,3,5,17,7,4,1,0,0
2014/15,2014-10-20,West Bromwich Albion FC,Manchester United FC,2,2,D,1,0,H,8,22,2,7,0,11,6,8,1,2,0,0
2014/15,2014-10-25,Liverpool FC,Hull City FC,0,0,D,0,0,D,17,6,4,3,14,1,12,17,3,2,0,0
2014/15,2014-10-25,Southampton FC,Stoke City FC,1,0,H,1,0,H,20,8,2,1,6,3,10,12,0,2,0,0
2014/15,2014-10-25,Sunderland AFC,Arsenal FC,0,2,A,0,1,A,11,15,3,5,3,3,11,9,3,3,0,0
2014/15,2014-10-25,Swansea City FC,Leicester City FC,2,0,H,1,0,H,7,9,3,4,2,2,7,10,0,0,0,0
2014/15,2014-10-25,West Bromwich Albion FC,Crystal Palace FC,2,2,D,0,2,A,17,8,4,6,6,3,14,8,3,1,0,0
2014/15,2014-10-25,West Ham United FC,Manchester City FC,2,1,H,1,0,H,12,21,4,5,4,8,12,14,2,1,0,0
2014/15,2014-10-26,Burnley FC,Everton FC,1,3,A,1,2,A,14,15,3,6,5,4,12,7,4,2,0,0
2014/15,2014-10-26,Manchester United FC,Chelsea FC,1,1,D,0,0,D,19,9,7,4,4,7,13,14,3,5,0,1
2014/15,2014-10-26,Tottenham Hotspur FC,Newcastle United FC,1,2,A,1,0,H,17,8,2,2,10,2,9,12,2,4,0,0
2014/15,2014-10-27,Queens Park Rangers FC,Aston Villa FC,2,0,H,1,0,H,11,15,4,6,2,4,11,14,0,2,0,0
2014/15,2014-11-01,Arsenal FC,Burnley FC,3,0,H,0,0,D,32,6,13,2,18,1,5,9,0,1,0,0
2014/15,2014-11-01,Chelsea FC,Queens Park Rangers FC,2,1,H,1,0,H,18,7,8,1,13,2,8,12,0,0,0,0
2014/15,2014-11-01,Everton FC,Swansea City FC,0,0,D,0,0,D,17,8,3,0,11,0,10,15,2,3,0,1
2014/15,2014-11-01,Hull City FC,Southampton FC,0,1,A,0,1,A,8,10,1,3,7,4,6,9,1,0,0,0
2014/15,2014-11-01,Leicester City FC,West Bromwich Albion FC,0,1,A,0,0,D,14,8,5,3,8,3,5,12,0,1,0,0
2014/15,2014-11-01,Newcastle United FC,Liverpool FC,1,0,H,0,0,D,14,6,3,3,7,2,13,8,4,3,0,0
2014/15,2014-11-01,Stoke City FC,West Ham United FC,2,2,D,1,0,H,21,10,6,2,9,2,14,13,1,1,0,0
2014/15,2014-11-02,Aston Villa FC,Tottenham Hotspur FC,1,2,A,1,0,H,12,18,1,7,3,9,12,11,3,3,1,0
2014/15,2014-11-02,Manchester City FC,Manchester United FC,1,0,H,0,0,D,16,9,6,2,7,4,15,9,3,1,0,1
2014/15,2014-11-03,Crystal Palace FC,Sunderland AFC,1,3,A,0,1,A,9,8,1,7,11,2,12,19,0,3,1,0
2014/15,2014-11-08,Burnley FC,Hull City FC,1,0,H,0,0,D,14,12,3,1,7,1,17,17,6,4,0,0
2014/15,2014-11-08,Liverpool FC,Chelsea FC,1,2,A,1,1,D,12,15,4,5,5,7,9,12,2,5,0,0
2014/15,2014-11-08,Manchester United FC,Crystal Palace FC,1,0,H,0,0,D,23,6,5,1,11,4,8,12,1,3,0,0
2014/15,2014-11-08,Queens Park Rangers FC,Manchester City FC,2,2,D,1,1,D,17,23,4,6,7,7,9,10,4,2,0,0
2014/15,2014-11-08,Southampton FC,Leicester City FC,2,0,H,0,0,D,18,5,6,0,13,4,10,12,2,2,0,0
2014/15,2014-11-08,West Ham United FC,Aston Villa FC,0,0,D,0,0,D,21,12,5,4,13,2,9,10,0,3,0,0
2014/15,2014-11-09,Sunderland AFC,Everton FC,1,1,D,0,0,D,10,16,3,7,5,4,11,13,1,2,0,0
2014/15,2014-11-09,Swansea City FC,Arsenal FC,2,1,H,0,0,D,11,12,5,4,6,10,10,16,5,5,0,0
2014/15,2014-11-09,Tottenham Hotspur FC,Stoke City FC,1,2,A,0,2,A,14,11,4,4,5,5,20,13,3,2,1,0
2014/15,2014-11-09,West Bromwich Albion FC,Newcastle United FC,0,2,A,0,1,A,10,8,2,3,7,4,12,6,0,0,0,0
2014/15,2014-11-22,Arsenal FC,Manchester United FC,1,2,A,0,0,D,23,12,9,2,11,5,12,8,2,1,0,0
2014/15,2014-11-22,Chelsea FC,West Bromwich Albion FC,2,0,H,2,0,H,21,5,8,1,15,0,7,9,1,0,0,1
2014/15,2014-11-22,Everton FC,West Ham United FC,2,1,H,1,0,H,14,14,4,3,1,5,10,13,2,3,0,0
2014/15,2014-11-22,Leicester City FC,Sunderland AFC,0,0,D,0,0,D,13,10,4,5,6,9,18,12,2,3,0,0
2014/15,2014-11-22,Manchester City FC,Swansea City FC,2,1,H,1,1,D,23,8,10,3,7,3,13,9,2,1,0,0
2014/15,2014-11-22,Newcastle United FC,Queens Park Rangers FC,1,0,H,0,0,D,14,13,6,4,16,7,12,15,2,3,0,0
2014/15,2014-11-22,Stoke City FC,Burnley FC,1,2,A,1,2,A,25,5,4,4,14,0,10,9,2,2,0,0
2014/15,2014-11-23,Crystal Palace FC,Liverpool FC,3,1,H,1,1,D,15,12,5,1,4,3,21,10,1,2,0,0
2014/15,2014-11-23,Hull City FC,Tottenham Hotspur FC,1,2,A,1,0,H,10,23,2,6,3,9,15,9,3,1,1,0
2014/15,2014-11-24,Aston Villa FC,Southampton FC,1,1,D,1,0,H,7,15,1,4,2,8,15,17,1,2,0,0
2014/15,2014-11-29,Burnley FC,Aston Villa FC,1,1,D,0,1,A,11,18,4,7,1,5,8,8,3,4,0,0
2014/15,2014-11-29,Liverpool FC,Stoke City FC,1,0,H,0,0,D,16,13,3,4,5,5,11,9,0,3,0,0
2014/15,2014-11-29,Manchester United FC,Hull City FC,3,0,H,2,0,H,12,4,6,2,7,0,12,12,2,2,0,0
2014/15,2014-11-29,Queens Park Rangers FC,Leicester City FC,3,2,H,2,1,H,32,19,6,5,11,5,8,17,3,2,0,0
2014/15,2014-11-29,Sunderland AFC,Chelsea FC,0,0,D,0,0,D,12,24,3,6,2,8,13,10,3,2,0,0
2014/15,2014-11-29,Swansea City FC,Crystal Palace FC,1,1,D,1,1,D,18,11,4,5,4,6,6,12,0,2,0,0
2014/15,2014-11-29,West Bromwich Albion FC,Arsenal FC,0,1,A,0,0,D,9,17,1,5,4,4,9,10,2,1,0,0
2014/15,2014-11-29,West Ham United FC,Newcastle United FC,1,0,H,0,0,D,12,7,3,1,6,2,9,16,3,2,0,1
2014/15,2014-11-30,Southampton FC,Manchester City FC,0,3,A,0,0,D,13,15,4,6,8,6,10,13,1,2,0,1
2014/15,2014-11-30,Tottenham Hotspur FC,Everton FC,2,1,H,2,1,H,13,10,6,5,3,4,15,5,5,1,0,0
2014/15,2014-12-02,Burnley FC,Newcastle United FC,1,1,D,1,0,H,12,11,2,4,2,5,12,12,2,2,0,0
2014/15,2014-12-02,Crystal Palace FC,Aston Villa FC,0,1,A,0,1,A,17,5,5,3,8,2,16,15,2,2,0,0
2014/15,2014-12-02,Leicester City FC,Liverpool FC,1,3,A,1,1,D,20,11,4,3,7,4,11,10,1,2,1,0
2014/15,2014-12-02,Manchester United FC,Stoke City FC,2,1,H,1,1,D,10,5,3,4,2,2,8,13,2,4,0,0
2014/15,2014-12-02,Swansea City FC,Queens Park Rangers FC,2,0,H,0,0,D,18,5,7,1,9,2,8,12,2,2,0,0
2014/15,2014-12-02,West Bromwich Albion FC,West Ham United FC,1,2,A,1,2,A,23,11,5,6,7,3,11,17,2,1,0,0
2014/15,2014-12-03,Arsenal FC,Southampton FC,1,0,H,0,0,D,19,6,8,1,9,4,7,14,0,2,0,0
2014/15,2014-12-03,Chelsea FC,Tottenham Hotspur FC,3,0,H,2,0,H,12,10,8,2,1,6,9,9,1,1,0,0
2014/15,2014-12-03,Everton FC,Hull City FC,1,1,D,1,0,H,13,8,5,1,6,4,8,12,1,1,0,0
2014/15,2014-12-03,Sunderland AFC,Manchester City FC,1,4,A,1,2,A,8,15,2,4,2,0,9,8,1,1,0,0
2014/15,2014-12-06,Hull City FC,West Bromwich Albion FC,0,0,D,0,0,D,12,6,2,3,3,2,10,16,1,1,0,0
2014/15,2014-12-06,Liverpool FC,Sunderland AFC,0,0,D,0,0,D,15,7,2,1,5,7,12,15,1,3,0,0
2014/15,2014-12-06,Manchester City FC,Everton FC,1,0,H,1,0,H,19,9,3,2,11,7,8,11,3,3,0,0
2014/15,2014-12-06,Newcastle United FC,Chelsea FC,2,1,H,0,0,D,9,26,3,8,1,10,8,6,2,3,1,0
2014/15,2014-12-06,Queens Park Rangers FC,Burnley FC,2,0,H,0,0,D,11,15,6,3,3,11,12,12,1,1,1,0
2014/15,2014-12-06,Stoke City FC,Arsenal FC,3,2,H,3,0,H,13,15,4,6,3,9,17,14,3,2,0,1
2014/15,2014-12-06,Tottenham Hotspur FC,Crystal Palace FC,0,0,D,0,0,D,14,16,3,4,2,12,11,10,1,0,0,0
2014/15,2014-12-07,Aston Villa FC,Leicester City FC,2,1,H,1,1,D,16,10,7,4,5,5,9,14,4,4,0,1
2014/15,2014-12-07,West Ham United FC,Swansea City FC,3,1,H,1,1,D,15,11,7,2,7,4,11,18,0,1,0,1
2014/15,2014-12-08,Southampton FC,Manchester United FC,1,2,A,1,1,D,15,3,4,2,5,1,12,9,2,1,0,0
2014/15,2014-12-13,Arsenal FC,Newcastle United FC,4,1,H,1,0,H,17,10,4,4,9,6,14,15,2,2,0,0
2014/15,2014-12-13,Burnley FC,Southampton FC,1,0,H,0,0,D,7,15,2,4,2,5,15,11,1,3,0,0
2014/15,2014-12-13,Chelsea FC,Hull City FC,2,0,H,1,0,H,12,8,3,0,5,4,13,13,3,3,0,1
2014/15,2014-12-13,Crystal Palace FC,Stoke City FC,1,1,D,1,1,D,10,7,3,3,9,8,12,11,2,0,0,0
2014/15,2014-12-13,Leicester City FC,Manchester City FC,0,1,A,0,1,A,7,9,1,4,8,2,15,13,0,2,0,0
2014/15,2014-12-13,Sunderland AFC,West Ham United FC,1,1,D,1,1,D,13,19,4,8,6,8,11,18,2,2,0,0
2014/15,2014-12-13,West Bromwich Albion FC,Aston Villa FC,1,0,H,0,0,D,13,7,5,2,4,2,17,12,4,2,0,1
2014/15,2014-12-14,Manchester United FC,Liverpool FC,3,0,H,2,0,H,11,19,6,9,2,7,13,14,4,3,0,0
2014/15,2014-12-14,Swansea City FC,Tottenham Hotspur FC,1,2,A,0,1,A,15,10,3,4,7,9,7,17,3,4,0,0
2014/15,2014-12-15,Everton FC,Queens Park Rangers FC,3,1,H,2,0,H,13,17,5,4,1,8,11,12,1,1,0,0
2014/15,2014-12-20,Aston Villa FC,Manchester United FC,1,1,D,1,0,H,10,16,4,9,3,9,9,10,1,1,1,0
2014/15,2014-12-20,Hull City FC,Swansea City FC,0,1,A,0,1,A,11,13,3,3,4,5,14,16,2,2,0,0
2014/15,2014-12-20,Manchester City FC,Crystal Palace FC,3,0,H,0,0,D,15,6,3,1,8,6,17,5,2,1,0,0
2014/15,2014-12-20,Queens Park Rangers FC,West Bromwich Albion FC,3,2,H,1,2,A,17,16,7,6,5,11,16,8,1,0,0,0
2014/15,2014-12-20,Southampton FC,Everton FC,3,0,H,1,0,H,11,13,3,4,4,6,11,10,1,1,0,0
2014/15,2014-12-20,Tottenham Hotspur FC,Burnley FC,2,1,H,2,1,H,23,9,6,5,9,6,9,8,1,0,0,0
2014/15,2014-12-20,West Ham United FC,Leicester City FC,2,0,H,1,0,H,10,10,2,4,9,4,8,17,0,3,0,0
2014/15,2014-12-21,Liverpool FC,Arsenal FC,2,2,D,1,1,D,27,7,10,3,10,6,6,14,0,3,1,0
2014/15,2014-12-21,Newcastle United FC,Sunderland AFC,0,1,A,0,0,D,15,16,7,3,7,1,15,15,4,4,0,0
2014/15,2014-12-22,Stoke City FC,Chelsea FC,0,2,A,0,1,A,13,15,2,6,6,5,11,4,3,0,0,0
2014/15,2014-12-26,Arsenal FC,Queens Park Rangers FC,2,1,H,1,0,H,15,16,5,2,6,2,6,15,1,4,1,0
2014/15,2014-12-26,Burnley FC,Liverpool FC,0,1,A,0,0,D,16,10,0,3,8,2,7,5,0,1,0,0
2014/15,2014-12-26,Chelsea FC,West Ham United FC,2,0,H,1,0,H,28,6,9,0,8,6,8,14,0,3,0,0
2014/15,2014-12-26,Crystal Palace FC,Southampton FC,1,3,A,0,1,A,11,13,4,6,8,4,15,10,1,0,0,0
2014/15,2014-12-26,Everton FC,Stoke City FC,0,1,A,0,1,A,16,12,5,2,9,3,9,15,2,3,0,0
2014/15,2014-12-26,Leicester City FC,Tottenham Hotspur FC,1,2,A,0,1,A,22,8,6,3,11,1,10,14,1,2,0,0
2014/15,2014-12-26,Manchester United FC,Newcastle United FC,3,1,H,2,0,H,9,8,4,4,4,5,16,9,1,2,0,0
2014/15,2014-12-26,Sunderland AFC,Hull City FC,1,3,A,1,1,D,12,13,3,5,10,4,12,6,4,2,0,0
2014/15,2014-12-26,Swansea City FC,Aston Villa FC,1,0,H,1,0,H,7,11,2,3,4,0,17,12,1,4,0,0
2014/15,2014-12-26,West Bromwich Albion FC,Manchester City FC,1,3,A,0,3,A,18,9,6,5,10,6,5,9,0,1,0,0
2014/15,2014-12-28,Aston Villa FC,Sunderland AFC,0,0,D,0,0,D,14,15,3,3,4,4,4,11,1,4,1,0
2014/15,2014-12-28,Hull City FC,Leicester City FC,0,1,A,0,1,A,18,4,5,2,7,1,12,12,0,1,1,1
2014/15,2014-12-28,Manchester City FC,Burnley FC,2,2,D,2,0,H,17,12,6,3,10,3,18,9,4,1,0,0
2014/15,2014-12-28,Newcastle United FC,Everton FC,3,2,H,1,1,D,13,9,6,2,8,3,13,8,2,2,0,0
2014/15,2014-12-28,Queens Park Rangers FC,Crystal Palace FC,0,0,D,0,0,D,11,10,3,3,9,4,11,17,2,1,0,0
2014/15,2014-12-28,Southampton FC,Chelsea FC,1,1,D,1,1,D,9,7,1,1,4,6,23,14,2,2,1,0
2014/15,2014-12-28,Stoke City FC,West Bromwich Albion FC,2,0,H,0,0,D,13,15,3,4,5,3,11,14,0,2,0,0
2014/15,2014-12-28,Tottenham Hotspur FC,Manchester United FC,0,0,D,0,0,D,9,9,4,5,3,6,11,19,2,4,0,0
2014/15,2014-12-28,West Ham United FC,Arsenal FC,1,2,A,0,2,A,14,21,4,7,7,8,12,13,3,3,0,0
2014/15,2014-12-29,Liverpool FC,Swansea City FC,4,1,H,1,0,H,21,11,11,4,6,3,8,5,1,0,0,0
2014/15,2015-01-01,Aston Villa FC,Crystal Palace FC,0,0,D,0,0,D,14,6,3,0,5,2,11,12,1,1,0,0
2014/15,2015-01-01,Hull City FC,Everton FC,2,0,H,2,0,H,14,9,5,3,4,8,16,15,2,3,0,1
2014/15,2015-01-01,Liverpool FC,Leicester City FC,2,2,D,2,0,H,18,16,6,3,4,5,13,10,2,2,0,0
2014/15,2015-01-01,Manchester City FC,Sunderland AFC,3,2,H,0,0,D,32,4,12,4,10,4,14,7,2,3,0,0
2014/15,2015-01-01,Newcastle United FC,Burnley FC,3,3,D,2,1,H,10,15,4,4,5,5,12,13,2,4,0,0
2014/15,2015-01-01,Queens Park Rangers FC,Swansea City FC,1,1,D,1,0,H,24,25,6,6,4,9,22,5,4,0,0,1
2014/15,2015-01-01,Southampton FC,Arsenal FC,2,0,H,1,0,H,13,11,6,6,2,7,14,7,2,1,0,0
2014/15,2015-01-01,Stoke City FC,Manchester United FC,1,1,D,1,1,D,11,6,2,2,11,7,8,12,0,0,0,0
2014/15,2015-01-01,Tottenham Hotspur FC,Chelsea FC,5,3,H,3,1,H,11,19,8,7,5,3,14,10,3,1,0,0
2014/15,2015-01-01,West Ham United FC,West Bromwich Albion FC,1,1,D,1,1,D,8,14,3,3,0,1,6,13,1,0,0,0
2014/15,2015-01-10,Burnley FC,Queens Park Rangers FC,2,1,H,2,1,H,18,17,7,7,10,6,14,9,2,2,0,0
2014/15,2015-01-10,Chelsea FC,Newcastle United FC,2,0,H,1,0,H,9,11,5,5,7,4,13,13,2,3,0,0
2014/15,2015-01-10,Crystal Palace FC,Tottenham Hotspur FC,2,1,H,0,0,D,21,9,7,5,4,6,9,14,5,3,0,0
2014/15,2015-01-10,Everton FC,Manchester City FC,1,1,D,0,0,D,11,18,4,2,4,9,9,10,1,2,0,0
2014/15,2015-01-10,Leicester City FC,Aston Villa FC,1,0,H,1,0,H,11,12,3,1,6,6,18,6,1,1,1,1
2014/15,2015-01-10,Sunderland AFC,Liverpool FC,0,1,A,0,1,A,5,21,1,4,6,6,12,11,1,4,1,0
2014/15,2015-01-10,Swansea City FC,West Ham United FC,1,1,D,0,1,A,19,11,3,5,4,5,9,7,0,1,0,0
2014/15,2015-01-10,West Bromwich Albion FC,Hull City FC,1,0,H,0,0,D,9,12,3,2,5,2,5,13,1,0,0,0
2014/15,2015-01-11,Arsenal FC,Stoke City FC,3,0,H,2,0,H,14,7,6,2,9,1,11,11,0,3,0,0
2014/15,2015-01-11,Manchester United FC,Southampton FC,0,1,A,0,0,D,10,9,0,1,3,5,9,10,2,3,0,0
2014/15,2015-01-17,Aston Villa FC,Liverpool FC,0,2,A,0,1,A,15,12,4,5,9,5,13,11,1,1,0,0
2014/15,2015-01-17,Burnley FC,Crystal Palace FC,2,3,A,2,1,H,7,11,4,4,5,7,10,20,1,3,0,0
2014/15,2015-01-17,Leicester City FC,Stoke City FC,0,1,A,0,0,D,7,13,3,3,6,5,9,6,1,0,0,0
2014/15,2015-01-17,Newcastle United FC,Southampton FC,1,2,A,1,1,D,16,5,3,3,9,0,9,8,0,2,0,0
2014/15,2015-01-17,Queens Park Rangers FC,Manchester United FC,0,2,A,0,0,D,18,12,4,7,3,3,12,10,3,2,0,0
2014/15,2015-01-17,Swansea City FC,Chelsea FC,0,5,A,0,4,A,11,21,0,11,1,2,9,13,0,0,0,0
2014/15,2015-01-17,Tottenham Hotspur FC,Sunderland AFC,2,1,H,1,1,D,25,8,8,4,6,6,14,8,1,2,0,0
2014/15,2015-01-18,Manchester City FC,Arsenal FC,0,2,A,0,1,A,12,9,4,3,16,3,12,5,3,3,0,0
2014/15,2015-01-18,West Ham United FC,Hull City FC,3,0,H,0,0,D,17,9,6,3,4,7,5,14,1,3,0,0
2014/15,2015-01-19,Everton FC,West Bromwich Albion FC,0,0,D,0,0,D,17,5,4,0,8,1,11,12,3,2,0,0
2014/15,2015-01-31,Chelsea FC,Manchester City FC,1,1,D,1,1,D,3,10,2,5,1,4,12,14,0,2,0,0
2014/15,2015-01-31,Crystal Palace FC,Everton FC,0,1,A,0,1,A,13,14,3,2,6,1,12,14,0,3,0,0
2014/15,2015-01-31,Hull City FC,Newcastle United FC,0,3,A,0,1,A,13,12,8,5,3,3,15,13,4,1,0,0
2014/15,2015-01-31,Liverpool FC,West Ham United FC,2,0,H,0,0,D,21,7,7,2,5,7,12,12,1,1,0,0
2014/15,2015-01-31,Manchester United FC,Leicester City FC,3,1,H,3,0,H,12,4,5,1,4,3,8,12,0,1,0,0
2014/15,2015-01-31,Stoke City FC,Queens Park Rangers FC,3,1,H,2,1,H,15,14,3,4,3,5,11,12,2,2,0,0
2014/15,2015-01-31,Sunderland AFC,Burnley FC,2,0,H,2,0,H,8,13,3,4,6,3,12,12,3,1,0,0
2014/15,2015-01-31,West Bromwich Albion FC,Tottenham Hotspur FC,0,3,A,0,2,A,13,14,4,4,6,3,8,13,2,1,0,0
2014/15,2015-02-01,Arsenal FC,Aston Villa FC,5,0,H,1,0,H,13,9,8,2,7,7,6,10,0,2,0,0
2014/15,2015-02-01,Southampton FC,Swansea City FC,0,1,A,0,0,D,15,6,6,1,9,0,11,9,1,1,1,0
2014/15,2015-02-07,Aston Villa FC,Chelsea FC,1,2,A,0,1,A,8,12,1,5,7,7,8,7,3,2,0,0
2014/15,2015-02-07,Everton FC,Liverpool FC,0,0,D,0,0,D,6,17,1,6,3,6,11,7,4,1,0,0
2014/15,2015-02-07,Leicester City FC,Crystal Palace FC,0,1,A,0,0,D,19,14,5,2,8,6,15,6,4,1,0,0
2014/15,2015-02-07,Manchester City FC,Hull City FC,1,1,D,0,1,A,18,7,5,3,13,1,9,8,2,4,0,0
2014/15,2015-02-07,Queens Park Rangers FC,Southampton FC,0,1,A,0,0,D,12,16,3,5,3,4,13,16,2,2,0,0
2014/15,2015-02-07,Swansea City FC,Sunderland AFC,1,1,D,0,1,A,16,4,7,1,7,1,11,13,3,4,0,0
2014/15,2015-02-07,Tottenham Hotspur FC,Arsenal FC,2,1,H,0,1,A,23,7,8,3,10,3,8,12,3,5,0,0
2014/15,2015-02-08,Burnley FC,West Bromwich Albion FC,2,2,D,2,1,H,12,12,5,5,5,6,10,15,0,4,0,0
2014/15,2015-02-08,Newcastle United FC,Stoke City FC,1,1,D,0,0,D,9,7,3,3,5,8,14,17,2,4,0,0
2014/15,2015-02-08,West Ham United FC,Manchester United FC,1,1,D,0,0,D,13,18,6,6,9,9,7,13,2,2,0,1
2014/15,2015-02-10,Arsenal FC,Leicester City FC,2,1,H,2,0,H,17,11,7,4,6,6,13,14,2,2,0,0
2014/15,2015-02-10,Hull City FC,Aston Villa FC,2,0,H,1,0,H,10,11,4,4,3,7,16,11,1,2,0,0
2014/15,2015-02-10,Liverpool FC,Tottenham Hotspur FC,3,2,H,1,1,D,16,14,7,5,5,7,13,17,3,6,0,0
2014/15,2015-02-10,Sunderland AFC,Queens Park Rangers FC,0,2,A,0,2,A,16,19,5,4,8,4,8,12,2,3,0,0
2014/15,2015-02-11,Chelsea FC,Everton FC,1,0,H,0,0,D,21,7,7,4,10,2,8,13,3,3,0,1
2014/15,2015-02-11,Crystal Palace FC,Newcastle United FC,1,1,D,0,1,A,7,5,3,1,5,2,10,11,1,2,0,0
2014/15,2015-02-11,Manchester United FC,Burnley FC,3,1,H,2,1,H,11,13,7,3,5,8,15,8,4,3,0,0
2014/15,2015-02-11,Southampton FC,West Ham United FC,0,0,D,0,0,D,21,4,7,1,8,2,12,11,2,1,0,1
2014/15,2015-02-11,Stoke City FC,Manchester City FC,1,4,A,1,1,D,17,14,5,8,3,2,6,11,1,2,0,0
2014/15,2015-02-11,West Bromwich Albion FC,Swansea City FC,2,0,H,0,0,D,11,10,4,3,5,4,11,12,2,1,0,0
2014/15,2015-02-21,Aston Villa FC,Stoke City FC,1,2,A,1,1,D,3,11,2,6,11,3,11,14,1,3,1,0
2014/15,2015-02-21,Chelsea FC,Burnley FC,1,1,D,1,0,H,14,10,5,5,7,7,9,9,1,2,1,0
2014/15,2015-02-21,Crystal Palace FC,Arsenal FC,1,2,A,0,2,A,22,12,3,4,10,1,15,14,1,3,0,0
2014/15,2015-02-21,Hull City FC,Queens Park Rangers FC,2,1,H,1,1,D,16,8,6,3,5,7,18,16,0,4,0,1
2014/15,2015-02-21,Manchester City FC,Newcastle United FC,5,0,H,3,0,H,16,8,9,1,7,3,9,8,3,2,0,0
2014/15,2015-02-21,Sunderland AFC,West Bromwich Albion FC,0,0,D,0,0,D,13,5,2,1,11,2,11,12,1,2,0,0
2014/15,2015-02-21,Swansea City FC,Manchester United FC,2,1,H,1,1,D,11,18,6,3,4,10,6,15,2,4,0,0
2014/15,2015-02-22,Everton FC,Leicester City FC,2,2,D,0,0,D,18,15,3,4,4,7,7,6,0,1,0,0
2014/15,2015-02-22,Southampton FC,Liverpool FC,0,2,A,0,1,A,13,6,5,4,6,1,11,14,2,3,0,0
2014/15,2015-02-22,Tottenham Hotspur FC,West Ham United FC,2,2,D,0,1,A,27,12,8,5,7,9,6,12,0,2,0,0
2014/15,2015-02-28,Burnley FC,Swansea City FC,0,1,A,0,0,D,13,8,6,2,6,4,14,8,0,0,0,0
2014/15,2015-02-28,Manchester United FC,Sunderland AFC,2,0,H,0,0,D,30,5,10,3,13,1,6,11,1,1,0,1
2014/15,2015-02-28,Newcastle United FC,Aston Villa FC,1,0,H,1,0,H,14,13,5,3,9,5,6,16,1,5,0,0
2014/15,2015-02-28,Stoke City FC,Hull City FC,1,0,H,0,0,D,17,1,2,0,5,2,9,10,2,2,0,0
2014/15,2015-02-28,West Bromwich Albion FC,Southampton FC,1,0,H,1,0,H,7,12,3,2,2,3,10,17,2,1,0,0
2014/15,2015-02-28,West Ham United FC,Crystal Palace FC,1,3,A,0,1,A,22,12,5,5,11,7,12,19,2,2,0,1
2014/15,2015-03-01,Arsenal FC,Everton FC,2,0,H,1,0,H,17,8,4,2,8,9,12,5,2,0,0,0
2014/15,2015-03-01,Liverpool FC,Manchester City FC,2,1,H,1,1,D,11,8,5,1,3,0,8,16,1,3,0,0
2014/15,2015-03-03,Aston Villa FC,West Bromwich Albion FC,2,1,H,1,0,H,16,3,8,1,0,3,15,13,2,4,0,0
2014/15,2015-03-03,Hull City FC,Sunderland AFC,1,1,D,1,0,H,15,9,5,3,6,4,9,15,2,6,0,0
2014/15,2015-03-03,Southampton FC,Crystal Palace FC,1,0,H,0,0,D,23,9,3,3,10,2,11,10,0,2,0,0
2014/15,2015-03-04,Liverpool FC,Burnley FC,2,0,H,1,0,H,20,9,8,1,6,5,8,14,0,1,0,0
2014/15,2015-03-04,Manchester City FC,Leicester City FC,2,0,H,1,0,H,22,6,9,2,10,3,11,3,0,1,0,0
2014/15,2015-03-04,Newcastle United FC,Manchester United FC,0,1,A,0,0,D,9,11,2,5,4,1,6,14,1,2,0,0
2014/15,2015-03-04,Queens Park Rangers FC,Arsenal FC,1,2,A,0,0,D,10,20,3,9,1,6,10,8,2,1,0,0
2014/15,2015-03-04,Stoke City FC,Everton FC,2,0,H,1,0,H,11,10,3,5,5,6,11,14,2,2,0,0
2014/15,2015-03-04,Tottenham Hotspur FC,Swansea City FC,3,2,H,1,1,D,20,10,7,5,6,4,14,7,1,0,0,0
2014/15,2015-03-04,West Ham United FC,Chelsea FC,0,1,A,0,1,A,18,12,5,3,5,4,10,10,3,4,0,0
2014/15,2015-03-07,Queens Park Rangers FC,Tottenham Hotspur FC,1,2,A,0,1,A,17,13,6,6,3,5,15,12,1,2,0,0
2014/15,2015-03-14,Arsenal FC,West Ham United FC,3,0,H,1,0,H,19,7,9,1,7,5,10,9,1,1,0,0
2014/15,2015-03-14,Burnley FC,Manchester City FC,1,0,H,0,0,D,10,21,4,5,2,6,6,9,2,1,0,0
2014/15,2015-03-14,Crystal Palace FC,Queens Park Rangers FC,3,1,H,3,0,H,15,11,4,4,6,3,17,16,1,3,0,0
2014/15,2015-03-14,Leicester City FC,Hull City FC,0,0,D,0,0,D,15,12,3,5,7,5,10,15,0,4,0,1
2014/15,2015-03-14,Sunderland AFC,Aston Villa FC,0,4,A,0,4,A,12,14,2,8,2,5,10,9,1,1,0,0
2014/15,2015-03-14,West Bromwich Albion FC,Stoke City FC,1,0,H,1,0,H,14,9,5,2,7,5,7,16,1,2,0,0
2014/15,2015-03-15,Chelsea FC,Southampton FC,1,1,D,1,1,D,22,12,7,5,9,2,10,11,3,3,0,0
2014/15,2015-03-15,Everton FC,Newcastle United FC,3,0,H,1,0,H,15,12,9,4,3,4,11,9,1,2,0,1
2014/15,2015-03-15,Manchester United FC,Tottenham Hotspur FC,3,0,H,3,0,H,11,5,3,1,4,2,12,10,1,1,0,0
2014/15,2015-03-16,Swansea City FC,Liverpool FC,0,1,A,0,0,D,10,16,3,5,4,5,13,16,0,3,0,0
2014/15,2015-03-21,Aston Villa FC,Swansea City FC,0,1,A,0,0,D,12,9,3,6,4,9,13,9,0,0,0,0
2014/15,2015-03-21,Manchester City FC,West Bromwich Albion FC,3,0,H,2,0,H,43,3,16,0,9,2,6,5,0,0,0,1
2014/15,2015-03-21,Newcastle United FC,Arsenal FC,1,2,A,0,2,A,16,7,4,3,9,4,11,7,0,0,0,0
2014/15,2015-03-21,Southampton FC,Burnley FC,2,0,H,1,0,H,20,15,3,3,10,5,10,7,0,0,0,0
2014/15,2015-03-21,Stoke City FC,Crystal Palace FC,1,2,A,1,2,A,17,12,4,3,8,4,15,14,3,4,0,0
2014/15,2015-03-21,Tottenham Hotspur FC,Leicester City FC,4,3,H,2,1,H,10,14,4,5,4,4,8,9,2,1,0,0
2014/15,2015-03-21,West Ham United FC,Sunderland AFC,1,0,H,0,0,D,15,7,4,3,6,4,14,11,0,1,0,0
2014/15,2015-03-22,Hull City FC,Chelsea FC,2,3,A,2,2,D,19,8,8,3,6,6,14,11,0,2,0,0
2014/15,2015-03-22,Liverpool FC,Manchester United FC,1,2,A,0,1,A,7,6,1,4,2,3,14,17,2,2,1,0
2014/15,2015-03-22,Queens Park Rangers FC,Everton FC,1,2,A,0,1,A,14,8,1,3,1,3,11,12,2,1,0,0
2014/15,2015-04-04,Arsenal FC,Liverpool FC,4,1,H,3,0,H,16,13,10,2,6,5,7,9,1,0,0,1
2014/15,2015-04-04,Chelsea FC,Stoke City FC,2,1,H,1,1,D,19,7,10,2,9,0,5,22,1,6,0,0
2014/15,2015-04-04,Everton FC,Southampton FC,1,0,H,1,0,H,11,11,1,2,4,10,12,17,0,1,0,0
2014/15,2015-04-04,Leicester City FC,West Ham United FC,2,1,H,1,1,D,20,14,7,7,7,6,12,10,0,3,0,0
2014/15,2015-04-04,Manchester United FC,Aston Villa FC,3,1,H,1,0,H,19,4,7,2,10,2,15,12,0,1,0,0
2014/15,2015-04-04,Swansea City FC,Hull City FC,3,1,H,2,0,H,9,10,4,1,4,7,11,14,1,5,0,1
2014/15,2015-04-04,West Bromwich Albion FC,Queens Park Rangers FC,1,4,A,0,3,A,21,12,6,7,2,4,6,15,2,3,1,0
2014/15,2015-04-05,Burnley FC,Tottenham Hotspur FC,0,0,D,0,0,D,15,12,4,2,5,3,9,5,2,0,0,0
2014/15,2015-04-05,Sunderland AFC,Newcastle United FC,1,0,H,1,0,H,16,10,4,1,8,4,14,18,5,2,0,0
2014/15,2015-04-06,Crystal Palace FC,Manchester City FC,2,1,H,1,0,H,5,22,3,4,4,13,11,11,2,1,0,0
2014/15,2015-04-07,Aston Villa FC,Queens Park Rangers FC,3,3,D,2,1,H,21,11,7,5,7,3,8,12,0,4,0,0
2014/15,2015-04-11,Burnley FC,Arsenal FC,0,1,A,0,1,A,8,17,4,5,1,6,15,7,2,0,0,0
2014/15,2015-04-11,Southampton FC,Hull City FC,2,0,H,0,0,D,9,15,4,4,2,5,7,11,2,0,0,0
2014/15,2015-04-11,Sunderland AFC,Crystal Palace FC,1,4,A,0,0,D,12,14,3,5,8,4,15,17,2,2,0,0
2014/15,2015-04-11,Swansea City FC,Everton FC,1,1,D,0,1,A,11,12,3,8,3,6,18,12,3,3,0,0
2014/15,2015-04-11,Tottenham Hotspur FC,Aston Villa FC,0,1,A,0,1,A,14,10,3,3,9,6,11,12,3,2,0,1
2014/15,2015-04-11,West Bromwich Albion FC,Leicester City FC,2,3,A,2,1,H,8,12,5,4,4,6,15,15,2,2,0,0
2014/15,2015-04-11,West Ham United FC,Stoke City FC,1,1,D,1,0,H,11,18,3,2,4,10,17,13,3,1,0,0
2014/15,2015-04-12,Manchester United FC,Manchester City FC,4,2,H,2,1,H,11,10,7,3,1,5,9,16,0,3,0,0
2014/15,2015-04-12,Queens Park Rangers FC,Chelsea FC,0,1,A,0,0,D,15,9,4,1,5,6,12,6,2,1,0,0
2014/15,2015-04-13,Liverpool FC,Newcastle United FC,2,0,H,1,0,H,14,10,6,3,6,6,8,17,2,0,0,1
2014/15,2015-04-18,Chelsea FC,Manchester United FC,1,0,H,1,0,H,7,15,2,2,3,7,13,11,7,1,0,0
2014/15,2015-04-18,Crystal Palace FC,West Bromwich Albion FC,0,2,A,0,1,A,19,8,4,4,7,6,17,17,3,3,0,0
2014/15,2015-04-18,Everton FC,Burnley FC,1,0,H,1,0,H,21,10,8,1,5,6,12,15,1,2,0,1
2014/15,2015-04-18,Leicester City FC,Swansea City FC,2,0,H,1,0,H,18,10,6,6,6,3,6,5,0,2,0,0
2014/15,2015-04-18,Stoke City FC,Southampton FC,2,1,H,0,1,A,15,12,2,6,2,5,17,17,0,4,0,0
2014/15,2015-04-19,Manchester City FC,West Ham United FC,2,0,H,2,0,H,18,9,3,3,6,3,10,6,2,2,0,0
2014/15,2015-04-19,Newcastle United FC,Tottenham Hotspur FC,1,3,A,0,1,A,11,14,5,8,4,3,11,13,2,4,0,0
2014/15,2015-04-25,Burnley FC,Leicester City FC,0,1,A,0,0,D,12,8,4,4,6,4,16,16,3,0,0,0
2014/15,2015-04-25,Crystal Palace FC,Hull City FC,0,2,A,0,0,D,7,21,3,7,0,9,15,10,0,0,0,0
2014/15,2015-04-25,Manchester City FC,Aston Villa FC,3,2,H,1,0,H,11,13,4,4,7,6,13,11,1,2,0,0
2014/15,2015-04-25,Newcastle United FC,Swansea City FC,2,3,A,1,1,D,12,11,4,6,9,6,14,9,1,2,0,0
2014/15,2015-04-25,Queens Park Rangers FC,West Ham United FC,0,0,D,0,0,D,18,8,7,2,6,6,14,12,1,0,0,0
2014/15,2015-04-25,Southampton FC,Tottenham Hotspur FC,2,2,D,1,1,D,13,7,4,2,8,3,9,10,1,3,0,0
2014/15,2015-04-25,Stoke City FC,Sunderland AFC,1,1,D,1,1,D,23,15,8,5,9,8,14,15,2,3,0,0
2014/15,2015-04-25,West Bromwich Albion FC,Liverpool FC,0,0,D,0,0,D,10,22,4,5,2,4,12,11,1,0,0,0
2014/15,2015-04-26,Arsenal FC,Chelsea FC,0,0,D,0,0,D,12,7,1,3,6,2,17,11,4,3,0,0
2014/15,2015-04-26,Everton FC,Manchester United FC,3,0,H,2,0,H,9,17,7,4,7,7,6,10,0,2,0,0
2014/15,2015-04-28,Hull City FC,Liverpool FC,1,0,H,1,0,H,7,12,4,9,7,7,10,10,2,0,0,0
2014/15,2015-04-29,Leicester City FC,Chelsea FC,1,3,A,1,0,H,8,11,2,4,2,6,10,1,1,0,0,0
2014/15,2015-05-02,Aston Villa FC,Everton FC,3,2,H,2,0,H,11,9,4,5,5,3,13,12,2,1,0,0
2014/15,2015-05-02,Leicester City FC,Newcastle United FC,3,0,H,2,0,H,19,12,7,3,10,7,10,13,1,2,0,2
2014/15,2015-05-02,Liverpool FC,Queens Park Rangers FC,2,1,H,1,0,H,25,10,8,2,9,6,9,18,2,3,0,1
2014/15,2015-05-02,Manchester United FC,West Bromwich Albion FC,0,1,A,0,0,D,26,6,9,3,9,3,10,11,1,0,0,0
2014/15,2015-05-02,Sunderland AFC,Southampton FC,2,1,H,1,1,D,12,11,6,2,1,1,12,13,2,2,0,1
2014/15,2015-05-02,Swansea City FC,Stoke City FC,2,0,H,0,0,D,16,9,4,3,6,2,9,18,1,2,0,1
2014/15,2015-05-02,West Ham United FC,Burnley FC,1,0,H,1,0,H,29,8,7,2,13,3,11,7,3,2,0,1
2014/15,2015-05-03,Chelsea FC,Crystal Palace FC,1,0,H,1,0,H,17,8,7,1,3,6,12,13,2,2,0,0
2014/15,2015-05-03,Tottenham Hotspur FC,Manchester City FC,0,1,A,0,1,A,21,15,5,4,8,7,6,11,3,4,0,0
2014/15,2015-05-04,Hull City FC,Arsenal FC,1,3,A,0,3,A,8,22,1,9,0,5,8,11,2,0,0,0
2014/15,2015-05-09,Aston Villa FC,West Ham United FC,1,0,H,1,0,H,15,5,5,1,2,6,6,13,1,1,0,0
2014/15,2015-05-09,Crystal Palace FC,Manchester United FC,1,2,A,0,1,A,13,13,4,4,7,6,13,12,0,1,0,0
2014/15,2015-05-09,Everton FC,Sunderland AFC,0,2,A,0,0,D,22,10,4,3,15,1,10,9,2,3,0,0
2014/15,2015-05-09,Hull City FC,Burnley FC,0,1,A,0,0,D,21,8,3,2,9,3,16,12,1,1,0,0
2014/15,2015-05-09,Leicester City FC,Southampton FC,2,0,H,2,0,H,10,10,3,3,4,8,12,10,1,0,0,0
2014/15,2015-05-09,Newcastle United FC,West Bromwich Albion FC,1,1,D,1,1,D,15,8,5,3,7,2,11,17,2,3,0,0
2014/15,2015-05-09,Stoke City FC,Tottenham Hotspur FC,3,0,H,2,0,H,17,9,9,3,6,8,14,12,0,0,0,1
2014/15,2015-05-10,Chelsea FC,Liverpool FC,1,1,D,1,1,D,8,15,3,4,6,4,13,11,4,3,0,0
2014/15,2015-05-10,Manchester City FC,Queens Park Rangers FC,6,0,H,2,0,H,23,9,11,3,7,4,12,7,0,1,0,0
2014/15,2015-05-11,Arsenal FC,Swansea City FC,0,1,A,0,0,D,23,8,9,3,6,1,7,10,0,1,0,0
2014/15,2015-05-16,Burnley FC,Stoke City FC,0,0,D,0,0,D,11,11,4,3,7,6,14,9,1,2,0,0
2014/15,2015-05-16,Liverpool FC,Crystal Palace FC,1,3,A,1,1,D,18,15,3,6,4,5,10,17,2,3,0,0
2014/15,2015-05-16,Queens Park Rangers FC,Newcastle United FC,2,1,H,0,1,A,8,22,4,8,3,12,12,8,2,0,0,0
2014/15,2015-05-16,Southampton FC,Aston Villa FC,6,1,H,5,1,H,18,9,11,4,6,3,19,7,1,1,0,0
2014/15,2015-05-16,Sunderland AFC,Leicester City FC,0,0,D,0,0,D,13,11,3,0,8,9,14,15,4,1,0,0
2014/15,2015-05-16,Tottenham Hotspur FC,Hull City FC,2,0,H,0,0,D,10,14,3,2,6,8,10,6,3,1,0,0
2014/15,2015-05-16,West Ham United FC,Everton FC,1,2,A,0,0,D,13,21,3,5,7,8,12,14,1,4,0,0
2014/15,2015-05-17,Manchester United FC,Arsenal FC,1,1,D,1,0,H,12,5,4,3,5,5,16,8,1,0,0,0
2014/15,2015-05-17,Swansea City FC,Manchester City FC,2,4,A,1,2,A,13,22,9,11,11,7,8,8,0,3,0,0
2014/15,2015-05-18,West Bromwich Albion FC,Chelsea FC,3,0,H,1,0,H,9,12,5,3,3,4,12,11,3,2,0,1
2014/15,2015-05-20,Arsenal FC,Sunderland AFC,0,0,D,0,0,D,28,7,8,3,5,2,6,8,1,0,0,0
2014/15,2015-05-24,Arsenal FC,West Bromwich Albion FC,4,1,H,4,0,H,24,14,13,5,7,3,6,7,1,0,0,0
2014/15,2015-05-24,Aston Villa FC,Burnley FC,0,1,A,0,1,A,16,6,5,3,7,2,9,6,1,2,0,0
2014/15,2015-05-24,Chelsea FC,Sunderland AFC,3,1,H,1,1,D,24,17,8,9,11,3,12,8,2,1,0,0
2014/15,2015-05-24,Crystal Palace FC,Swansea City FC,1,0,H,0,0,D,13,5,7,2,7,3,22,13,3,0,0,0
2014/15,2015-05-24,Everton FC,Tottenham Hotspur FC,0,1,A,0,1,A,9,16,1,3,3,5,12,8,1,2,0,0
2014/15,2015-05-24,Hull City FC,Manchester United FC,0,0,D,0,0,D,16,7,6,1,8,1,12,15,2,2,0,1
2014/15,2015-05-24,Leicester City FC,Queens Park Rangers FC,5,1,H,2,0,H,22,18,7,2,5,6,7,6,0,0,0,0
2014/15,2015-05-24,Manchester City FC,Southampton FC,2,0,H,1,0,H,15,13,6,4,8,4,13,8,1,1,0,0
2014/15,2015-05-24,Newcastle United FC,West Ham United FC,2,0,H,0,0,D,17,4,4,1,2,3,9,9,2,1,0,0
2014/15,2015-05-24,Stoke City FC,Liverpool FC,6,1,H,5,0,H,15,13,9,4,3,9,13,4,4,2,0,0
2015/16,2015-08-08,AFC Bournemouth,Aston Villa FC,0,1,A,0,0,D,11,7,2,3,6,3,13,13,3,4,0,0
2015/16,2015-08-08,Chelsea FC,Swansea City FC,2,2,D,2,1,H,11,18,3,10,4,8,15,16,1,3,1,0
2015/16,2015-08-08,Everton FC,Watford FC,2,2,D,0,1,A,10,11,5,5,8,2,7,13,1,2,0,0
2015/16,2015-08-08,Leicester City FC,Sunderland AFC,4,2,H,3,0,H,19,10,8,5,6,3,13,17,2,4,0,0
2015/16,2015-08-08,Manchester United FC,Tottenham Hotspur FC,1,0,H,1,0,H,9,9,1,4,1,2,12,12,2,3,0,0
2015/16,2015-08-08,Norwich City FC,Crystal Palace FC,1,3,A,0,1,A,17,11,6,7,1,4,14,20,1,0,0,0
2015/16,2015-08-09,Arsenal FC,West Ham United FC,0,2,A,0,1,A,22,8,6,4,5,4,12,9,1,3,0,0
2015/16,2015-08-09,Newcastle United FC,Southampton FC,2,2,D,1,1,D,9,15,4,5,6,6,9,12,2,4,0,0
2015/16,2015-08-09,Stoke City FC,Liverpool FC,0,1,A,0,0,D,7,8,1,3,3,5,9,16,2,4,0,0
2015/16,2015-08-10,West Bromwich Albion FC,Manchester City FC,0,3,A,0,2,A,9,19,2,7,6,6,12,9,4,1,0,0
2015/16,2015-08-14,Aston Villa FC,Manchester United FC,0,1,A,0,1,A,5,9,1,2,3,5,14,10,2,2,0,0
2015/16,2015-08-15,Southampton FC,Everton FC,0,3,A,0,2,A,17,10,4,4,9,9,11,10,4,2,0,0
2015/16,2015-08-15,Sunderland AFC,Norwich City FC,1,3,A,0,2,A,6,19,2,6,6,6,7,7,1,2,0,0
2015/16,2015-08-15,Swansea City FC,Newcastle United FC,2,0,H,1,0,H,19,4,6,2,4,4,11,8,2,1,0,1
2015/16,2015-08-15,Tottenham Hotspur FC,Stoke City FC,2,2,D,2,0,H,13,16,7,7,4,3,15,11,2,2,0,0
2015/16,2015-08-15,Watford FC,West Bromwich Albion FC,0,0,D,0,0,D,16,6,5,0,2,4,13,10,1,2,0,0
2015/16,2015-08-15,West Ham United FC,Leicester City FC,1,2,A,0,2,A,10,11,3,6,8,4,11,12,1,3,1,0
2015/16,2015-08-16,Crystal Palace FC,Arsenal FC,1,2,A,1,1,D,11,20,4,7,6,6,14,12,1,1,0,0
2015/16,2015-08-16,Manchester City FC,Chelsea FC,3,0,H,1,0,H,18,10,8,3,5,1,19,13,4,2,0,0
2015/16,2015-08-17,Liverpool FC,AFC Bournemouth,1,0,H,1,0,H,18,13,2,2,6,8,11,18,1,4,0,0
2015/16,2015-08-22,Crystal Palace FC,Aston Villa FC,2,1,H,0,0,D,16,11,6,2,6,4,12,15,3,3,0,0
2015/16,2015-08-22,Leicester City FC,Tottenham Hotspur FC,1,1,D,0,0,D,13,19,2,6,2,7,7,14,1,4,0,0
2015/16,2015-08-22,Manchester United FC,Newcastle United FC,0,0,D,0,0,D,20,7,8,0,11,5,15,11,2,2,0,0
2015/16,2015-08-22,Norwich City FC,Stoke City FC,1,1,D,1,1,D,21,6,7,1,9,0,16,5,4,1,0,0
2015/16,2015-08-22,Sunderland AFC,Swansea City FC,1,1,D,0,1,A,10,20,2,9,3,4,16,9,4,2,0,0
2015/16,2015-08-22,West Ham United FC,AFC Bournemouth,3,4,A,0,2,A,10,15,4,7,5,4,8,11,0,0,1,0
2015/16,2015-08-23,Everton FC,Manchester City FC,0,2,A,0,0,D,10,16,1,9,8,7,5,7,0,3,0,0
2015/16,2015-08-23,Watford FC,Southampton FC,0,0,D,0,0,D,13,14,0,5,5,2,10,11,0,2,0,0
2015/16,2015-08-23,West Bromwich Albion FC,Chelsea FC,2,3,A,1,3,A,15,15,6,5,8,7,9,12,2,1,0,1
2015/16,2015-08-24,Arsenal FC,Liverpool FC,0,0,D,0,0,D,19,15,5,8,7,8,2,13,1,4,0,0
2015/16,2015-08-29,Aston Villa FC,Sunderland AFC,2,2,D,2,1,H,21,7,6,3,5,4,10,14,2,1,0,0
2015/16,2015-08-29,AFC Bournemouth,Leicester City FC,1,1,D,1,0,H,5,4,2,2,4,4,9,19,2,4,0,0
2015/16,2015-08-29,Chelsea FC,Crystal Palace FC,1,2,A,0,0,D,26,13,9,6,7,7,9,15,1,1,0,0
2015/16,2015-08-29,Liverpool FC,West Ham United FC,0,3,A,0,2,A,13,12,1,5,5,7,17,11,3,1,1,1
2015/16,2015-08-29,Manchester City FC,Watford FC,2,0,H,0,0,D,18,7,5,0,9,3,9,12,1,2,0,0
2015/16,2015-08-29,Newcastle United FC,Arsenal FC,0,1,A,0,0,D,1,22,0,9,0,9,15,8,6,1,1,0
2015/16,2015-08-29,Stoke City FC,West Bromwich Albion FC,0,1,A,0,1,A,13,15,5,5,6,5,4,9,1,4,2,0
2015/16,2015-08-29,Tottenham Hotspur FC,Everton FC,0,0,D,0,0,D,20,8,6,3,6,2,20,9,4,1,0,0
2015/16,2015-08-30,Southampton FC,Norwich City FC,3,0,H,1,0,H,23,6,8,1,6,4,4,12,0,0,0,1
2015/16,2015-08-30,Swansea City FC,Manchester United FC,2,1,H,0,0,D,9,11,4,4,0,1,6,15,2,2,0,0
2015/16,2015-09-12,Arsenal FC,Stoke City FC,2,0,H,1,0,H,29,9,12,4,13,1,6,13,1,1,0,0
2015/16,2015-09-12,Crystal Palace FC,Manchester City FC,0,1,A,0,0,D,10,21,2,7,4,4,13,13,2,3,0,0
2015/16,2015-09-12,Everton FC,Chelsea FC,3,1,H,2,1,H,14,15,9,2,7,14,12,12,2,2,0,0
2015/16,2015-09-12,Manchester United FC,Liverpool FC,3,1,H,0,0,D,9,8,3,4,4,4,6,11,1,2,0,0
2015/16,2015-09-12,Norwich City FC,AFC Bournemouth,3,1,H,1,0,H,12,7,4,2,4,4,10,11,2,3,0,0
2015/16,2015-09-12,Watford FC,Swansea City FC,1,0,H,0,0,D,17,8,6,3,1,3,11,14,1,1,1,0
2015/16,2015-09-12,West Bromwich Albion FC,Southampton FC,0,0,D,0,0,D,8,14,1,4,4,5,5,5,1,0,0,0
2015/16,2015-09-13,Leicester City FC,Aston Villa FC,3,2,H,0,1,A,21,11,6,4,4,5,8,13,2,1,0,0
2015/16,2015-09-13,Sunderland AFC,Tottenham Hotspur FC,0,1,A,0,0,D,12,15,2,4,6,8,11,12,2,1,0,0
2015/16,2015-09-14,West Ham United FC,Newcastle United FC,2,0,H,1,0,H,17,14,3,4,6,7,8,11,0,2,0,0
2015/16,2015-09-19,Aston Villa FC,West Bromwich Albion FC,0,1,A,0,1,A,13,11,3,6,2,7,10,11,2,3,0,0
2015/16,2015-09-19,AFC Bournemouth,Sunderland AFC,2,0,H,2,0,H,15,9,5,2,7,3,14,15,2,4,0,1
2015/16,2015-09-19,Chelsea FC,Arsenal FC,2,0,H,0,0,D,22,9,7,2,5,5,12,11,3,1,0,2
2015/16,2015-09-19,Manchester City FC,West Ham United FC,1,2,A,1,2,A,27,6,8,3,16,3,10,7,1,2,0,0
2015/16,2015-09-19,Newcastle United FC,Watford FC,1,2,A,0,2,A,15,13,5,4,5,5,8,12,1,2,0,0
2015/16,2015-09-19,Stoke City FC,Leicester City FC,2,2,D,2,0,H,11,12,4,5,3,4,7,12,1,4,0,0
2015/16,2015-09-19,Swansea City FC,Everton FC,0,0,D,0,0,D,12,17,3,2,2,4,12,11,2,2,0,1
2015/16,2015-09-20,Liverpool FC,Norwich City FC,1,1,D,0,0,D,23,7,7,2,6,2,4,13,1,2,0,0
2015/16,2015-09-20,Southampton FC,Manchester United FC,2,3,A,1,1,D,15,10,8,3,5,5,6,13,2,0,0,0
2015/16,2015-09-20,Tottenham Hotspur FC,Crystal Palace FC,1,0,H,0,0,D,22,12,6,4,6,5,9,11,1,2,0,0
2015/16,2015-09-26,Leicester City FC,Arsenal FC,2,5,A,1,2,A,16,26,7,12,6,5,9,12,1,1,0,0
2015/16,2015-09-26,Liverpool FC,Aston Villa FC,3,2,H,1,0,H,21,10,12,4,11,1,8,13,0,0,0,0
2015/16,2015-09-26,Manchester United FC,Sunderland AFC,3,0,H,1,0,H,12,9,7,4,5,2,12,17,0,3,0,0
2015/16,2015-09-26,Newcastle United FC,Chelsea FC,2,2,D,1,0,H,11,16,5,4,4,6,12,15,1,2,0,0
2015/16,2015-09-26,Southampton FC,Swansea City FC,3,1,H,1,0,H,18,11,7,4,4,3,18,14,3,1,0,0
2015/16,2015-09-26,Stoke City FC,AFC Bournemouth,2,1,H,1,0,H,8,11,5,6,3,7,13,11,1,0,0,0
2015/16,2015-09-26,Tottenham Hotspur FC,Manchester City FC,4,1,H,1,1,D,15,22,8,8,5,9,17,6,5,1,0,0
2015/16,2015-09-26,West Ham United FC,Norwich City FC,2,2,D,1,1,D,19,16,7,7,7,5,7,17,0,0,0,0
2015/16,2015-09-27,Watford FC,Crystal Palace FC,0,1,A,0,0,D,15,16,2,3,6,4,17,22,4,4,0,0
2015/16,2015-09-28,West Bromwich Albion FC,Everton FC,2,3,A,1,0,H,9,12,4,4,6,4,9,8,0,3,0,0
2015/16,2015-10-03,Aston Villa FC,Stoke City FC,0,1,A,0,0,D,13,12,2,5,9,5,12,12,1,0,0,0
2015/16,2015-10-03,AFC Bournemouth,Watford FC,1,1,D,1,1,D,12,11,6,2,5,3,8,13,1,1,0,0
2015/16,2015-10-03,Chelsea FC,Southampton FC,1,3,A,1,1,D,10,13,3,5,4,6,14,14,2,5,0,0
2015/16,2015-10-03,Crystal Palace FC,West Bromwich Albion FC,2,0,H,0,0,D,21,7,8,2,8,3,14,13,3,3,0,0
2015/16,2015-10-03,Manchester City FC,Newcastle United FC,6,1,H,1,1,D,23,6,11,4,6,3,13,8,3,1,0,0
2015/16,2015-10-03,Norwich City FC,Leicester City FC,1,2,A,0,1,A,17,16,2,5,16,8,4,4,0,1,0,0
2015/16,2015-10-03,Sunderland AFC,West Ham United FC,2,2,D,2,1,H,12,20,3,6,1,8,14,11,2,4,1,0
2015/16,2015-10-04,Arsenal FC,Manchester United FC,3,0,H,3,0,H,12,9,5,5,3,6,8,17,1,3,0,0
2015/16,2015-10-04,Everton FC,Liverpool FC,1,1,D,1,1,D,14,13,4,4,5,11,10,19,3,3,0,0
2015/16,2015-10-04,Swansea City FC,Tottenham Hotspur FC,2,2,D,2,1,H,11,19,2,11,5,6,8,19,1,4,0,0
2015/16,2015-10-17,Chelsea FC,Aston Villa FC,2,0,H,1,0,H,9,8,3,1,4,4,22,17,1,3,0,0
2015/16,2015-10-17,Crystal Palace FC,West Ham United FC,1,3,A,1,1,D,6,24,1,4,1,9,9,11,1,3,1,0
2015/16,2015-10-17,Everton FC,Manchester United FC,0,3,A,0,2,A,12,10,3,7,5,3,12,14,2,2,0,0
2015/16,2015-10-17,Manchester City FC,AFC Bournemouth,5,1,H,4,1,H,15,5,11,1,1,7,11,5,2,1,0,0
2015/16,2015-10-17,Southampton FC,Leicester City FC,2,2,D,2,0,H,14,26,6,7,6,7,16,10,2,0,0,0
2015/16,2015-10-17,Tottenham Hotspur FC,Liverpool FC,0,0,D,0,0,D,13,12,4,3,8,6,15,11,1,2,0,0
2015/16,2015-10-17,Watford FC,Arsenal FC,0,3,A,0,0,D,8,17,1,6,3,9,11,12,2,1,0,0
2015/16,2015-10-17,West Bromwich Albion FC,Sunderland AFC,1,0,H,0,0,D,8,9,1,2,1,5,12,13,2,2,0,0
2015/16,2015-10-18,Newcastle United FC,Norwich City FC,6,2,H,3,2,H,11,18,6,6,3,7,10,10,1,1,0,0
2015/16,2015-10-19,Swansea City FC,Stoke City FC,0,1,A,0,1,A,14,9,2,2,1,2,6,14,2,2,0,0
2015/16,2015-10-24,Arsenal FC,Everton FC,2,1,H,2,1,H,20,10,5,5,7,5,11,14,2,0,0,1
2015/16,2015-10-24,Aston Villa FC,Swansea City FC,1,2,A,0,0,D,9,11,3,4,4,6,10,8,2,3,0,0
2015/16,2015-10-24,Leicester City FC,Crystal Palace FC,1,0,H,0,0,D,12,9,3,4,3,2,7,11,3,1,0,0
2015/16,2015-10-24,Norwich City FC,West Bromwich Albion FC,0,1,A,0,0,D,16,7,3,4,13,3,11,6,1,2,0,0
2015/16,2015-10-24,Stoke City FC,Watford FC,0,2,A,0,1,A,12,13,1,3,11,5,10,18,3,1,0,0
2015/16,2015-10-24,West Ham United FC,Chelsea FC,2,1,H,1,0,H,12,8,5,4,7,4,10,12,1,5,0,1
2015/16,2015-10-25,AFC Bournemouth,Tottenham Hotspur FC,1,5,A,1,3,A,11,14,3,9,4,5,8,15,0,1,0,0
2015/16,2015-10-25,Liverpool FC,Southampton FC,1,1,D,0,0,D,15,8,2,3,10,7,8,11,1,0,0,1
2015/16,2015-10-25,Manchester United FC,Manchester City FC,0,0,D,0,0,D,6,6,1,1,6,4,17,13,2,2,0,0
2015/16,2015-10-25,Sunderland AFC,Newcastle United FC,3,0,H,1,0,H,9,21,3,8,1,10,12,10,0,2,0,1
2015/16,2015-10-31,Chelsea FC,Liverpool FC,1,3,A,1,1,D,8,16,2,7,1,7,9,21,1,4,0,0
2015/16,2015-10-31,Crystal Palace FC,Manchester United FC,0,0,D,0,0,D,10,5,5,1,7,3,12,15,3,3,0,0
2015/16,2015-10-31,Manchester City FC,Norwich City FC,2,1,H,0,0,D,21,5,5,3,12,4,4,13,2,2,0,1
2015/16,2015-10-31,Newcastle United FC,Stoke City FC,0,0,D,0,0,D,15,9,6,2,11,4,6,16,1,3,0,0
2015/16,2015-10-31,Swansea City FC,Arsenal FC,0,3,A,0,0,D,8,15,3,5,4,4,12,7,2,0,0,0
2015/16,2015-10-31,Watford FC,West Ham United FC,2,0,H,1,0,H,20,8,5,3,7,2,16,12,3,0,0,1
2015/16,2015-10-31,West Bromwich Albion FC,Leicester City FC,2,3,A,1,0,H,14,13,6,5,6,4,3,11,0,2,0,0
2015/16,2015-11-01,Everton FC,Sunderland AFC,6,2,H,2,1,H,15,17,8,9,6,1,6,5,3,2,0,0
2015/16,2015-11-01,Southampton FC,AFC Bournemouth,2,0,H,2,0,H,11,16,2,2,4,6,5,5,0,2,1,0
2015/16,2015-11-02,Tottenham Hotspur FC,Aston Villa FC,3,1,H,2,0,H,17,13,6,2,4,3,6,15,0,3,0,0
2015/16,2015-11-07,AFC Bournemouth,Newcastle United FC,0,1,A,0,1,A,20,2,5,1,16,0,9,11,2,2,0,0
2015/16,2015-11-07,Leicester City FC,Watford FC,2,1,H,0,0,D,12,8,6,4,4,2,10,10,0,1,0,0
2015/16,2015-11-07,Manchester United FC,West Bromwich Albion FC,2,0,H,0,0,D,13,4,3,0,5,1,11,10,1,3,0,1
2015/16,2015-11-07,Norwich City FC,Swansea City FC,1,0,H,0,0,D,9,8,5,0,5,2,12,7,1,0,0,0
2015/16,2015-11-07,Stoke City FC,Chelsea FC,1,0,H,0,0,D,8,19,2,4,1,9,13,10,3,1,0,0
2015/16,2015-11-07,Sunderland AFC,Southampton FC,0,1,A,0,0,D,9,11,3,4,10,11,3,7,1,3,0,0
2015/16,2015-11-07,West Ham United FC,Everton FC,1,1,D,1,1,D,16,13,5,4,3,5,11,12,1,2,0,0
2015/16,2015-11-08,Arsenal FC,Tottenham Hotspur FC,1,1,D,0,1,A,10,14,4,4,7,6,12,17,0,1,0,0
2015/16,2015-11-08,Aston Villa FC,Manchester City FC,0,0,D,0,0,D,3,13,0,3,3,8,7,7,1,1,0,0
2015/16,2015-11-08,Liverpool FC,Crystal Palace FC,1,2,A,1,1,D,22,9,4,4,14,6,7,6,1,2,0,0
2015/16,2015-11-21,Chelsea FC,Norwich City FC,1,0,H,0,0,D,21,4,7,2,6,5,4,12,1,4,0,0
2015/16,2015-11-21,Everton FC,Aston Villa FC,4,0,H,3,0,H,16,10,9,3,2,3,6,9,0,0,0,0
2015/16,2015-11-21,Manchester City FC,Liverpool FC,1,4,A,1,3,A,11,14,3,9,11,5,5,13,0,3,0,0
2015/16,2015-11-21,Newcastle United FC,Leicester City FC,0,3,A,0,1,A,9,18,1,7,4,9,9,12,4,1,0,0
2015/16,2015-11-21,Southampton FC,Stoke City FC,0,1,A,0,1,A,16,16,1,4,7,3,8,8,2,0,0,0
2015/16,2015-11-21,Swansea City FC,AFC Bournemouth,2,2,D,2,2,D,11,16,4,4,4,5,7,9,3,2,0,0
2015/16,2015-11-21,Watford FC,Manchester United FC,1,2,A,0,1,A,10,13,5,6,4,10,6,12,1,2,0,0
2015/16,2015-11-21,West Bromwich Albion FC,Arsenal FC,2,1,H,2,1,H,4,11,1,3,3,5,14,10,3,2,0,0
2015/16,2015-11-22,Tottenham Hotspur FC,West Ham United FC,4,1,H,2,0,H,22,10,12,4,7,6,13,9,2,2,0,0
2015/16,2015-11-23,Crystal Palace FC,Sunderland AFC,0,1,A,0,0,D,19,12,7,4,11,2,18,11,1,3,0,0
2015/16,2015-11-28,Aston Villa FC,Watford FC,2,3,A,1,1,D,12,14,6,6,10,10,6,13,2,3,0,0
2015/16,2015-11-28,AFC Bournemouth,Everton FC,3,3,D,0,2,A,19,11,10,6,10,5,6,6,2,0,0,0
2015/16,2015-11-28,Crystal Palace FC,Newcastle United FC,5,1,H,3,1,H,19,7,8,2,7,5,7,13,1,1,0,0
2015/16,2015-11-28,Leicester City FC,Manchester United FC,1,1,D,1,1,D,7,10,3,2,1,8,5,7,0,1,0,0
2015/16,2015-11-28,Manchester City FC,Southampton FC,3,1,H,2,0,H,16,12,9,8,6,4,14,11,2,1,0,0
2015/16,2015-11-28,Sunderland AFC,Stoke City FC,2,0,H,0,0,D,18,7,5,3,9,5,4,10,0,2,0,1
2015/16,2015-11-29,Liverpool FC,Swansea City FC,1,0,H,0,0,D,10,8,2,0,8,7,12,6,3,1,0,0
2015/16,2015-11-29,Norwich City FC,Arsenal FC,1,1,D,1,1,D,7,12,2,3,3,6,8,6,1,1,0,0
2015/16,2015-11-29,Tottenham Hotspur FC,Chelsea FC,0,0,D,0,0,D,9,5,4,1,4,4,14,9,4,2,0,0
2015/16,2015-11-29,West Ham United FC,West Bromwich Albion FC,1,1,D,1,0,H,17,7,6,3,5,2,15,16,0,2,0,0
2015/16,2015-12-05,Arsenal FC,Sunderland AFC,3,1,H,1,1,D,16,11,7,4,3,2,7,11,1,1,0,0
2015/16,2015-12-05,Chelsea FC,AFC Bournemouth,0,1,A,0,0,D,19,15,6,5,11,4,10,13,2,1,0,0
2015/16,2015-12-05,Manchester United FC,West Ham United FC,0,0,D,0,0,D,21,9,1,2,6,2,9,13,1,0,0,0
2015/16,2015-12-05,Southampton FC,Aston Villa FC,1,1,D,0,1,A,23,9,5,2,10,4,4,9,1,2,0,0
2015/16,2015-12-05,Stoke City FC,Manchester City FC,2,0,H,2,0,H,7,11,4,4,1,6,9,10,0,1,0,0
2015/16,2015-12-05,Swansea City FC,Leicester City FC,0,3,A,0,2,A,10,16,2,5,3,8,3,19,2,3,0,0
2015/16,2015-12-05,Watford FC,Norwich City FC,2,0,H,1,0,H,14,6,7,1,4,1,11,10,3,3,0,0
2015/16,2015-12-05,West Bromwich Albion FC,Tottenham Hotspur FC,1,1,D,1,1,D,11,9,4,3,3,6,13,10,3,2,0,0
2015/16,2015-12-06,Newcastle United FC,Liverpool FC,2,0,H,0,0,D,6,10,1,1,2,7,6,10,3,1,0,0
2015/16,2015-12-07,Everton FC,Crystal Palace FC,1,1,D,0,0,D,19,14,4,5,13,6,4,11,1,2,0,0
2015/16,2015-12-12,AFC Bournemouth,Manchester United FC,2,1,H,1,1,D,11,11,5,5,5,7,12,12,2,1,0,0
2015/16,2015-12-12,Crystal Palace FC,Southampton FC,1,0,H,1,0,H,12,15,5,3,8,5,11,13,0,0,0,0
2015/16,2015-12-12,Manchester City FC,Swansea City FC,2,1,H,1,0,H,13,13,5,7,5,5,13,15,3,1,0,0
2015/16,2015-12-12,Norwich City FC,Everton FC,1,1,D,0,1,A,9,15,2,3,5,4,9,6,1,0,0,0
2015/16,2015-12-12,Sunderland AFC,Watford FC,0,1,A,0,1,A,14,13,2,6,8,3,6,9,1,0,0,0
2015/16,2015-12-12,West Ham United FC,Stoke City FC,0,0,D,0,0,D,22,12,9,3,11,7,7,9,1,2,0,0
2015/16,2015-12-13,Aston Villa FC,Arsenal FC,0,2,A,0,2,A,18,8,2,4,5,5,8,7,0,0,0,0
2015/16,2015-12-13,Liverpool FC,West Bromwich Albion FC,2,2,D,1,1,D,28,4,8,2,4,4,7,10,0,0,0,0
2015/16,2015-12-13,Tottenham Hotspur FC,Newcastle United FC,1,2,A,1,0,H,20,8,8,4,6,2,13,14,2,2,0,0
2015/16,2015-12-14,Leicester City FC,Chelsea FC,2,1,H,1,0,H,9,11,5,5,1,8,16,8,2,0,0,0
2015/16,2015-12-19,Chelsea FC,Sunderland AFC,3,1,H,2,0,H,17,11,7,3,2,2,12,12,1,3,0,0
2015/16,2015-12-19,Everton FC,Leicester City FC,2,3,A,1,1,D,13,10,5,5,10,2,6,14,2,1,0,0
2015/16,2015-12-19,Manchester United FC,Norwich City FC,1,2,A,0,1,A,11,6,2,4,11,0,4,10,0,2,0,0
2015/16,2015-12-19,Newcastle United FC,Aston Villa FC,1,1,D,1,0,H,8,10,4,7,3,7,9,14,1,3,0,0
2015/16,2015-12-19,Southampton FC,Tottenham Hotspur FC,0,2,A,0,2,A,11,13,4,6,4,7,18,9,1,1,0,0
2015/16,2015-12-19,Stoke City FC,Crystal Palace FC,1,2,A,0,1,A,26,12,5,3,7,3,6,12,2,0,0,0
2015/16,2015-12-19,West Bromwich Albion FC,AFC Bournemouth,1,2,A,0,0,D,6,16,2,7,4,8,12,9,2,1,2,0
2015/16,2015-12-20,Swansea City FC,West Ham United FC,0,0,D,0,0,D,21,11,2,2,8,9,6,9,0,1,0,0
2015/16,2015-12-20,Watford FC,Liverpool FC,3,0,H,2,0,H,6,12,5,4,7,9,6,9,1,0,0,0
2015/16,2015-12-21,Arsenal FC,Manchester City FC,2,1,H,2,0,H,8,20,5,6,4,8,5,16,0,2,0,0
2015/16,2015-12-26,Aston Villa FC,West Ham United FC,1,1,D,0,1,A,15,10,8,4,9,6,14,13,3,3,0,0
2015/16,2015-12-26,AFC Bournemouth,Crystal Palace FC,0,0,D,0,0,D,10,8,4,0,8,9,10,13,1,0,0,0
2015/16,2015-12-26,Chelsea FC,Watford FC,2,2,D,1,1,D,17,12,2,3,9,4,7,15,1,4,0,0
2015/16,2015-12-26,Liverpool FC,Leicester City FC,1,0,H,0,0,D,25,7,4,3,7,6,11,8,2,1,0,0
2015/16,2015-12-26,Manchester City FC,Sunderland AFC,4,1,H,3,0,H,19,11,9,3,5,1,10,11,1,1,0,0
2015/16,2015-12-26,Newcastle United FC,Everton FC,0,1,A,0,0,D,10,20,1,7,1,7,16,12,2,2,0,0
2015/16,2015-12-26,Southampton FC,Arsenal FC,4,0,H,1,0,H,15,7,5,4,3,4,10,9,1,0,0,0
2015/16,2015-12-26,Stoke City FC,Manchester United FC,2,0,H,2,0,H,13,11,3,6,1,12,13,16,1,2,0,0
2015/16,2015-12-26,Swansea City FC,West Bromwich Albion FC,1,0,H,1,0,H,7,9,2,3,0,7,10,13,1,3,0,0
2015/16,2015-12-26,Tottenham Hotspur FC,Norwich City FC,3,0,H,2,0,H,15,11,10,3,9,4,4,13,1,2,0,0
2015/16,2015-12-28,Arsenal FC,AFC Bournemouth,2,0,H,1,0,H,13,10,6,3,9,3,7,8,2,0,0,0
2015/16,2015-12-28,Crystal Palace FC,Swansea City FC,0,0,D,0,0,D,10,5,2,3,7,4,11,16,3,2,0,0
2015/16,2015-12-28,Everton FC,Stoke City FC,3,4,A,1,2,A,15,8,3,5,6,2,10,12,2,1,0,0
2015/16,2015-12-28,Manchester United FC,Chelsea FC,0,0,D,0,0,D,12,8,2,3,5,3,16,6,4,2,0,0
2015/16,2015-12-28,Norwich City FC,Aston Villa FC,2,0,H,1,0,H,9,6,4,3,3,7,10,21,2,5,0,0
2015/16,2015-12-28,Watford FC,Tottenham Hotspur FC,1,2,A,1,1,D,9,10,1,3,5,3,11,13,4,2,1,0
2015/16,2015-12-28,West Bromwich Albion FC,Newcastle United FC,1,0,H,0,0,D,22,7,5,2,18,6,7,13,0,0,0,0
2015/16,2015-12-28,West Ham United FC,Southampton FC,2,1,H,0,1,A,13,15,5,4,4,7,6,12,1,3,0,0
2015/16,2015-12-29,Leicester City FC,Manchester City FC,0,0,D,0,0,D,11,21,4,5,1,13,11,8,1,3,0,0
2015/16,2015-12-30,Sunderland AFC,Liverpool FC,0,1,A,0,0,D,8,17,3,6,6,4,8,16,1,3,0,0
2015/16,2016-01-02,Arsenal FC,Newcastle United FC,1,0,H,0,0,D,16,15,3,6,7,4,10,9,2,2,0,0
2015/16,2016-01-02,Leicester City FC,AFC Bournemouth,0,0,D,0,0,D,16,9,2,0,7,1,9,5,1,1,0,1
2015/16,2016-01-02,Manchester United FC,Swansea City FC,2,1,H,0,0,D,19,9,6,4,4,2,14,10,2,1,0,0
2015/16,2016-01-02,Norwich City FC,Southampton FC,1,0,H,0,0,D,10,10,1,4,4,9,9,7,1,0,0,1
2015/16,2016-01-02,Sunderland AFC,Aston Villa FC,3,1,H,1,0,H,13,8,6,3,3,3,8,13,3,4,0,0
2015/16,2016-01-02,Watford FC,Manchester City FC,1,2,A,0,0,D,11,16,3,5,4,5,6,10,1,0,0,0
2015/16,2016-01-02,West Bromwich Albion FC,Stoke City FC,2,1,H,0,0,D,16,10,5,3,4,6,7,15,1,1,0,1
2015/16,2016-01-02,West Ham United FC,Liverpool FC,2,0,H,1,0,H,18,23,10,2,3,9,11,8,1,1,0,0
2015/16,2016-01-03,Crystal Palace FC,Chelsea FC,0,3,A,0,1,A,8,10,4,4,5,7,12,15,3,0,0,0
2015/16,2016-01-03,Everton FC,Tottenham Hotspur FC,1,1,D,1,1,D,12,19,3,4,4,4,8,11,1,2,0,0
2015/16,2016-01-12,Aston Villa FC,Crystal Palace FC,1,0,H,0,0,D,13,9,3,1,9,0,15,9,2,1,0,0
2015/16,2016-01-12,AFC Bournemouth,West Ham United FC,1,3,A,1,0,H,11,10,4,5,4,7,8,5,1,1,0,0
2015/16,2016-01-12,Newcastle United FC,Manchester United FC,3,3,D,1,2,A,14,12,6,4,5,3,10,12,1,3,0,0
2015/16,2016-01-13,Chelsea FC,West Bromwich Albion FC,2,2,D,1,1,D,14,13,2,6,7,7,13,8,3,3,0,0
2015/16,2016-01-13,Liverpool FC,Arsenal FC,3,3,D,2,2,D,22,14,6,5,9,3,9,7,2,0,0,0
2015/16,2016-01-13,Manchester City FC,Everton FC,0,0,D,0,0,D,22,7,5,2,12,5,5,6,0,1,0,0
2015/16,2016-01-13,Southampton FC,Watford FC,2,0,H,1,0,H,15,4,7,1,8,1,9,11,1,2,0,0
2015/16,2016-01-13,Stoke City FC,Norwich City FC,3,1,H,0,0,D,14,5,4,2,7,3,5,8,0,1,0,1
2015/16,2016-01-13,Swansea City FC,Sunderland AFC,2,4,A,2,1,H,10,7,5,5,8,6,9,12,2,0,1,0
2015/16,2016-01-13,Tottenham Hotspur FC,Leicester City FC,0,1,A,0,0,D,21,10,5,2,16,8,13,10,1,0,0,0
2015/16,2016-01-16,Aston Villa FC,Leicester City FC,1,1,D,0,1,A,14,12,5,5,3,4,13,15,3,2,0,0
2015/16,2016-01-16,AFC Bournemouth,Norwich City FC,3,0,H,1,0,H,15,10,8,3,5,3,8,13,1,1,0,0
2015/16,2016-01-16,Chelsea FC,Everton FC,3,3,D,0,0,D,14,9,7,4,6,4,12,5,1,1,0,0
2015/16,2016-01-16,Manchester City FC,Crystal Palace FC,4,0,H,2,0,H,17,9,4,3,5,6,10,11,0,2,0,0
2015/16,2016-01-16,Newcastle United FC,West Ham United FC,2,1,H,2,0,H,23,10,10,3,3,3,9,4,1,0,0,0
2015/16,2016-01-16,Southampton FC,West Bromwich Albion FC,3,0,H,2,0,H,9,9,5,0,1,3,10,11,0,0,0,0
2015/16,2016-01-16,Tottenham Hotspur FC,Sunderland AFC,4,1,H,1,1,D,26,5,11,2,11,3,8,13,0,2,0,0
2015/16,2016-01-17,Liverpool FC,Manchester United FC,0,1,A,0,0,D,19,7,4,1,5,4,6,18,0,2,0,0
2015/16,2016-01-17,Stoke City FC,Arsenal FC,0,0,D,0,0,D,14,8,6,3,6,6,16,10,0,0,0,0
2015/16,2016-01-18,Swansea City FC,Watford FC,1,0,H,1,0,H,10,13,2,2,6,3,8,11,2,2,0,0
2015/16,2016-01-23,Crystal Palace FC,Tottenham Hotspur FC,1,3,A,1,0,H,11,24,3,11,3,10,11,12,2,2,0,0
2015/16,2016-01-23,Leicester City FC,Stoke City FC,3,0,H,1,0,H,15,3,5,2,8,4,10,13,0,1,0,0
2015/16,2016-01-23,Manchester United FC,Southampton FC,0,1,A,0,0,D,8,7,1,2,4,4,11,8,0,0,0,0
2015/16,2016-01-23,Norwich City FC,Liverpool FC,4,5,A,2,1,H,6,13,5,7,3,3,10,14,0,1,0,0
2015/16,2016-01-23,Sunderland AFC,AFC Bournemouth,1,1,D,1,1,D,10,15,5,5,3,4,5,9,1,1,0,0
2015/16,2016-01-23,Watford FC,Newcastle United FC,2,1,H,0,0,D,13,11,5,2,2,7,10,12,2,1,0,0
2015/16,2016-01-23,West Bromwich Albion FC,Aston Villa FC,0,0,D,0,0,D,4,15,0,4,2,6,7,13,0,1,0,0
2015/16,2016-01-23,West Ham United FC,Manchester City FC,2,2,D,1,1,D,10,16,3,3,5,2,11,15,2,3,0,0
2015/16,2016-01-24,Arsenal FC,Chelsea FC,0,1,A,0,1,A,9,12,1,6,6,7,14,13,1,3,1,0
2015/16,2016-01-24,Everton FC,Swansea City FC,1,2,A,1,2,A,20,7,2,5,7,1,5,12,0,3,0,0
2015/16,2016-02-02,Arsenal FC,Southampton FC,0,0,D,0,0,D,21,14,11,3,13,3,11,19,2,1,0,0
2015/16,2016-02-02,Crystal Palace FC,AFC Bournemouth,1,2,A,1,1,D,14,8,3,4,5,3,11,15,3,4,0,0
2015/16,2016-02-02,Leicester City FC,Liverpool FC,2,0,H,0,0,D,13,14,6,2,3,12,6,7,0,1,0,0
2015/16,2016-02-02,Manchester United FC,Stoke City FC,3,0,H,2,0,H,15,10,5,0,2,5,13,13,2,1,0,0
2015/16,2016-02-02,Norwich City FC,Tottenham Hotspur FC,0,3,A,0,2,A,10,17,2,6,6,8,8,9,2,2,0,0
2015/16,2016-02-02,Sunderland AFC,Manchester City FC,0,1,A,0,1,A,11,6,2,2,8,4,6,15,1,4,0,0
2015/16,2016-02-02,West Bromwich Albion FC,Swansea City FC,1,1,D,0,0,D,17,18,7,4,7,7,12,13,0,0,0,0
2015/16,2016-02-02,West Ham United FC,Aston Villa FC,2,0,H,0,0,D,25,6,6,2,5,5,9,11,3,0,0,1
2015/16,2016-02-03,Everton FC,Newcastle United FC,3,0,H,1,0,H,18,7,7,3,3,3,8,15,1,2,0,1
2015/16,2016-02-03,Watford FC,Chelsea FC,0,0,D,0,0,D,12,12,3,4,7,7,10,13,2,1,0,0
2015/16,2016-02-06,Aston Villa FC,Norwich City FC,2,0,H,1,0,H,10,12,3,4,2,11,10,11,0,2,0,0
2015/16,2016-02-06,Liverpool FC,Sunderland AFC,2,2,D,0,0,D,16,7,5,2,7,2,4,12,1,1,0,0
2015/16,2016-02-06,Manchester City FC,Leicester City FC,1,3,A,0,1,A,22,14,4,7,11,4,9,15,2,2,0,0
2015/16,2016-02-06,Newcastle United FC,West Bromwich Albion FC,1,0,H,1,0,H,19,7,7,0,8,4,12,12,0,3,0,0
2015/16,2016-02-06,Southampton FC,West Ham United FC,1,0,H,1,0,H,8,18,2,2,4,5,17,10,1,2,1,0
2015/16,2016-02-06,Stoke City FC,Everton FC,0,3,A,0,3,A,11,14,3,6,6,4,11,8,1,0,0,0
2015/16,2016-02-06,Swansea City FC,Crystal Palace FC,1,1,D,1,0,H,19,12,3,2,9,5,11,14,1,2,0,0
2015/16,2016-02-06,Tottenham Hotspur FC,Watford FC,1,0,H,0,0,D,26,3,9,0,15,1,12,9,0,1,0,0
2015/16,2016-02-07,AFC Bournemouth,Arsenal FC,0,2,A,0,2,A,17,10,4,5,7,3,6,8,0,1,0,0
2015/16,2016-02-07,Chelsea FC,Manchester United FC,1,1,D,0,0,D,16,17,5,7,10,11,6,9,0,3,0,0
2015/16,2016-02-13,AFC Bournemouth,Stoke City FC,1,3,A,0,1,A,11,11,2,6,9,2,7,18,4,2,0,0
2015/16,2016-02-13,Chelsea FC,Newcastle United FC,5,1,H,3,0,H,15,10,5,4,8,3,16,14,0,1,1,0
2015/16,2016-02-13,Crystal Palace FC,Watford FC,1,2,A,1,1,D,14,10,7,3,8,5,11,16,0,2,0,0
2015/16,2016-02-13,Everton FC,West Bromwich Albion FC,0,1,A,0,1,A,34,5,6,1,14,1,9,12,1,3,0,0
2015/16,2016-02-13,Norwich City FC,West Ham United FC,2,2,D,0,0,D,13,11,3,6,3,3,16,11,2,2,0,0
2015/16,2016-02-13,Sunderland AFC,Manchester United FC,2,1,H,1,1,D,21,12,5,6,6,8,7,15,2,3,0,0
2015/16,2016-02-13,Swansea City FC,Southampton FC,0,1,A,0,0,D,13,13,2,5,5,4,10,12,0,3,0,0
2015/16,2016-02-14,Arsenal FC,Leicester City FC,2,1,H,0,1,A,24,7,6,3,11,1,9,10,4,3,0,1
2015/16,2016-02-14,Aston Villa FC,Liverpool FC,0,6,A,0,2,A,6,11,1,9,0,6,10,9,3,1,0,0
2015/16,2016-02-14,Manchester City FC,Tottenham Hotspur FC,1,2,A,0,0,D,19,6,4,3,7,1,12,17,1,3,0,0
2015/16,2016-02-27,Leicester City FC,Norwich City FC,1,0,H,0,0,D,13,9,3,1,3,4,9,11,0,2,0,0
2015/16,2016-02-27,Southampton FC,Chelsea FC,1,2,A,1,0,H,7,16,2,4,7,8,10,11,3,1,0,0
2015/16,2016-02-27,Stoke City FC,Aston Villa FC,2,1,H,0,0,D,11,5,3,1,11,0,7,15,0,3,0,0
2015/16,2016-02-27,Watford FC,AFC Bournemouth,0,0,D,0,0,D,14,11,1,3,4,5,14,17,3,1,0,0
2015/16,2016-02-27,West Bromwich Albion FC,Crystal Palace FC,3,2,H,3,0,H,11,15,5,2,3,6,14,16,2,2,0,0
2015/16,2016-02-27,West Ham United FC,Sunderland AFC,1,0,H,1,0,H,9,13,3,4,5,6,11,9,1,0,0,0
2015/16,2016-02-28,Tottenham Hotspur FC,Swansea City FC,2,1,H,0,1,A,34,10,14,4,7,7,11,14,2,3,0,0
2015/16,2016-02-28,Manchester United FC,Arsenal FC,3,2,H,2,1,H,7,13,5,5,2,3,21,15,4,3,0,0
2015/16,2016-03-01,Aston Villa FC,Everton FC,1,3,A,0,2,A,14,10,5,7,9,8,8,7,3,1,0,0
2015/16,2016-03-01,AFC Bournemouth,Southampton FC,2,0,H,1,0,H,9,6,4,1,10,2,11,18,0,0,0,0
2015/16,2016-03-01,Leicester City FC,West Bromwich Albion FC,2,2,D,2,1,H,22,11,5,3,11,3,10,8,0,2,0,0
2015/16,2016-03-01,Norwich City FC,Chelsea FC,1,2,A,0,2,A,13,10,2,2,4,4,17,5,3,2,0,0
2015/16,2016-03-01,Sunderland AFC,Crystal Palace FC,2,2,D,1,0,H,17,13,6,5,4,5,11,14,1,1,0,0
2015/16,2016-03-02,Arsenal FC,Swansea City FC,1,2,A,1,1,D,18,11,4,2,7,3,8,11,0,2,0,0
2015/16,2016-03-02,Liverpool FC,Manchester City FC,3,0,H,2,0,H,11,4,7,2,3,2,14,14,0,1,0,0
2015/16,2016-03-02,Manchester United FC,Watford FC,1,0,H,0,0,D,14,13,3,3,9,7,7,17,1,2,0,0
2015/16,2016-03-02,Stoke City FC,Newcastle United FC,1,0,H,0,0,D,9,5,2,3,5,2,11,6,1,0,0,0
2015/16,2016-03-02,West Ham United FC,Tottenham Hotspur FC,1,0,H,1,0,H,14,9,3,2,6,3,10,11,0,3,0,0
2015/16,2016-03-05,Chelsea FC,Stoke City FC,1,1,D,1,0,H,20,16,7,5,8,4,9,10,1,2,0,0
2015/16,2016-03-05,Everton FC,West Ham United FC,2,3,A,1,0,H,15,17,8,5,9,6,12,13,2,3,1,0
2015/16,2016-03-05,Manchester City FC,Aston Villa FC,4,0,H,0,0,D,22,2,9,1,9,1,10,10,0,1,0,0
2015/16,2016-03-05,Newcastle United FC,AFC Bournemouth,1,3,A,0,1,A,14,16,3,5,5,4,13,8,1,3,0,0
2015/16,2016-03-05,Southampton FC,Sunderland AFC,1,1,D,0,0,D,16,11,5,3,12,2,9,9,2,1,1,0
2015/16,2016-03-05,Swansea City FC,Norwich City FC,1,0,H,0,0,D,10,8,3,3,5,0,14,15,2,5,0,0
2015/16,2016-03-05,Tottenham Hotspur FC,Arsenal FC,2,2,D,0,1,A,26,10,11,4,9,2,9,10,2,2,0,1
2015/16,2016-03-05,Watford FC,Leicester City FC,0,1,A,0,0,D,11,14,4,7,3,8,10,11,2,2,0,0
2015/16,2016-03-06,Crystal Palace FC,Liverpool FC,1,2,A,0,0,D,14,19,4,5,6,6,12,16,1,2,0,1
2015/16,2016-03-06,West Bromwich Albion FC,Manchester United FC,1,0,H,0,0,D,9,7,2,1,4,5,8,7,1,0,0,1
2015/16,2016-03-12,AFC Bournemouth,Swansea City FC,3,2,H,1,1,D,12,12,4,4,5,3,12,11,1,0,0,0
2015/16,2016-03-12,Norwich City FC,Manchester City FC,0,0,D,0,0,D,5,15,0,3,3,8,15,10,3,1,0,0
2015/16,2016-03-12,Stoke City FC,Southampton FC,1,2,A,0,2,A,13,11,2,4,1,4,13,12,1,2,0,1
2015/16,2016-03-13,Aston Villa FC,Tottenham Hotspur FC,0,2,A,0,1,A,11,19,2,8,5,8,6,6,0,0,0,0
2015/16,2016-03-14,Leicester City FC,Newcastle United FC,1,0,H,1,0,H,10,13,1,2,8,4,4,9,0,0,0,0
2015/16,2016-03-19,Chelsea FC,West Ham United FC,2,2,D,1,1,D,22,13,5,6,10,9,13,14,3,5,0,0
2015/16,2016-03-19,Crystal Palace FC,Leicester City FC,0,1,A,0,1,A,12,8,4,3,10,7,9,13,1,1,0,0
2015/16,2016-03-19,Everton FC,Arsenal FC,0,2,A,0,2,A,8,11,2,3,7,5,7,10,0,0,0,0
2015/16,2016-03-19,Swansea City FC,Aston Villa FC,1,0,H,0,0,D,10,12,1,2,4,6,9,10,3,2,0,0
2015/16,2016-03-19,Watford FC,Stoke City FC,1,2,A,0,1,A,9,9,4,6,9,2,10,14,3,1,0,0
2015/16,2016-03-19,West Bromwich Albion FC,Norwich City FC,0,1,A,0,0,D,10,7,0,1,4,3,8,13,1,2,0,0
2015/16,2016-03-20,Manchester City FC,Manchester United FC,0,1,A,0,1,A,26,5,2,3,11,5,9,12,1,1,0,0
2015/16,2016-03-20,Newcastle United FC,Sunderland AFC,1,1,D,0,1,A,17,14,8,4,2,5,14,7,4,1,0,0
2015/16,2016-03-20,Southampton FC,Liverpool FC,3,2,H,0,2,A,16,18,5,9,3,5,10,13,1,3,0,0
2015/16,2016-03-20,Tottenham Hotspur FC,AFC Bournemouth,3,0,H,2,0,H,17,2,8,0,4,5,11,6,0,1,0,0
2015/16,2016-04-02,Arsenal FC,Watford FC,4,0,H,2,0,H,19,6,12,2,8,3,7,10,1,1,0,0
2015/16,2016-04-02,Aston Villa FC,Chelsea FC,0,4,A,0,2,A,15,11,4,8,7,2,12,8,4,1,1,0
2015/16,2016-04-02,AFC Bournemouth,Manchester City FC,0,4,A,0,3,A,11,15,2,7,4,4,9,8,0,1,0,0
2015/16,2016-04-02,Liverpool FC,Tottenham Hotspur FC,1,1,D,0,0,D,15,18,7,5,12,9,11,11,2,0,0,0
2015/16,2016-04-02,Norwich City FC,Newcastle United FC,3,2,H,1,0,H,13,13,6,5,6,5,6,11,0,0,0,0
2015/16,2016-04-02,Stoke City FC,Swansea City FC,2,2,D,1,0,H,12,12,5,3,5,5,6,16,0,1,0,0
2015/16,2016-04-02,Sunderland AFC,West Bromwich Albion FC,0,0,D,0,0,D,22,3,7,0,9,3,11,13,1,1,0,0
2015/16,2016-04-02,West Ham United FC,Crystal Palace FC,2,2,D,2,1,H,18,12,6,5,4,5,12,19,2,2,1,0
2015/16,2016-04-03,Leicester City FC,Southampton FC,1,0,H,1,0,H,11,10,4,2,7,8,12,13,2,2,0,0
2015/16,2016-04-03,Manchester United FC,Everton FC,1,0,H,0,0,D,10,7,2,1,5,5,15,6,2,0,0,0
2015/16,2016-04-09,Aston Villa FC,AFC Bournemouth,1,2,A,0,1,A,6,12,1,3,3,8,13,11,2,2,0,0
2015/16,2016-04-09,Crystal Palace FC,Norwich City FC,1,0,H,0,0,D,13,13,6,4,10,4,13,10,2,1,0,0
2015/16,2016-04-09,Manchester City FC,West Bromwich Albion FC,2,1,H,1,1,D,13,13,4,2,8,8,10,7,0,1,0,0
2015/16,2016-04-09,Southampton FC,Newcastle United FC,3,1,H,2,0,H,20,5,6,3,11,2,8,7,0,0,0,0
2015/16,2016-04-09,Swansea City FC,Chelsea FC,1,0,H,1,0,H,12,8,6,2,1,9,15,13,5,4,0,0
2015/16,2016-04-09,Watford FC,Everton FC,1,1,D,1,1,D,13,12,5,7,7,6,13,10,2,1,0,0
2015/16,2016-04-09,West Ham United FC,Arsenal FC,3,3,D,2,2,D,19,11,7,6,7,4,11,8,2,0,0,0
2015/16,2016-04-10,Liverpool FC,Stoke City FC,4,1,H,2,1,H,14,10,6,3,6,3,14,14,0,2,0,0
2015/16,2016-04-10,Sunderland AFC,Leicester City FC,0,2,A,0,0,D,15,17,1,7,1,7,9,9,1,1,0,0
2015/16,2016-04-10,Tottenham Hotspur FC,Manchester United FC,3,0,H,0,0,D,16,5,8,1,2,7,10,10,3,3,0,0
2015/16,2016-04-13,Crystal Palace FC,Everton FC,0,0,D,0,0,D,18,9,6,5,10,7,7,9,0,1,0,1
2015/16,2016-04-16,Chelsea FC,Manchester City FC,0,3,A,0,1,A,11,11,4,8,11,3,12,15,2,3,1,0
2015/16,2016-04-16,Everton FC,Southampton FC,1,1,D,0,0,D,7,18,2,4,3,10,8,14,1,1,0,0
2015/16,2016-04-16,Manchester United FC,Aston Villa FC,1,0,H,1,0,H,13,7,4,1,14,3,9,10,0,1,0,0
2015/16,2016-04-16,Newcastle United FC,Swansea City FC,3,0,H,1,0,H,12,11,7,1,3,7,13,9,2,1,0,0
2015/16,2016-04-16,Norwich City FC,Sunderland AFC,0,3,A,0,1,A,19,8,6,3,14,0,7,11,2,2,0,0
2015/16,2016-04-16,West Bromwich Albion FC,Watford FC,0,1,A,0,1,A,16,11,4,4,9,3,11,17,0,3,0,0
2015/16,2016-04-17,Arsenal FC,Crystal Palace FC,1,1,D,1,0,H,21,7,6,2,10,5,7,13,0,2,0,0
2015/16,2016-04-17,AFC Bournemouth,Liverpool FC,1,2,A,0,2,A,18,19,5,6,5,4,9,9,0,0,0,0
2015/16,2016-04-17,Leicester City FC,West Ham United FC,2,2,D,1,0,H,6,19,2,4,0,5,14,14,1,3,1,0
2015/16,2016-04-18,Stoke City FC,Tottenham Hotspur FC,0,4,A,0,1,A,12,23,2,6,5,3,12,12,2,0,0,0
2015/16,2016-04-19,Newcastle United FC,Manchester City FC,1,1,D,1,1,D,5,9,3,5,5,3,13,8,3,2,0,0
2015/16,2016-04-20,Liverpool FC,Everton FC,4,0,H,2,0,H,37,3,13,0,9,1,8,11,1,1,0,1
2015/16,2016-04-20,Manchester United FC,Crystal Palace FC,2,0,H,1,0,H,16,5,10,0,10,2,13,7,1,2,0,0
2015/16,2016-04-20,West Ham United FC,Watford FC,3,1,H,2,0,H,18,7,7,4,4,2,11,17,0,2,0,1
2015/16,2016-04-21,Arsenal FC,West Bromwich Albion FC,2,0,H,2,0,H,16,8,7,1,2,6,14,14,0,1,0,0
2015/16,2016-04-23,Aston Villa FC,Southampton FC,2,4,A,1,2,A,16,17,7,7,6,11,8,9,2,0,0,0
2015/16,2016-04-23,AFC Bournemouth,Chelsea FC,1,4,A,1,2,A,13,16,4,4,10,7,11,4,1,0,0,0
2015/16,2016-04-23,Liverpool FC,Newcastle United FC,2,2,D,2,0,H,13,6,4,3,5,4,8,17,1,1,0,0
2015/16,2016-04-23,Manchester City FC,Stoke City FC,4,0,H,2,0,H,11,14,6,2,9,4,8,8,0,0,0,0
2015/16,2016-04-24,Leicester City FC,Swansea City FC,4,0,H,2,0,H,18,9,9,1,4,6,15,10,1,2,0,0
2015/16,2016-04-24,Sunderland AFC,Arsenal FC,0,0,D,0,0,D,12,20,3,7,7,7,10,8,2,4,0,0
2015/16,2016-04-25,Tottenham Hotspur FC,West Bromwich Albion FC,1,1,D,1,0,H,19,16,2,3,9,7,8,13,0,1,0,0
2015/16,2016-04-30,Arsenal FC,Norwich City FC,1,0,H,0,0,D,14,12,3,3,7,3,8,7,1,0,0,0
2015/16,2016-04-30,Everton FC,AFC Bournemouth,2,1,H,1,1,D,12,16,5,2,3,5,4,8,1,0,0,0
2015/16,2016-04-30,Newcastle United FC,Crystal Palace FC,1,0,H,0,0,D,10,9,4,3,4,8,11,12,2,0,0,0
2015/16,2016-04-30,Stoke City FC,Sunderland AFC,1,1,D,0,0,D,11,14,3,5,2,8,13,13,2,2,0,0
2015/16,2016-04-30,Watford FC,Aston Villa FC,3,2,H,1,1,D,18,7,6,2,8,4,14,10,2,3,0,1
2015/16,2016-04-30,West Bromwich Albion FC,West Ham United FC,0,3,A,0,2,A,15,8,5,4,8,6,14,7,0,0,0,0
2015/16,2016-05-01,Manchester United FC,Leicester City FC,1,1,D,1,1,D,21,14,6,3,6,5,16,10,3,0,0,1
2015/16,2016-05-01,Southampton FC,Manchester City FC,4,2,H,2,1,H,14,6,7,5,8,2,12,9,2,1,0,0
2015/16,2016-05-01,Swansea City FC,Liverpool FC,3,1,H,2,0,H,18,11,9,3,4,7,12,13,2,2,0,1
2015/16,2016-05-02,Chelsea FC,Tottenham Hotspur FC,2,2,D,0,2,A,13,16,5,5,7,8,9,20,3,9,0,0
2015/16,2016-05-07,Aston Villa FC,Newcastle United FC,0,0,D,0,0,D,2,9,0,3,0,5,8,13,1,1,0,0
2015/16,2016-05-07,AFC Bournemouth,West Bromwich Albion FC,1,1,D,0,1,A,12,12,4,4,5,3,5,8,2,1,0,0
2015/16,2016-05-07,Crystal Palace FC,Stoke City FC,2,1,H,0,1,A,17,12,4,3,4,3,8,18,2,3,0,0
2015/16,2016-05-07,Leicester City FC,Everton FC,3,1,H,2,0,H,32,9,8,5,12,4,4,12,0,3,0,0
2015/16,2016-05-07,Norwich City FC,Manchester United FC,0,1,A,0,0,D,8,15,2,2,1,6,11,10,1,0,0,0
2015/16,2016-05-07,Sunderland AFC,Chelsea FC,3,2,H,1,2,A,15,9,4,8,3,3,11,9,4,1,0,1
2015/16,2016-05-07,West Ham United FC,Swansea City FC,1,4,A,0,2,A,25,13,7,6,13,3,11,8,3,0,0,0
2015/16,2016-05-08,Liverpool FC,Watford FC,2,0,H,1,0,H,19,14,5,3,8,8,10,15,1,2,0,0
2015/16,2016-05-08,Manchester City FC,Arsenal FC,2,2,D,1,1,D,14,5,3,2,7,2,16,10,2,1,0,0
2015/16,2016-05-08,Tottenham Hotspur FC,Southampton FC,1,2,A,1,1,D,20,10,6,2,10,2,8,16,0,3,0,0
2015/16,2016-05-10,West Ham United FC,Manchester United FC,3,2,H,1,0,H,20,3,6,2,6,2,6,18,1,3,0,0
2015/16,2016-05-11,Liverpool FC,Chelsea FC,1,1,D,0,1,A,28,13,9,7,7,3,11,12,3,1,0,0
2015/16,2016-05-11,Norwich City FC,Watford FC,4,2,H,3,1,H,18,12,6,7,5,1,8,12,2,3,0,0
2015/16,2016-05-11,Sunderland AFC,Everton FC,3,0,H,2,0,H,14,17,8,6,5,5,15,7,1,0,0,0
2015/16,2016-05-15,Arsenal FC,Aston Villa FC,4,0,H,1,0,H,16,5,7,2,5,4,12,6,0,1,0,0
2015/16,2016-05-15,Chelsea FC,Leicester City FC,1,1,D,0,0,D,17,18,4,5,7,6,4,12,0,0,0,0
2015/16,2016-05-15,Everton FC,Norwich City FC,3,0,H,2,0,H,15,10,8,2,4,11,7,11,0,0,0,0
2015/16,2016-05-15,Newcastle United FC,Tottenham Hotspur FC,5,1,H,2,0,H,19,17,10,5,3,8,7,6,1,2,1,0
2015/16,2016-05-15,Southampton FC,Crystal Palace FC,4,1,H,1,0,H,18,16,5,4,2,5,7,14,1,2,0,0
2015/16,2016-05-15,Stoke City FC,West Ham United FC,2,1,H,0,1,A,7,20,4,7,4,10,8,12,3,1,0,0
2015/16,2016-05-15,Swansea City FC,Manchester City FC,1,1,D,1,1,D,4,18,1,5,4,4,4,19,1,3,0,0
2015/16,2016-05-15,Watford FC,Sunderland AFC,2,2,D,0,1,A,21,6,6,4,7,4,11,10,1,0,0,0
2015/16,2016-05-15,West Bromwich Albion FC,Liverpool FC,1,1,D,1,1,D,13,7,1,3,7,5,11,14,3,1,0,0
2015/16,2016-05-17,Manchester United FC,AFC Bournemouth,3,1,H,1,0,H,12,7,5,0,7,1,9,8,1,0,0,0
2016/17,2016-08-13,Burnley FC,Swansea City FC,0,1,A,0,0,D,10,17,3,9,7,4,10,14,3,2,0,0
2016/17,2016-08-13,Crystal Palace FC,West Bromwich Albion FC,0,1,A,0,0,D,14,13,4,3,3,6,12,15,2,2,0,0
2016/17,2016-08-13,Everton FC,Tottenham Hotspur FC,1,1,D,1,0,H,12,13,6,4,5,6,10,14,0,0,0,0
2016/17,2016-08-13,Hull City FC,Leicester City FC,2,1,H,1,0,H,14,18,5,5,5,3,8,17,2,2,0,0
2016/17,2016-08-13,Manchester City FC,Sunderland AFC,2,1,H,1,0,H,16,7,4,3,9,6,11,14,1,2,0,0
2016/17,2016-08-13,Middlesbrough FC,Stoke City FC,1,1,D,1,0,H,12,12,2,1,9,6,18,14,3,5,0,0
2016/17,2016-08-13,Southampton FC,Watford FC,1,1,D,0,1,A,24,5,6,1,6,2,8,12,1,2,0,1
2016/17,2016-08-14,Arsenal FC,Liverpool FC,3,4,A,1,1,D,9,16,5,7,5,4,13,17,3,3,0,0
2016/17,2016-08-14,AFC Bournemouth,Manchester United FC,1,3,A,0,1,A,9,11,3,7,4,2,7,10,0,1,0,0
2016/17,2016-08-15,Chelsea FC,West Ham United FC,2,1,H,0,0,D,16,7,6,3,7,1,16,16,5,2,0,0
2016/17,2016-08-19,Manchester United FC,Southampton FC,2,0,H,1,0,H,12,13,5,1,4,0,11,8,0,0,0,0
2016/17,2016-08-20,Burnley FC,Liverpool FC,2,0,H,2,0,H,3,26,2,5,1,12,14,5,0,1,0,0
2016/17,2016-08-20,Leicester City FC,Arsenal FC,0,0,D,0,0,D,8,13,1,4,2,7,11,7,1,2,0,0
2016/17,2016-08-20,Stoke City FC,Manchester City FC,1,4,A,0,2,A,8,12,3,6,7,7,12,13,3,4,0,0
2016/17,2016-08-20,Swansea City FC,Hull City FC,0,2,A,0,0,D,13,12,3,4,8,3,7,10,0,0,0,0
2016/17,2016-08-20,Tottenham Hotspur FC,Crystal Palace FC,1,0,H,0,0,D,20,10,5,2,10,4,19,9,3,3,0,0
2016/17,2016-08-20,Watford FC,Chelsea FC,1,2,A,0,0,D,6,13,2,4,0,5,20,10,4,3,0,0
2016/17,2016-08-20,West Bromwich Albion FC,Everton FC,1,2,A,1,1,D,11,13,4,7,7,4,16,10,3,1,0,0
2016/17,2016-08-21,Sunderland AFC,Middlesbrough FC,1,2,A,0,2,A,18,8,5,3,8,1,11,14,1,1,0,0
2016/17,2016-08-21,West Ham United FC,AFC Bournemouth,1,0,H,0,0,D,15,8,2,5,1,6,15,15,3,1,0,1
2016/17,2016-08-27,Chelsea FC,Burnley FC,3,0,H,2,0,H,22,6,10,0,9,5,6,9,2,2,0,0
2016/17,2016-08-27,Crystal Palace FC,AFC Bournemouth,1,1,D,0,1,A,24,10,5,3,10,4,15,10,2,1,0,0
2016/17,2016-08-27,Everton FC,Stoke City FC,1,0,H,0,0,D,21,8,9,1,9,2,14,11,2,1,0,0
2016/17,2016-08-27,Hull City FC,Manchester United FC,0,1,A,0,0,D,8,29,2,9,1,6,9,6,2,3,0,0
2016/17,2016-08-27,Leicester City FC,Swansea City FC,2,1,H,1,0,H,13,9,6,3,4,6,14,10,2,2,0,0
2016/17,2016-08-27,Southampton FC,Sunderland AFC,1,1,D,0,0,D,16,5,7,2,5,5,15,8,2,2,0,0
2016/17,2016-08-27,Tottenham Hotspur FC,Liverpool FC,1,1,D,0,1,A,11,13,4,3,5,5,11,17,3,5,0,0
2016/17,2016-08-27,Watford FC,Arsenal FC,1,3,A,0,3,A,14,10,6,7,3,2,18,15,6,1,0,0
2016/17,2016-08-28,Manchester City FC,West Ham United FC,3,1,H,2,0,H,22,9,5,2,5,4,5,10,1,3,0,0
2016/17,2016-08-28,West Bromwich Albion FC,Middlesbrough FC,0,0,D,0,0,D,13,7,2,2,5,4,12,11,1,3,0,0
2016/17,2016-09-10,Arsenal FC,Southampton FC,2,1,H,1,1,D,17,11,2,5,6,1,10,8,2,5,0,0
2016/17,2016-09-10,AFC Bournemouth,West Bromwich Albion FC,1,0,H,0,0,D,12,12,5,2,10,5,9,11,1,3,0,0
2016/17,2016-09-10,Burnley FC,Hull City FC,1,1,D,0,0,D,13,11,2,3,5,9,13,3,2,0,0,0
2016/17,2016-09-10,Liverpool FC,Leicester City FC,4,1,H,2,1,H,17,12,11,3,1,7,4,8,1,2,0,0
2016/17,2016-09-10,Manchester United FC,Manchester City FC,1,2,A,1,2,A,14,18,3,6,4,4,15,10,4,2,0,0
2016/17,2016-09-10,Middlesbrough FC,Crystal Palace FC,1,2,A,1,1,D,12,12,4,4,6,6,5,9,1,2,0,0
2016/17,2016-09-10,Stoke City FC,Tottenham Hotspur FC,0,4,A,0,1,A,15,20,2,8,10,8,13,18,3,2,0,0
2016/17,2016-09-10,West Ham United FC,Watford FC,2,4,A,2,2,D,19,13,4,8,4,4,10,15,2,2,0,0
2016/17,2016-09-11,Swansea City FC,Chelsea FC,2,2,D,0,1,A,6,28,2,7,1,11,17,8,3,4,0,0
2016/17,2016-09-12,Sunderland AFC,Everton FC,0,3,A,0,0,D,11,20,2,9,5,4,11,8,1,1,0,0
2016/17,2016-09-16,Chelsea FC,Liverpool FC,1,2,A,0,2,A,12,13,4,5,6,4,6,13,1,1,0,0
2016/17,2016-09-17,Everton FC,Middlesbrough FC,3,1,H,3,1,H,11,7,6,0,6,3,5,15,2,1,0,0
2016/17,2016-09-17,Hull City FC,Arsenal FC,1,4,A,0,1,A,6,24,2,9,2,4,9,12,0,2,1,0
2016/17,2016-09-17,Leicester City FC,Burnley FC,3,0,H,1,0,H,14,7,6,2,7,1,10,9,0,1,0,0
2016/17,2016-09-17,Manchester City FC,AFC Bournemouth,4,0,H,2,0,H,20,6,12,2,5,5,8,11,1,1,1,0
2016/17,2016-09-17,West Bromwich Albion FC,West Ham United FC,4,2,H,3,0,H,8,23,6,5,2,6,14,6,2,1,0,0
2016/17,2016-09-18,Crystal Palace FC,Stoke City FC,4,1,H,2,0,H,14,11,8,4,10,5,15,9,2,1,0,0
2016/17,2016-09-18,Southampton FC,Swansea City FC,1,0,H,0,0,D,19,9,6,3,7,1,14,9,1,1,0,0
2016/17,2016-09-18,Tottenham Hotspur FC,Sunderland AFC,1,0,H,0,0,D,31,6,9,2,14,1,7,16,1,5,0,1
2016/17,2016-09-18,Watford FC,Manchester United FC,3,1,H,1,0,H,10,15,5,2,5,7,14,19,3,4,0,0
2016/17,2016-09-24,Arsenal FC,Chelsea FC,3,0,H,3,0,H,14,9,5,2,9,1,9,11,0,2,0,0
2016/17,2016-09-24,AFC Bournemouth,Everton FC,1,0,H,1,0,H,12,13,1,2,5,3,10,14,2,2,0,0
2016/17,2016-09-24,Liverpool FC,Hull City FC,5,1,H,3,0,H,32,2,12,1,13,2,8,8,1,2,0,1
2016/17,2016-09-24,Manchester United FC,Leicester City FC,4,1,H,4,0,H,16,10,7,3,8,6,9,12,0,2,0,0
2016/17,2016-09-24,Middlesbrough FC,Tottenham Hotspur FC,1,2,A,0,2,A,6,19,2,5,2,10,14,9,2,1,0,0
2016/17,2016-09-24,Stoke City FC,West Bromwich Albion FC,1,1,D,0,0,D,12,9,2,3,6,6,9,13,3,4,0,0
2016/17,2016-09-24,Sunderland AFC,Crystal Palace FC,2,3,A,1,0,H,11,20,4,4,3,5,15,12,0,2,0,0
2016/17,2016-09-24,Swansea City FC,Manchester City FC,1,3,A,1,1,D,13,18,5,4,2,7,15,9,2,4,0,0
2016/17,2016-09-25,West Ham United FC,Southampton FC,0,3,A,0,1,A,13,18,1,9,6,2,9,14,5,2,0,0
2016/17,2016-09-26,Burnley FC,Watford FC,2,0,H,1,0,H,13,12,4,3,7,6,11,15,1,3,0,0
2016/17,2016-09-30,Everton FC,Crystal Palace FC,1,1,D,1,0,H,13,10,3,2,10,9,16,11,5,4,0,0
2016/17,2016-10-01,Hull City FC,Chelsea FC,0,2,A,0,0,D,8,22,3,9,5,7,13,15,2,2,0,0
2016/17,2016-10-01,Sunderland AFC,West Bromwich Albion FC,1,1,D,0,1,A,7,17,2,7,6,5,7,13,1,3,0,0
2016/17,2016-10-01,Swansea City FC,Liverpool FC,1,2,A,1,0,H,8,18,3,6,3,10,11,9,2,2,0,0
2016/17,2016-10-01,Watford FC,AFC Bournemouth,2,2,D,0,1,A,17,11,7,2,4,5,17,12,3,4,0,0
2016/17,2016-10-01,West Ham United FC,Middlesbrough FC,1,1,D,0,0,D,19,9,2,3,4,5,13,12,2,3,0,0
2016/17,2016-10-02,Burnley FC,Arsenal FC,0,1,A,0,0,D,10,18,1,3,2,6,2,3,0,0,0,0
2016/17,2016-10-02,Leicester City FC,Southampton FC,0,0,D,0,0,D,9,11,1,5,3,6,9,9,1,0,0,0
2016/17,2016-10-02,Manchester United FC,Stoke City FC,1,1,D,0,0,D,24,7,9,6,13,2,14,9,3,0,0,0
2016/17,2016-10-02,Tottenham Hotspur FC,Manchester City FC,2,0,H,2,0,H,13,12,7,6,4,3,20,10,2,2,0,0
2016/17,2016-10-15,Arsenal FC,Swansea City FC,3,2,H,2,1,H,16,13,6,6,5,6,7,10,0,1,1,0
2016/17,2016-10-15,AFC Bournemouth,Hull City FC,6,1,H,3,1,H,22,11,10,4,5,4,8,14,0,3,0,0
2016/17,2016-10-15,Chelsea FC,Leicester City FC,3,0,H,2,0,H,16,5,6,0,8,5,6,12,1,1,0,0
2016/17,2016-10-15,Crystal Palace FC,West Ham United FC,0,1,A,0,1,A,12,12,3,4,7,6,12,13,1,3,0,1
2016/17,2016-10-15,Manchester City FC,Everton FC,1,1,D,0,0,D,19,3,8,2,13,1,7,9,0,2,0,0
2016/17,2016-10-15,Stoke City FC,Sunderland AFC,2,0,H,2,0,H,18,11,6,1,6,4,10,13,1,1,0,0
2016/17,2016-10-15,West Bromwich Albion FC,Tottenham Hotspur FC,1,1,D,0,0,D,8,20,4,8,5,8,14,10,2,2,0,0
2016/17,2016-10-16,Middlesbrough FC,Watford FC,0,1,A,0,0,D,10,4,3,2,4,6,15,10,4,1,0,0
2016/17,2016-10-16,Southampton FC,Burnley FC,3,1,H,0,0,D,34,6,14,1,8,4,11,10,1,2,0,0
2016/17,2016-10-17,Liverpool FC,Manchester United FC,0,0,D,0,0,D,9,7,3,1,3,1,14,20,0,4,0,0
2016/17,2016-10-22,Arsenal FC,Middlesbrough FC,0,0,D,0,0,D,9,11,5,4,8,3,6,13,1,0,0,0
2016/17,2016-10-22,AFC Bournemouth,Tottenham Hotspur FC,0,0,D,0,0,D,8,16,1,4,7,4,10,15,2,4,0,0
2016/17,2016-10-22,Burnley FC,Everton FC,2,1,H,1,0,H,9,20,3,8,2,8,16,15,2,3,0,0
2016/17,2016-10-22,Hull City FC,Stoke City FC,0,2,A,0,1,A,9,12,2,6,5,7,16,8,2,3,0,0
2016/17,2016-10-22,Leicester City FC,Crystal Palace FC,3,1,H,1,0,H,17,23,4,7,8,8,10,8,0,0,0,0
2016/17,2016-10-22,Liverpool FC,West Bromwich Albion FC,2,1,H,2,0,H,21,6,7,1,3,2,9,13,1,3,0,0
2016/17,2016-10-22,Swansea City FC,Watford FC,0,0,D,0,0,D,11,10,5,2,7,2,15,16,2,1,0,0
2016/17,2016-10-22,West Ham United FC,Sunderland AFC,1,0,H,0,0,D,20,10,3,2,6,2,10,13,2,5,0,0
2016/17,2016-10-23,Chelsea FC,Manchester United FC,4,0,H,2,0,H,14,16,6,5,5,7,7,17,3,2,0,0
2016/17,2016-10-23,Manchester City FC,Southampton FC,1,1,D,0,1,A,14,6,3,2,10,3,11,10,3,3,0,0
2016/17,2016-10-29,Crystal Palace FC,Liverpool FC,2,4,A,2,3,A,7,17,6,10,3,3,15,5,1,2,0,0
2016/17,2016-10-29,Manchester United FC,Burnley FC,0,0,D,0,0,D,37,7,11,1,19,1,12,9,1,3,1,0
2016/17,2016-10-29,Middlesbrough FC,AFC Bournemouth,2,0,H,1,0,H,10,15,3,3,4,7,3,5,1,1,0,0
2016/17,2016-10-29,Sunderland AFC,Arsenal FC,1,4,A,0,1,A,3,21,1,7,0,8,9,13,4,3,0,0
2016/17,2016-10-29,Tottenham Hotspur FC,Leicester City FC,1,1,D,1,0,H,22,6,5,1,8,1,11,20,3,4,0,0
2016/17,2016-10-29,Watford FC,Hull City FC,1,0,H,0,0,D,22,8,0,2,7,2,13,8,1,2,0,0
2016/17,2016-10-29,West Bromwich Albion FC,Manchester City FC,0,4,A,0,2,A,9,21,1,8,1,7,17,10,4,3,0,0
2016/17,2016-10-30,Everton FC,West Ham United FC,2,0,H,0,0,D,17,13,6,3,8,8,15,12,2,3,0,0
2016/17,2016-10-30,Southampton FC,Chelsea FC,0,2,A,0,1,A,9,13,1,7,7,3,13,16,0,0,0,0
2016/17,2016-10-31,Stoke City FC,Swansea City FC,3,1,H,1,1,D,17,14,4,6,6,4,7,14,2,0,0,0
2016/17,2016-11-05,AFC Bournemouth,Sunderland AFC,1,2,A,1,1,D,22,9,7,4,12,2,14,17,3,2,0,1
2016/17,2016-11-05,Burnley FC,Crystal Palace FC,3,2,H,2,0,H,14,16,7,5,4,7,11,12,1,2,0,0
2016/17,2016-11-05,Chelsea FC,Everton FC,5,0,H,3,0,H,21,1,9,0,4,2,5,16,0,3,0,0
2016/17,2016-11-05,Manchester City FC,Middlesbrough FC,1,1,D,1,0,H,25,5,7,3,8,2,7,15,1,3,0,0
2016/17,2016-11-05,West Ham United FC,Stoke City FC,1,1,D,0,0,D,9,12,2,4,6,4,11,10,4,1,0,0
2016/17,2016-11-06,Arsenal FC,Tottenham Hotspur FC,1,1,D,1,0,H,15,10,2,3,7,2,11,17,1,2,0,0
2016/17,2016-11-06,Hull City FC,Southampton FC,2,1,H,0,1,A,6,19,2,7,1,10,13,15,0,5,0,0
2016/17,2016-11-06,Leicester City FC,West Bromwich Albion FC,1,2,A,0,0,D,5,11,2,5,5,6,8,8,0,2,0,0
2016/17,2016-11-06,Liverpool FC,Watford FC,6,1,H,3,0,H,28,11,17,8,6,3,14,10,1,2,0,0
2016/17,2016-11-06,Swansea City FC,Manchester United FC,1,3,A,0,3,A,6,9,1,3,2,0,9,16,0,2,0,0
2016/17,2016-11-19,Crystal Palace FC,Manchester City FC,1,2,A,0,1,A,9,10,2,4,2,7,12,15,1,2,0,0
2016/17,2016-11-19,Everton FC,Swansea City FC,1,1,D,0,1,A,14,5,6,3,10,3,13,12,4,2,0,0
2016/17,2016-11-19,Manchester United FC,Arsenal FC,1,1,D,0,0,D,12,5,5,1,10,4,14,11,3,3,0,0
2016/17,2016-11-19,Southampton FC,Liverpool FC,0,0,D,0,0,D,3,15,0,2,1,8,8,11,1,1,0,0
2016/17,2016-11-19,Stoke City FC,AFC Bournemouth,0,1,A,0,1,A,14,9,6,2,3,4,17,10,3,2,0,0
2016/17,2016-11-19,Sunderland AFC,Hull City FC,3,0,H,1,0,H,11,17,4,7,2,8,9,8,1,0,1,0
2016/17,2016-11-19,Tottenham Hotspur FC,West Ham United FC,3,2,H,0,1,A,14,11,6,3,4,5,13,16,3,2,0,1
2016/17,2016-11-19,Watford FC,Leicester City FC,2,1,H,2,1,H,10,10,3,2,4,6,12,18,2,3,0,0
2016/17,2016-11-20,Middlesbrough FC,Chelsea FC,0,1,A,0,1,A,12,13,1,3,2,3,13,10,2,3,0,0
2016/17,2016-11-21,West Bromwich Albion FC,Burnley FC,4,0,H,3,0,H,16,5,6,2,4,3,12,12,0,0,0,0
2016/17,2016-11-26,Burnley FC,Manchester City FC,1,2,A,1,1,D,10,21,5,5,5,8,5,15,2,3,0,0
2016/17,2016-11-26,Chelsea FC,Tottenham Hotspur FC,2,1,H,1,1,D,9,12,5,6,3,8,13,16,2,1,0,0
2016/17,2016-11-26,Hull City FC,West Bromwich Albion FC,1,1,D,0,1,A,10,11,4,2,2,6,7,10,3,2,0,0
2016/17,2016-11-26,Leicester City FC,Middlesbrough FC,2,2,D,1,1,D,11,6,3,2,2,3,15,12,4,4,0,0
2016/17,2016-11-26,Liverpool FC,Sunderland AFC,2,0,H,0,0,D,27,6,7,1,9,4,5,9,1,3,0,0
2016/17,2016-11-26,Swansea City FC,Crystal Palace FC,5,4,H,1,1,D,18,12,9,4,10,6,12,24,4,5,0,0
2016/17,2016-11-27,Arsenal FC,AFC Bournemouth,3,1,H,1,1,D,16,9,3,3,3,10,12,13,3,5,0,0
2016/17,2016-11-27,Manchester United FC,West Ham United FC,1,1,D,1,1,D,17,6,8,2,8,4,16,16,3,1,0,0
2016/17,2016-11-27,Southampton FC,Everton FC,1,0,H,1,0,H,17,13,7,1,5,2,11,15,0,2,0,0
2016/17,2016-11-27,Watford FC,Stoke City FC,0,1,A,0,1,A,11,14,2,1,3,3,24,14,3,0,1,0
2016/17,2016-12-03,Crystal Palace FC,Southampton FC,3,0,H,2,0,H,9,17,4,3,4,9,11,13,3,1,0,0
2016/17,2016-12-03,Manchester City FC,Chelsea FC,1,3,A,1,0,H,14,10,5,4,9,2,14,9,2,3,2,0
2016/17,2016-12-03,Stoke City FC,Burnley FC,2,0,H,2,0,H,10,14,4,4,4,9,7,13,3,2,0,0
2016/17,2016-12-03,Sunderland AFC,Leicester City FC,2,1,H,0,0,D,22,17,6,5,3,4,8,12,3,1,0,0
2016/17,2016-12-03,Tottenham Hotspur FC,Swansea City FC,5,0,H,2,0,H,28,1,15,0,5,0,11,17,0,4,0,0
2016/17,2016-12-03,West Bromwich Albion FC,Watford FC,3,1,H,2,0,H,11,17,3,5,3,4,12,8,2,1,0,1
2016/17,2016-12-03,West Ham United FC,Arsenal FC,1,5,A,0,1,A,10,19,3,10,3,2,10,11,3,3,0,0
2016/17,2016-12-04,AFC Bournemouth,Liverpool FC,4,3,H,0,2,A,12,10,8,3,4,9,9,17,2,2,0,0
2016/17,2016-12-04,Everton FC,Manchester United FC,1,1,D,0,1,A,13,10,6,2,6,3,13,11,2,3,0,0
2016/17,2016-12-05,Middlesbrough FC,Hull City FC,1,0,H,0,0,D,16,6,4,2,13,7,6,11,1,1,0,0
2016/17,2016-12-10,Arsenal FC,Stoke City FC,3,1,H,1,1,D,21,12,6,5,7,7,9,6,0,0,0,0
2016/17,2016-12-10,Burnley FC,AFC Bournemouth,3,2,H,2,1,H,16,17,7,4,4,11,14,18,2,2,0,0
2016/17,2016-12-10,Hull City FC,Crystal Palace FC,3,3,D,1,0,H,15,14,6,6,4,7,16,14,2,4,0,0
2016/17,2016-12-10,Leicester City FC,Manchester City FC,4,2,H,3,0,H,10,19,6,4,3,11,10,7,2,1,0,0
2016/17,2016-12-10,Swansea City FC,Sunderland AFC,3,0,H,0,0,D,14,11,5,2,7,4,10,8,1,2,0,0
2016/17,2016-12-10,Watford FC,Everton FC,3,2,H,1,1,D,11,11,6,4,2,4,11,16,2,2,0,0
2016/17,2016-12-11,Chelsea FC,West Bromwich Albion FC,1,0,H,0,0,D,12,6,2,1,3,1,6,10,2,4,0,0
2016/17,2016-12-11,Liverpool FC,West Ham United FC,2,2,D,1,2,A,18,7,3,3,11,4,7,8,2,0,0,0
2016/17,2016-12-11,Manchester United FC,Tottenham Hotspur FC,1,0,H,1,0,H,15,12,5,4,3,8,19,17,3,3,0,0
2016/17,2016-12-11,Southampton FC,Middlesbrough FC,1,0,H,0,0,D,14,6,3,2,4,2,14,12,4,3,0,0
2016/17,2016-12-13,AFC Bournemouth,Leicester City FC,1,0,H,1,0,H,9,12,3,4,4,11,5,15,0,3,0,0
2016/17,2016-12-13,Everton FC,Arsenal FC,2,1,H,1,1,D,14,9,4,3,8,3,10,10,1,1,1,0
2016/17,2016-12-14,Crystal Palace FC,Manchester United FC,1,2,A,0,1,A,6,16,3,6,1,8,16,10,2,2,0,0
2016/17,2016-12-14,Manchester City FC,Watford FC,2,0,H,1,0,H,13,5,7,2,5,2,16,20,1,2,0,0
2016/17,2016-12-14,Middlesbrough FC,Liverpool FC,0,3,A,0,1,A,8,15,3,4,5,2,11,14,1,0,0,0
2016/17,2016-12-14,Stoke City FC,Southampton FC,0,0,D,0,0,D,5,15,3,4,3,11,9,10,1,2,1,0
2016/17,2016-12-14,Sunderland AFC,Chelsea FC,0,1,A,0,1,A,8,19,3,6,5,5,15,10,3,2,0,0
2016/17,2016-12-14,Tottenham Hotspur FC,Hull City FC,3,0,H,1,0,H,27,10,9,5,5,5,6,14,0,2,0,0
2016/17,2016-12-14,West Bromwich Albion FC,Swansea City FC,3,1,H,0,0,D,13,8,4,4,0,11,8,8,0,0,0,0
2016/17,2016-12-14,West Ham United FC,Burnley FC,1,0,H,1,0,H,20,8,7,2,6,1,12,15,0,2,0,0
2016/17,2016-12-17,Crystal Palace FC,Chelsea FC,0,1,A,0,1,A,6,13,2,6,5,3,12,15,2,3,0,0
2016/17,2016-12-17,Middlesbrough FC,Swansea City FC,3,0,H,2,0,H,10,14,4,2,3,8,10,11,1,0,0,0
2016/17,2016-12-17,Stoke City FC,Leicester City FC,2,2,D,2,0,H,16,14,7,8,9,9,9,12,2,6,0,1
2016/17,2016-12-17,Sunderland AFC,Watford FC,1,0,H,0,0,D,12,9,4,4,4,11,10,9,1,2,0,0
2016/17,2016-12-17,West Bromwich Albion FC,Manchester United FC,0,2,A,0,1,A,10,10,1,5,2,3,9,13,3,3,0,0
2016/17,2016-12-17,West Ham United FC,Hull City FC,1,0,H,0,0,D,18,16,6,5,10,6,13,9,2,4,0,0
2016/17,2016-12-18,AFC Bournemouth,Southampton FC,1,3,A,1,1,D,10,14,5,8,7,4,6,12,0,2,0,0
2016/17,2016-12-18,Manchester City FC,Arsenal FC,2,1,H,0,1,A,14,6,5,1,8,1,9,13,4,2,0,0
2016/17,2016-12-18,Tottenham Hotspur FC,Burnley FC,2,1,H,1,1,D,30,5,9,2,11,2,10,11,1,2,0,0
2016/17,2016-12-19,Everton FC,Liverpool FC,0,1,A,0,0,D,6,11,1,4,1,6,13,9,3,1,0,0
2016/17,2016-12-26,Arsenal FC,West Bromwich Albion FC,1,0,H,0,0,D,26,3,11,1,6,5,11,7,2,1,0,0
2016/17,2016-12-26,Burnley FC,Middlesbrough FC,1,0,H,0,0,D,6,8,4,2,7,3,17,18,6,5,0,0
2016/17,2016-12-26,Chelsea FC,AFC Bournemouth,3,0,H,1,0,H,14,7,4,3,5,5,13,14,1,1,0,0
2016/17,2016-12-26,Hull City FC,Manchester City FC,0,3,A,0,0,D,10,16,3,6,4,7,11,14,1,0,0,0
2016/17,2016-12-26,Leicester City FC,Everton FC,0,2,A,0,0,D,7,8,2,3,3,4,14,7,3,0,0,0
2016/17,2016-12-26,Manchester United FC,Sunderland AFC,3,1,H,1,0,H,26,7,9,4,5,5,6,9,1,1,0,0
2016/17,2016-12-26,Swansea City FC,West Ham United FC,1,4,A,0,1,A,14,14,7,7,8,4,10,12,0,0,0,0
2016/17,2016-12-26,Watford FC,Crystal Palace FC,1,1,D,0,1,A,9,10,3,4,7,3,18,17,2,4,0,0
2016/17,2016-12-27,Liverpool FC,Stoke City FC,4,1,H,2,1,H,20,6,6,2,8,2,9,6,0,1,0,0
2016/17,2016-12-28,Southampton FC,Tottenham Hotspur FC,1,4,A,1,1,D,9,17,2,5,2,10,7,16,1,4,1,0
2016/17,2016-12-30,Hull City FC,Everton FC,2,2,D,1,1,D,13,20,4,7,5,5,10,13,2,2,0,0
2016/17,2016-12-31,Burnley FC,Sunderland AFC,4,1,H,1,0,H,16,11,6,3,6,2,10,8,1,1,0,0
2016/17,2016-12-31,Chelsea FC,Stoke City FC,4,2,H,1,0,H,18,5,7,2,8,3,12,10,3,2,0,0
2016/17,2016-12-31,Leicester City FC,West Ham United FC,1,0,H,1,0,H,12,25,4,5,7,7,11,8,5,3,0,0
2016/17,2016-12-31,Liverpool FC,Manchester City FC,1,0,H,1,0,H,5,9,1,2,4,6,12,12,2,1,0,0
2016/17,2016-12-31,Manchester United FC,Middlesbrough FC,2,1,H,0,0,D,32,9,12,2,12,2,9,14,1,1,0,0
2016/17,2016-12-31,Southampton FC,West Bromwich Albion FC,1,2,A,1,1,D,10,7,1,3,8,3,13,17,1,3,1,0
2016/17,2016-12-31,Swansea City FC,AFC Bournemouth,0,3,A,0,2,A,14,11,5,6,4,3,14,9,2,0,0,0
2016/17,2017-01-01,Arsenal FC,Crystal Palace FC,2,0,H,1,0,H,22,7,7,4,8,4,9,7,1,1,0,0
2016/17,2017-01-01,Watford FC,Tottenham Hotspur FC,1,4,A,0,3,A,6,19,2,6,0,3,11,6,3,0,0,0
2016/17,2017-01-02,Everton FC,Southampton FC,3,0,H,0,0,D,17,12,6,3,10,8,5,14,0,1,0,0
2016/17,2017-01-02,Manchester City FC,Burnley FC,2,1,H,0,0,D,14,11,3,3,8,8,11,11,4,3,1,0
2016/17,2017-01-02,Middlesbrough FC,Leicester City FC,0,0,D,0,0,D,9,10,1,4,2,2,10,9,3,0,0,0
2016/17,2017-01-02,Sunderland AFC,Liverpool FC,2,2,D,1,1,D,10,21,5,15,2,5,10,10,2,3,0,0
2016/17,2017-01-02,West Bromwich Albion FC,Hull City FC,3,1,H,0,1,A,8,17,5,6,7,9,5,4,0,0,0,0
2016/17,2017-01-02,West Ham United FC,Manchester United FC,0,2,A,0,0,D,8,13,2,6,2,1,9,13,1,2,1,0
2016/17,2017-01-03,AFC Bournemouth,Arsenal FC,3,3,D,2,0,H,12,14,6,4,4,7,10,12,3,3,1,0
2016/17,2017-01-03,Crystal Palace FC,Swansea City FC,1,2,A,0,1,A,7,11,3,4,4,5,13,14,2,1,0,0
2016/17,2017-01-03,Stoke City FC,Watford FC,2,0,H,1,0,H,17,9,5,2,7,6,10,15,1,2,0,0
2016/17,2017-01-04,Tottenham Hotspur FC,Chelsea FC,2,0,H,1,0,H,9,11,2,2,1,6,9,8,3,2,0,0
2016/17,2017-01-14,Burnley FC,Southampton FC,1,0,H,0,0,D,9,20,3,5,2,7,14,14,1,2,0,0
2016/17,2017-01-14,Hull City FC,AFC Bournemouth,3,1,H,1,1,D,14,8,3,6,4,5,13,11,0,1,0,0
2016/17,2017-01-14,Leicester City FC,Chelsea FC,0,3,A,0,1,A,7,8,2,3,3,5,8,9,1,0,0,0
2016/17,2017-01-14,Sunderland AFC,Stoke City FC,1,3,A,1,3,A,14,14,3,6,5,2,16,11,3,1,0,0
2016/17,2017-01-14,Swansea City FC,Arsenal FC,0,4,A,0,1,A,12,14,3,6,3,2,12,8,2,0,0,0
2016/17,2017-01-14,Tottenham Hotspur FC,West Bromwich Albion FC,4,0,H,2,0,H,21,3,11,0,8,0,11,12,0,2,0,0
2016/17,2017-01-14,Watford FC,Middlesbrough FC,0,0,D,0,0,D,12,5,5,1,3,1,15,15,3,1,0,0
2016/17,2017-01-14,West Ham United FC,Crystal Palace FC,3,0,H,0,0,D,14,10,3,1,2,2,10,14,4,2,0,0
2016/17,2017-01-15,Everton FC,Manchester City FC,4,0,H,1,0,H,6,13,4,5,3,6,17,7,2,2,0,0
2016/17,2017-01-15,Manchester United FC,Liverpool FC,1,1,D,0,1,A,9,13,3,4,5,7,17,13,1,3,0,0
2016/17,2017-01-21,AFC Bournemouth,Watford FC,2,2,D,0,1,A,15,10,5,3,9,4,6,16,1,1,0,0
2016/17,2017-01-21,Crystal Palace FC,Everton FC,0,1,A,0,0,D,8,16,2,8,8,7,10,15,0,1,0,0
2016/17,2017-01-21,Liverpool FC,Swansea City FC,2,3,A,0,0,D,16,6,5,3,6,3,7,7,1,1,0,0
2016/17,2017-01-21,Manchester City FC,Tottenham Hotspur FC,2,2,D,0,0,D,17,6,7,2,5,4,10,7,2,4,0,0
2016/17,2017-01-21,Middlesbrough FC,West Ham United FC,1,3,A,1,2,A,11,13,2,5,7,5,7,14,2,1,0,0
2016/17,2017-01-21,Stoke City FC,Manchester United FC,1,1,D,1,0,H,6,25,1,8,1,7,12,13,4,0,0,0
2016/17,2017-01-21,West Bromwich Albion FC,Sunderland AFC,2,0,H,2,0,H,14,9,5,3,1,4,15,12,1,1,0,0
2016/17,2017-01-22,Arsenal FC,Burnley FC,2,1,H,0,0,D,24,13,8,7,10,4,12,11,1,3,1,0
2016/17,2017-01-22,Chelsea FC,Hull City FC,2,0,H,1,0,H,9,9,5,4,9,7,12,10,1,3,0,0
2016/17,2017-01-22,Southampton FC,Leicester City FC,3,0,H,2,0,H,20,11,7,2,7,2,8,10,0,1,0,0
2016/17,2017-01-31,Arsenal FC,Watford FC,1,2,A,0,2,A,20,10,5,6,9,5,12,15,3,3,0,0
2016/17,2017-01-31,AFC Bournemouth,Crystal Palace FC,0,2,A,0,0,D,10,11,2,4,2,3,14,23,0,4,0,0
2016/17,2017-01-31,Burnley FC,Leicester City FC,1,0,H,0,0,D,24,13,3,5,10,2,4,8,1,0,0,0
2016/17,2017-01-31,Liverpool FC,Chelsea FC,1,1,D,0,1,A,7,8,3,2,3,3,13,8,2,1,0,0
2016/17,2017-01-31,Middlesbrough FC,West Bromwich Albion FC,1,1,D,1,1,D,11,16,3,5,4,2,12,13,2,1,0,0
2016/17,2017-01-31,Sunderland AFC,Tottenham Hotspur FC,0,0,D,0,0,D,3,14,1,3,2,12,9,13,2,1,0,0
2016/17,2017-01-31,Swansea City FC,Southampton FC,2,1,H,1,0,H,11,10,5,2,5,4,10,19,2,0,0,0
2016/17,2017-02-01,Manchester United FC,Hull City FC,0,0,D,0,0,D,15,6,6,2,7,1,20,16,1,4,0,0
2016/17,2017-02-01,Stoke City FC,Everton FC,1,1,D,1,1,D,14,14,7,5,5,5,21,12,1,0,0,0
2016/17,2017-02-01,West Ham United FC,Manchester City FC,0,4,A,0,3,A,6,11,1,4,2,4,11,14,3,3,0,0
2016/17,2017-02-04,Chelsea FC,Arsenal FC,3,1,H,1,0,H,13,9,6,5,10,13,14,8,1,1,0,0
2016/17,2017-02-04,Crystal Palace FC,Sunderland AFC,0,4,A,0,4,A,21,10,9,7,6,1,8,8,3,3,0,0
2016/17,2017-02-04,Everton FC,AFC Bournemouth,6,3,H,3,0,H,15,18,10,8,4,8,14,4,3,1,0,0
2016/17,2017-02-04,Hull City FC,Liverpool FC,2,0,H,1,0,H,7,22,4,5,1,15,9,12,2,1,0,0
2016/17,2017-02-04,Southampton FC,West Ham United FC,1,3,A,1,2,A,21,6,7,4,3,2,12,15,0,2,0,0
2016/17,2017-02-04,Tottenham Hotspur FC,Middlesbrough FC,1,0,H,0,0,D,17,8,5,0,11,2,8,11,0,1,0,0
2016/17,2017-02-04,Watford FC,Burnley FC,2,1,H,2,0,H,16,11,7,7,3,6,12,10,5,0,0,1
2016/17,2017-02-04,West Bromwich Albion FC,Stoke City FC,1,0,H,1,0,H,16,12,4,2,5,6,6,13,2,2,0,0
2016/17,2017-02-05,Leicester City FC,Manchester United FC,0,3,A,0,2,A,11,15,1,9,10,3,12,13,2,4,0,0
2016/17,2017-02-05,Manchester City FC,Swansea City FC,2,1,H,1,0,H,17,4,5,2,10,3,9,13,2,3,0,0
2016/17,2017-02-11,Arsenal FC,Hull City FC,2,0,H,1,0,H,17,9,7,4,3,8,12,9,3,1,0,1
2016/17,2017-02-11,Liverpool FC,Tottenham Hotspur FC,2,0,H,2,0,H,17,7,9,2,10,3,14,14,3,4,0,0
2016/17,2017-02-11,Manchester United FC,Watford FC,2,0,H,1,0,H,22,9,11,3,5,1,10,12,1,0,0,0
2016/17,2017-02-11,Middlesbrough FC,Everton FC,0,0,D,0,0,D,9,7,3,3,5,2,14,9,2,0,0,0
2016/17,2017-02-11,Stoke City FC,Crystal Palace FC,1,0,H,0,0,D,7,6,4,1,5,5,10,14,1,3,0,0
2016/17,2017-02-11,Sunderland AFC,Southampton FC,0,4,A,0,2,A,6,15,1,8,6,2,12,14,1,0,0,0
2016/17,2017-02-11,West Ham United FC,West Bromwich Albion FC,2,2,D,0,1,A,16,8,4,3,7,5,7,14,3,2,0,0
2016/17,2017-02-12,Burnley FC,Chelsea FC,1,1,D,1,1,D,6,13,4,2,1,1,12,11,3,2,0,0
2016/17,2017-02-12,Swansea City FC,Leicester City FC,2,0,H,2,0,H,10,9,4,1,7,3,7,14,2,2,0,0
2016/17,2017-02-13,AFC Bournemouth,Manchester City FC,0,2,A,0,1,A,5,17,1,5,3,7,8,11,2,3,0,0
2016/17,2017-02-25,Chelsea FC,Swansea City FC,3,1,H,1,1,D,16,3,5,2,8,1,11,14,1,3,0,0
2016/17,2017-02-25,Crystal Palace FC,Middlesbrough FC,1,0,H,1,0,H,15,11,3,4,4,2,13,15,3,1,0,0
2016/17,2017-02-25,Everton FC,Sunderland AFC,2,0,H,1,0,H,20,10,8,1,10,6,10,16,0,2,0,0
2016/17,2017-02-25,Hull City FC,Burnley FC,1,1,D,0,0,D,15,10,1,3,6,3,8,13,1,1,0,1
2016/17,2017-02-25,Watford FC,West Ham United FC,1,1,D,1,0,H,9,13,1,2,4,6,18,14,4,1,0,1
2016/17,2017-02-25,West Bromwich Albion FC,AFC Bournemouth,2,1,H,2,1,H,13,12,4,4,8,6,12,5,2,0,0,0
2016/17,2017-02-26,Tottenham Hotspur FC,Stoke City FC,4,0,H,4,0,H,21,5,9,3,8,5,11,14,2,3,0,0
2016/17,2017-02-27,Leicester City FC,Liverpool FC,3,1,H,2,0,H,13,17,7,7,5,12,8,5,0,0,0,0
2016/17,2017-03-04,Leicester City FC,Hull City FC,3,1,H,1,1,D,17,10,5,4,10,4,12,13,1,1,0,0
2016/17,2017-03-04,Liverpool FC,Arsenal FC,3,1,H,2,0,H,18,7,7,3,9,3,8,15,1,2,0,0
2016/17,2017-03-04,Manchester United FC,AFC Bournemouth,1,1,D,1,1,D,20,3,7,1,15,2,9,11,3,2,0,1
2016/17,2017-03-04,Stoke City FC,Middlesbrough FC,2,0,H,2,0,H,13,8,8,2,6,1,16,20,1,2,0,0
2016/17,2017-03-04,Swansea City FC,Burnley FC,3,2,H,1,1,D,23,6,10,4,9,2,7,13,2,2,0,0
2016/17,2017-03-04,Watford FC,Southampton FC,3,4,A,1,2,A,16,20,4,11,6,5,16,9,3,2,0,0
2016/17,2017-03-04,West Bromwich Albion FC,Crystal Palace FC,0,2,A,0,0,D,11,10,1,4,5,5,8,12,0,1,0,0
2016/17,2017-03-05,Sunderland AFC,Manchester City FC,0,2,A,0,1,A,11,14,3,7,6,4,11,4,1,0,0,0
2016/17,2017-03-05,Tottenham Hotspur FC,Everton FC,3,2,H,1,0,H,20,8,7,4,7,2,9,14,1,2,0,0
2016/17,2017-03-06,West Ham United FC,Chelsea FC,1,2,A,0,1,A,11,9,2,4,6,4,8,8,0,1,0,0
2016/17,2017-03-08,Manchester City FC,Stoke City FC,0,0,D,0,0,D,12,5,1,2,8,1,8,11,1,3,0,0
2016/17,2017-03-11,AFC Bournemouth,West Ham United FC,3,2,H,1,1,D,21,15,9,7,5,6,20,15,4,2,0,0
2016/17,2017-03-11,Everton FC,West Bromwich Albion FC,3,0,H,2,0,H,16,5,5,2,4,6,8,12,1,2,0,0
2016/17,2017-03-11,Hull City FC,Swansea City FC,2,1,H,0,0,D,15,11,7,3,2,7,14,5,3,1,0,0
2016/17,2017-03-12,Liverpool FC,Burnley FC,2,1,H,1,1,D,10,11,3,1,11,1,12,16,2,2,0,0
2016/17,2017-03-18,AFC Bournemouth,Swansea City FC,2,0,H,1,0,H,12,10,6,1,2,4,10,9,0,2,0,0
2016/17,2017-03-18,Crystal Palace FC,Watford FC,1,0,H,0,0,D,7,6,0,2,3,2,8,15,0,2,0,0
2016/17,2017-03-18,Everton FC,Hull City FC,4,0,H,1,0,H,14,6,8,0,5,8,9,7,2,0,0,1
2016/17,2017-03-18,Stoke City FC,Chelsea FC,1,2,A,1,1,D,5,20,1,7,5,11,16,11,4,2,1,0
2016/17,2017-03-18,Sunderland AFC,Burnley FC,0,0,D,0,0,D,14,17,5,3,3,5,14,7,2,1,0,0
2016/17,2017-03-18,West Bromwich Albion FC,Arsenal FC,3,1,H,1,1,D,12,11,8,2,4,5,5,6,1,0,0,0
2016/17,2017-03-18,West Ham United FC,Leicester City FC,2,3,A,1,3,A,20,11,7,5,6,5,10,14,0,1,0,0
2016/17,2017-03-19,Manchester City FC,Liverpool FC,1,1,D,0,0,D,13,13,3,4,9,8,14,7,3,3,0,0
2016/17,2017-03-19,Middlesbrough FC,Manchester United FC,1,3,A,0,1,A,10,14,3,6,8,3,9,8,1,1,0,0
2016/17,2017-03-19,Tottenham Hotspur FC,Southampton FC,2,1,H,2,0,H,12,8,6,3,5,1,12,13,3,3,0,0
2016/17,2017-04-01,Burnley FC,Tottenham Hotspur FC,0,2,A,0,0,D,13,19,2,7,3,7,9,6,2,0,0,0
2016/17,2017-04-01,Chelsea FC,Crystal Palace FC,1,2,A,1,2,A,24,8,11,3,9,3,12,14,3,2,0,0
2016/17,2017-04-01,Hull City FC,West Ham United FC,2,1,H,0,1,A,7,12,3,4,5,5,16,9,2,2,0,0
2016/17,2017-04-01,Leicester City FC,Stoke City FC,2,0,H,1,0,H,23,10,10,2,10,4,7,11,1,4,0,0
2016/17,2017-04-01,Liverpool FC,Everton FC,3,1,H,2,1,H,10,9,6,4,2,3,17,10,1,3,0,0
2016/17,2017-04-01,Manchester United FC,West Bromwich Albion FC,0,0,D,0,0,D,18,3,3,1,6,1,15,13,3,3,0,0
2016/17,2017-04-01,Southampton FC,AFC Bournemouth,0,0,D,0,0,D,14,12,4,3,6,3,14,8,1,0,0,0
2016/17,2017-04-01,Watford FC,Sunderland AFC,1,0,H,0,0,D,23,11,10,3,13,9,12,8,1,3,0,0
2016/17,2017-04-02,Arsenal FC,Manchester City FC,2,2,D,1,2,A,8,14,3,5,3,8,8,15,3,2,0,0
2016/17,2017-04-02,Swansea City FC,Middlesbrough FC,0,0,D,0,0,D,15,8,3,1,11,3,9,16,2,3,0,0
2016/17,2017-04-04,Burnley FC,Stoke City FC,1,0,H,0,0,D,7,15,3,2,3,5,9,16,3,2,0,0
2016/17,2017-04-04,Leicester City FC,Sunderland AFC,2,0,H,0,0,D,19,15,8,3,5,6,12,13,0,1,0,0
2016/17,2017-04-04,Manchester United FC,Everton FC,1,1,D,0,1,A,18,11,3,4,6,5,10,18,1,4,0,1
2016/17,2017-04-04,Watford FC,West Bromwich Albion FC,2,0,H,1,0,H,9,18,2,2,5,6,11,14,1,4,1,0
2016/17,2017-04-05,Arsenal FC,West Ham United FC,3,0,H,0,0,D,21,7,8,2,5,0,11,5,2,2,0,0
2016/17,2017-04-05,Chelsea FC,Manchester City FC,2,1,H,2,1,H,10,17,4,7,2,9,10,14,1,3,0,0
2016/17,2017-04-05,Hull City FC,Middlesbrough FC,4,2,H,3,2,H,17,12,5,4,8,4,13,12,2,1,0,0
2016/17,2017-04-05,Liverpool FC,AFC Bournemouth,2,2,D,1,1,D,20,7,8,2,7,2,11,8,1,1,0,0
2016/17,2017-04-05,Southampton FC,Crystal Palace FC,3,1,H,1,1,D,25,17,9,3,11,11,16,11,2,1,0,0
2016/17,2017-04-05,Swansea City FC,Tottenham Hotspur FC,1,3,A,1,0,H,4,18,1,8,5,7,7,8,1,1,0,0
2016/17,2017-04-08,AFC Bournemouth,Chelsea FC,1,3,A,1,2,A,12,15,1,5,4,4,7,11,2,3,0,0
2016/17,2017-04-08,Manchester City FC,Hull City FC,3,1,H,1,0,H,23,6,7,1,7,3,6,8,0,2,0,0
2016/17,2017-04-08,Middlesbrough FC,Burnley FC,0,0,D,0,0,D,12,7,5,2,4,3,9,12,0,3,0,0
2016/17,2017-04-08,Stoke City FC,Liverpool FC,1,2,A,1,0,H,9,14,4,4,5,8,7,11,0,2,0,0
2016/17,2017-04-08,Tottenham Hotspur FC,Watford FC,4,0,H,3,0,H,19,8,6,2,7,5,12,12,0,1,0,0
2016/17,2017-04-08,West Bromwich Albion FC,Southampton FC,0,1,A,0,1,A,17,10,6,3,7,3,12,12,2,2,0,0
2016/17,2017-04-08,West Ham United FC,Swansea City FC,1,0,H,1,0,H,14,4,6,1,4,3,12,12,5,1,0,0
2016/17,2017-04-09,Everton FC,Leicester City FC,4,2,H,3,2,H,12,6,7,4,4,6,8,15,2,2,0,0
2016/17,2017-04-09,Sunderland AFC,Manchester United FC,0,3,A,0,1,A,9,18,4,9,4,5,14,20,1,5,1,0
2016/17,2017-04-10,Crystal Palace FC,Arsenal FC,3,0,H,1,0,H,17,11,6,3,5,8,11,10,0,1,0,0
2016/17,2017-04-15,Crystal Palace FC,Leicester City FC,2,2,D,0,1,A,15,6,4,2,8,5,10,16,0,2,0,0
2016/17,2017-04-15,Everton FC,Burnley FC,3,1,H,0,0,D,29,13,7,6,6,7,15,14,2,0,0,0
2016/17,2017-04-15,Southampton FC,Manchester City FC,0,3,A,0,0,D,8,18,1,5,3,8,9,8,3,0,0,0
2016/17,2017-04-15,Stoke City FC,Hull City FC,3,1,H,1,0,H,14,14,4,3,3,7,12,5,0,2,0,0
2016/17,2017-04-15,Sunderland AFC,West Ham United FC,2,2,D,1,1,D,14,7,4,3,8,1,14,10,1,0,0,1
2016/17,2017-04-15,Tottenham Hotspur FC,AFC Bournemouth,4,0,H,2,0,H,24,5,14,1,13,1,8,10,0,1,0,0
2016/17,2017-04-15,Watford FC,Swansea City FC,1,0,H,1,0,H,15,13,7,4,6,2,8,13,0,0,0,0
2016/17,2017-04-16,Manchester United FC,Chelsea FC,2,0,H,1,0,H,9,5,3,0,1,3,16,20,3,3,0,0
2016/17,2017-04-16,West Bromwich Albion FC,Liverpool FC,0,1,A,0,1,A,7,15,2,2,4,4,15,9,3,1,0,0
2016/17,2017-04-17,Middlesbrough FC,Arsenal FC,1,2,A,0,1,A,13,12,5,4,2,4,11,16,2,2,0,0
2016/17,2017-04-22,AFC Bournemouth,Middlesbrough FC,4,0,H,2,0,H,20,5,10,2,4,3,4,14,0,2,0,1
2016/17,2017-04-22,Hull City FC,Watford FC,2,0,H,0,0,D,8,13,3,2,4,7,10,11,3,1,1,0
2016/17,2017-04-22,Swansea City FC,Stoke City FC,2,0,H,1,0,H,10,9,6,3,11,4,5,14,2,2,0,0
2016/17,2017-04-22,West Ham United FC,Everton FC,0,0,D,0,0,D,15,4,3,0,8,4,9,15,2,3,0,0
2016/17,2017-04-23,Burnley FC,Manchester United FC,0,2,A,0,2,A,8,12,0,6,3,3,17,16,2,1,0,0
2016/17,2017-04-23,Liverpool FC,Crystal Palace FC,1,2,A,1,1,D,14,7,1,3,4,3,8,10,1,2,0,0
2016/17,2017-04-25,Chelsea FC,Southampton FC,4,2,H,2,1,H,17,12,7,4,6,7,13,9,2,2,0,0
2016/17,2017-04-26,Arsenal FC,Leicester City FC,1,0,H,0,0,D,12,7,5,3,12,1,9,13,2,4,0,0
2016/17,2017-04-26,Crystal Palace FC,Tottenham Hotspur FC,0,1,A,0,0,D,6,18,1,4,2,11,13,15,3,3,0,0
2016/17,2017-04-26,Middlesbrough FC,Sunderland AFC,1,0,H,1,0,H,6,10,2,4,3,5,15,11,3,3,0,0
2016/17,2017-04-27,Manchester City FC,Manchester United FC,0,0,D,0,0,D,19,3,6,1,7,4,10,8,1,0,0,1
2016/17,2017-04-29,Crystal Palace FC,Burnley FC,0,2,A,0,1,A,15,9,5,3,14,4,11,12,2,0,0,0
2016/17,2017-04-29,Southampton FC,Hull City FC,0,0,D,0,0,D,11,9,2,1,6,6,9,13,0,3,0,0
2016/17,2017-04-29,Stoke City FC,West Ham United FC,0,0,D,0,0,D,19,12,4,4,5,3,12,3,1,0,0,0
2016/17,2017-04-29,Sunderland AFC,AFC Bournemouth,0,1,A,0,0,D,17,15,5,7,6,5,13,9,3,2,0,0
2016/17,2017-04-29,West Bromwich Albion FC,Leicester City FC,0,1,A,0,1,A,16,6,4,1,5,6,14,9,2,2,0,0
2016/17,2017-04-30,Everton FC,Chelsea FC,0,3,A,0,0,D,12,11,4,5,2,4,13,11,3,4,0,0
2016/17,2017-04-30,Manchester United FC,Swansea City FC,1,1,D,1,0,H,12,12,6,4,5,2,11,13,2,2,0,0
2016/17,2017-04-30,Middlesbrough FC,Manchester City FC,2,2,D,1,0,H,14,22,6,4,4,11,9,9,4,4,0,0
2016/17,2017-04-30,Tottenham Hotspur FC,Arsenal FC,2,0,H,0,0,D,20,12,11,4,14,5,7,15,1,3,0,0
2016/17,2017-05-01,Watford FC,Liverpool FC,0,1,A,0,1,A,9,12,2,8,3,5,11,9,3,1,0,0
2016/17,2017-05-05,West Ham United FC,Tottenham Hotspur FC,1,0,H,0,0,D,13,11,5,5,3,7,8,9,4,2,0,0
2016/17,2017-05-06,AFC Bournemouth,Stoke City FC,2,2,D,0,1,A,12,14,2,3,0,7,10,15,2,0,0,0
2016/17,2017-05-06,Burnley FC,West Bromwich Albion FC,2,2,D,0,0,D,14,11,4,3,5,8,9,14,1,3,0,0
2016/17,2017-05-06,Hull City FC,Sunderland AFC,0,2,A,0,0,D,16,12,6,5,7,4,10,8,3,1,0,0
2016/17,2017-05-06,Leicester City FC,Watford FC,3,0,H,1,0,H,11,14,5,7,10,1,8,10,0,0,0,0
2016/17,2017-05-06,Manchester City FC,Crystal Palace FC,5,0,H,1,0,H,26,5,12,2,9,3,12,8,1,3,0,0
2016/17,2017-05-06,Swansea City FC,Everton FC,1,0,H,1,0,H,9,8,4,2,9,5,5,13,0,0,0,0
2016/17,2017-05-07,Arsenal FC,Manchester United FC,2,0,H,0,0,D,9,10,4,4,5,9,14,10,1,0,0,0
2016/17,2017-05-07,Liverpool FC,Southampton FC,0,0,D,0,0,D,17,4,8,0,3,6,9,4,1,3,0,0
2016/17,2017-05-08,Chelsea FC,Middlesbrough FC,3,0,H,2,0,H,21,2,7,1,8,1,8,21,0,2,0,0
2016/17,2017-05-10,Southampton FC,Arsenal FC,0,2,A,0,0,D,14,11,3,4,8,5,5,5,1,2,0,0
2016/17,2017-05-12,Everton FC,Watford FC,1,0,H,0,0,D,15,14,6,2,9,8,7,11,0,3,0,0
2016/17,2017-05-12,West Bromwich Albion FC,Chelsea FC,0,1,A,0,0,D,7,24,2,5,5,8,13,8,3,0,0,0
2016/17,2017-05-13,AFC Bournemouth,Burnley FC,2,1,H,1,0,H,18,14,6,3,7,1,6,11,0,1,0,0
2016/17,2017-05-13,Manchester City FC,Leicester City FC,2,1,H,2,1,H,17,9,5,4,9,3,12,16,3,3,0,0
2016/17,2017-05-13,Middlesbrough FC,Southampton FC,1,2,A,0,1,A,14,14,3,4,6,3,19,11,3,0,0,0
2016/17,2017-05-13,Stoke City FC,Arsenal FC,1,4,A,0,1,A,10,10,4,6,7,6,13,7,1,2,0,0
2016/17,2017-05-13,Sunderland AFC,Swansea City FC,0,2,A,0,2,A,13,3,4,3,8,4,13,6,4,0,0,0
2016/17,2017-05-14,Crystal Palace FC,Hull City FC,4,0,H,2,0,H,12,9,4,0,3,7,13,14,3,5,0,0
2016/17,2017-05-14,Tottenham Hotspur FC,Manchester United FC,2,1,H,1,0,H,14,8,7,2,8,3,14,15,1,2,0,0
2016/17,2017-05-14,West Ham United FC,Liverpool FC,0,4,A,0,1,A,10,26,3,11,4,6,5,10,2,0,0,0
2016/17,2017-05-15,Chelsea FC,Watford FC,4,3,H,2,1,H,24,9,9,3,8,3,7,12,2,4,0,1
2016/17,2017-05-16,Arsenal FC,Sunderland AFC,2,0,H,0,0,D,36,6,13,2,17,3,15,10,4,2,0,0
2016/17,2017-05-16,Manchester City FC,West Bromwich Albion FC,3,1,H,2,0,H,21,5,10,2,7,1,8,11,1,2,0,0
2016/17,2017-05-17,Southampton FC,Manchester United FC,0,0,D,0,0,D,17,11,6,1,7,3,7,10,2,1,0,0
2016/17,2017-05-18,Leicester City FC,Tottenham Hotspur FC,1,6,A,0,2,A,12,26,5,12,4,4,11,8,3,1,0,0
2016/17,2017-05-21,Arsenal FC,Everton FC,3,1,H,2,0,H,17,22,9,7,4,6,10,15,2,4,1,0
2016/17,2017-05-21,Burnley FC,West Ham United FC,1,2,A,1,1,D,9,14,1,4,2,5,11,14,2,2,0,0
2016/17,2017-05-21,Chelsea FC,Sunderland AFC,5,1,H,1,1,D,28,7,8,3,11,1,8,15,1,1,0,0
2016/17,2017-05-21,Hull City FC,Tottenham Hotspur FC,1,7,A,0,3,A,10,19,4,14,2,3,14,5,0,0,0,0
2016/17,2017-05-21,Leicester City FC,AFC Bournemouth,1,1,D,0,1,A,21,10,5,4,9,1,11,10,4,1,0,0
2016/17,2017-05-21,Liverpool FC,Middlesbrough FC,3,0,H,1,0,H,25,9,10,3,3,3,13,8,0,1,0,0
2016/17,2017-05-21,Manchester United FC,Crystal Palace FC,2,0,H,2,0,H,9,6,2,1,3,6,16,10,2,0,0,0
2016/17,2017-05-21,Southampton FC,Stoke City FC,0,1,A,0,0,D,14,14,6,3,4,10,12,10,2,4,0,0
2016/17,2017-05-21,Swansea City FC,West Bromwich Albion FC,2,1,H,0,1,A,12,16,2,5,7,4,8,10,1,1,0,0
2016/17,2017-05-21,Watford FC,Manchester City FC,0,5,A,0,4,A,6,15,3,9,4,5,12,10,1,0,0,0
2017/18,2017-08-11,Arsenal FC,Leicester City FC,4,3,H,2,2,D,27,6,10,3,9,4,9,12,0,1,0,0
2017/18,2017-08-12,Brighton & Hove Albion FC,Manchester City FC,0,2,A,0,0,D,6,14,2,4,3,10,6,9,0,2,0,0
2017/18,2017-08-12,Chelsea FC,Burnley FC,2,3,A,0,3,A,19,10,6,5,8,5,16,11,3,3,2,0
2017/18,2017-08-12,Crystal Palace FC,Huddersfield Town FC,0,3,A,0,2,A,14,8,4,6,12,9,7,19,1,3,0,0
2017/18,2017-08-12,Everton FC,Stoke City FC,1,0,H,1,0,H,9,9,4,1,6,7,13,10,1,1,0,0
2017/18,2017-08-12,Southampton FC,Swansea City FC,0,0,D,0,0,D,29,4,2,0,13,0,10,13,2,1,0,0
2017/18,2017-08-12,Watford FC,Liverpool FC,3,3,D,2,1,H,9,14,4,5,3,3,14,8,0,3,0,0
2017/18,2017-08-12,West Bromwich Albion FC,AFC Bournemouth,1,0,H,1,0,H,16,9,6,2,8,2,15,3,3,1,0,0
2017/18,2017-08-13,Manchester United FC,West Ham United FC,4,0,H,1,0,H,22,9,6,1,11,1,19,7,2,2,0,0
2017/18,2017-08-13,Newcastle United FC,Tottenham Hotspur FC,0,2,A,0,0,D,6,18,3,6,5,7,6,10,1,2,1,0
2017/18,2017-08-19,AFC Bournemouth,Watford FC,0,2,A,0,0,D,6,19,2,7,8,5,6,14,1,3,0,0
2017/18,2017-08-19,Burnley FC,West Bromwich Albion FC,0,1,A,0,0,D,20,8,0,1,5,5,11,11,1,0,0,1
2017/18,2017-08-19,Leicester City FC,Brighton & Hove Albion FC,2,0,H,1,0,H,14,5,4,2,6,2,8,10,1,0,0,0
2017/18,2017-08-19,Liverpool FC,Crystal Palace FC,1,0,H,0,0,D,23,4,13,1,4,2,12,13,1,3,0,0
2017/18,2017-08-19,Southampton FC,West Ham United FC,3,2,H,2,1,H,14,16,5,8,7,2,18,10,1,1,0,1
2017/18,2017-08-19,Stoke City FC,Arsenal FC,1,0,H,0,0,D,11,18,4,6,2,9,6,11,0,0,0,0
2017/18,2017-08-19,Swansea City FC,Manchester United FC,0,4,A,0,1,A,6,17,1,8,3,5,12,11,1,1,0,0
2017/18,2017-08-20,Huddersfield Town FC,Newcastle United FC,1,0,H,0,0,D,7,13,3,5,7,3,13,10,3,4,0,0
2017/18,2017-08-20,Tottenham Hotspur FC,Chelsea FC,1,2,A,0,1,A,18,9,6,2,14,3,14,21,3,3,0,0
2017/18,2017-08-21,Manchester City FC,Everton FC,1,1,D,0,1,A,19,7,6,2,7,1,7,9,1,2,1,1
2017/18,2017-08-26,AFC Bournemouth,Manchester City FC,1,2,A,1,1,D,9,19,3,8,2,5,13,14,5,4,0,1
2017/18,2017-08-26,Crystal Palace FC,Swansea City FC,0,2,A,0,1,A,16,7,3,3,1,1,9,6,4,1,0,0
2017/18,2017-08-26,Huddersfield Town FC,Southampton FC,0,0,D,0,0,D,16,6,6,3,5,4,10,10,0,1,0,0
2017/18,2017-08-26,Manchester United FC,Leicester City FC,2,0,H,0,0,D,22,11,7,4,9,3,8,7,1,2,0,0
2017/18,2017-08-26,Newcastle United FC,West Ham United FC,3,0,H,1,0,H,16,8,8,3,7,5,17,11,1,3,0,0
2017/18,2017-08-26,Watford FC,Brighton & Hove Albion FC,0,0,D,0,0,D,8,16,0,2,3,11,7,18,0,1,1,0
2017/18,2017-08-27,Chelsea FC,Everton FC,2,0,H,2,0,H,18,7,7,0,6,3,12,7,2,2,0,0
2017/18,2017-08-27,Liverpool FC,Arsenal FC,4,0,H,2,0,H,18,8,10,0,4,3,6,9,2,4,0,0
2017/18,2017-08-27,Tottenham Hotspur FC,Burnley FC,1,1,D,0,0,D,28,13,5,3,10,7,9,9,0,0,0,0
2017/18,2017-08-27,West Bromwich Albion FC,Stoke City FC,1,1,D,0,0,D,10,16,2,2,10,4,10,9,2,2,0,0
2017/18,2017-09-09,Arsenal FC,AFC Bournemouth,3,0,H,2,0,H,17,7,9,2,10,3,14,10,0,1,0,0
2017/18,2017-09-09,Brighton & Hove Albion FC,West Bromwich Albion FC,3,1,H,1,0,H,12,12,6,3,2,6,9,4,2,0,0,0
2017/18,2017-09-09,Everton FC,Tottenham Hotspur FC,0,3,A,0,2,A,12,15,1,6,7,3,14,14,3,1,0,0
2017/18,2017-09-09,Leicester City FC,Chelsea FC,1,2,A,0,1,A,8,16,2,6,2,9,11,8,1,0,0,0
2017/18,2017-09-09,Manchester City FC,Liverpool FC,5,0,H,2,0,H,13,10,7,3,8,3,10,9,2,2,0,1
2017/18,2017-09-09,Southampton FC,Watford FC,0,2,A,0,1,A,9,12,1,3,7,4,8,11,0,0,0,0
2017/18,2017-09-09,Stoke City FC,Manchester United FC,2,2,D,1,1,D,10,18,5,8,5,11,10,10,0,0,0,0
2017/18,2017-09-10,Burnley FC,Crystal Palace FC,1,0,H,1,0,H,4,23,2,5,3,13,7,14,1,1,0,0
2017/18,2017-09-10,Swansea City FC,Newcastle United FC,0,1,A,0,0,D,10,16,4,8,7,5,11,15,2,3,0,0
2017/18,2017-09-11,West Ham United FC,Huddersfield Town FC,2,0,H,0,0,D,19,10,3,2,10,3,11,14,1,2,0,0
2017/18,2017-09-15,AFC Bournemouth,Brighton & Hove Albion FC,2,1,H,0,0,D,15,9,3,2,6,4,5,12,0,0,0,0
2017/18,2017-09-16,Crystal Palace FC,Southampton FC,0,1,A,0,1,A,14,13,3,4,5,5,14,13,5,1,0,0
2017/18,2017-09-16,Huddersfield Town FC,Leicester City FC,1,1,D,0,0,D,15,10,3,1,8,4,6,6,1,1,0,0
2017/18,2017-09-16,Liverpool FC,Burnley FC,1,1,D,1,1,D,35,5,9,4,12,2,7,9,1,2,0,0
2017/18,2017-09-16,Newcastle United FC,Stoke City FC,2,1,H,1,0,H,14,13,3,4,7,5,13,11,3,1,0,0
2017/18,2017-09-16,Tottenham Hotspur FC,Swansea City FC,0,0,D,0,0,D,26,4,8,0,11,1,11,9,1,3,0,0
2017/18,2017-09-16,Watford FC,Manchester City FC,0,6,A,0,3,A,7,28,1,10,3,11,8,6,2,0,0,0
2017/18,2017-09-16,West Bromwich Albion FC,West Ham United FC,0,0,D,0,0,D,6,9,1,1,2,3,15,7,2,2,0,0
2017/18,2017-09-17,Chelsea FC,Arsenal FC,0,0,D,0,0,D,13,11,4,2,5,1,11,15,1,3,1,0
2017/18,2017-09-17,Manchester United FC,Everton FC,4,0,H,1,0,H,16,7,7,3,4,1,15,14,1,1,0,0
2017/18,2017-09-23,Burnley FC,Huddersfield Town FC,0,0,D,0,0,D,5,9,3,2,3,4,9,13,3,2,0,0
2017/18,2017-09-23,Everton FC,AFC Bournemouth,2,1,H,0,0,D,12,8,4,4,4,6,12,11,3,1,0,0
2017/18,2017-09-23,Leicester City FC,Liverpool FC,2,3,A,1,2,A,12,23,7,6,3,6,13,14,3,3,0,0
2017/18,2017-09-23,Manchester City FC,Crystal Palace FC,5,0,H,1,0,H,25,5,9,0,8,2,6,7,3,1,0,0
2017/18,2017-09-23,Southampton FC,Manchester United FC,0,1,A,0,1,A,14,9,4,4,8,4,12,9,1,4,0,0
2017/18,2017-09-23,Stoke City FC,Chelsea FC,0,4,A,0,2,A,13,7,2,4,5,0,5,14,2,2,0,0
2017/18,2017-09-23,Swansea City FC,Watford FC,1,2,A,0,1,A,10,8,3,4,5,4,9,16,1,3,0,0
2017/18,2017-09-23,West Ham United FC,Tottenham Hotspur FC,2,3,A,0,2,A,10,15,4,5,4,3,10,20,4,2,0,1
2017/18,2017-09-24,Brighton & Hove Albion FC,Newcastle United FC,1,0,H,0,0,D,7,17,3,5,2,8,6,8,2,1,0,0
2017/18,2017-09-25,Arsenal FC,West Bromwich Albion FC,2,0,H,1,0,H,16,7,6,3,7,4,8,17,1,4,0,0
2017/18,2017-09-30,AFC Bournemouth,Leicester City FC,0,0,D,0,0,D,19,8,4,1,7,5,6,10,1,0,0,0
2017/18,2017-09-30,Chelsea FC,Manchester City FC,0,1,A,0,0,D,4,17,2,6,4,8,8,13,0,2,0,0
2017/18,2017-09-30,Huddersfield Town FC,Tottenham Hotspur FC,0,4,A,0,3,A,6,14,1,7,4,7,7,4,1,1,0,0
2017/18,2017-09-30,Manchester United FC,Crystal Palace FC,4,0,H,2,0,H,18,6,7,1,6,5,6,9,0,0,0,0
2017/18,2017-09-30,Stoke City FC,Southampton FC,2,1,H,1,0,H,17,21,6,3,5,6,11,10,1,2,0,0
2017/18,2017-09-30,West Bromwich Albion FC,Watford FC,2,2,D,2,1,H,9,15,4,3,7,6,12,11,3,0,0,0
2017/18,2017-09-30,West Ham United FC,Swansea City FC,1,0,H,0,0,D,9,6,4,1,2,1,15,13,3,2,0,0
2017/18,2017-10-01,Arsenal FC,Brighton & Hove Albion FC,2,0,H,1,0,H,25,9,12,1,6,5,7,8,0,2,0,0
2017/18,2017-10-01,Everton FC,Burnley FC,0,1,A,0,1,A,23,5,4,2,9,3,14,7,2,2,0,0
2017/18,2017-10-01,Newcastle United FC,Liverpool FC,1,1,D,1,1,D,8,17,5,2,1,5,11,6,1,1,0,0
2017/18,2017-10-14,Burnley FC,West Ham United FC,1,1,D,0,1,A,20,8,5,6,7,4,11,14,2,2,0,1
2017/18,2017-10-14,Crystal Palace FC,Chelsea FC,2,1,H,2,1,H,14,15,5,5,5,8,7,6,2,1,0,0
2017/18,2017-10-14,Liverpool FC,Manchester United FC,0,0,D,0,0,D,19,6,5,1,7,3,7,13,0,2,0,0
2017/18,2017-10-14,Manchester City FC,Stoke City FC,7,2,H,3,1,H,20,5,11,1,5,0,5,8,0,1,0,0
2017/18,2017-10-14,Swansea City FC,Huddersfield Town FC,2,0,H,1,0,H,7,7,3,2,5,3,12,16,1,5,0,0
2017/18,2017-10-14,Tottenham Hotspur FC,AFC Bournemouth,1,0,H,0,0,D,18,5,6,1,9,5,9,7,1,3,0,0
2017/18,2017-10-14,Watford FC,Arsenal FC,2,1,H,0,1,A,11,9,2,6,2,5,8,10,1,0,0,0
2017/18,2017-10-15,Brighton & Hove Albion FC,Everton FC,1,1,D,0,0,D,12,13,3,6,7,1,12,10,4,1,0,0
2017/18,2017-10-15,Southampton FC,Newcastle United FC,2,2,D,0,1,A,12,19,2,5,3,8,11,12,1,2,0,0
2017/18,2017-10-16,Leicester City FC,West Bromwich Albion FC,1,1,D,0,0,D,11,5,3,1,4,1,13,6,2,2,0,0
2017/18,2017-10-20,West Ham United FC,Brighton & Hove Albion FC,0,3,A,0,2,A,16,7,2,5,10,3,5,13,1,0,0,0
2017/18,2017-10-21,Chelsea FC,Watford FC,4,2,H,1,1,D,14,16,8,5,6,6,13,16,2,3,0,0
2017/18,2017-10-21,Huddersfield Town FC,Manchester United FC,2,1,H,2,0,H,5,9,3,3,4,7,10,12,4,2,0,0
2017/18,2017-10-21,Manchester City FC,Burnley FC,3,0,H,1,0,H,15,6,10,0,4,5,10,6,2,3,0,0
2017/18,2017-10-21,Newcastle United FC,Crystal Palace FC,1,0,H,0,0,D,7,10,3,0,3,5,12,14,4,2,0,0
2017/18,2017-10-21,Southampton FC,West Bromwich Albion FC,1,0,H,0,0,D,20,7,6,2,8,3,10,8,0,1,0,0
2017/18,2017-10-21,Stoke City FC,AFC Bournemouth,1,2,A,0,2,A,10,7,2,3,8,3,17,10,0,1,0,0
2017/18,2017-10-21,Swansea City FC,Leicester City FC,1,2,A,0,1,A,19,11,4,6,7,6,6,9,0,1,0,0
2017/18,2017-10-22,Everton FC,Arsenal FC,2,5,A,1,1,D,8,30,3,14,0,7,14,14,1,1,1,0
2017/18,2017-10-22,Tottenham Hotspur FC,Liverpool FC,4,1,H,3,1,H,14,12,6,7,3,5,2,8,0,1,0,0
2017/18,2017-10-28,Arsenal FC,Swansea City FC,2,1,H,0,1,A,17,4,5,2,5,2,9,9,0,0,0,0
2017/18,2017-10-28,AFC Bournemouth,Chelsea FC,0,1,A,0,0,D,7,18,1,5,5,5,5,5,2,0,0,0
2017/18,2017-10-28,Crystal Palace FC,West Ham United FC,2,2,D,0,2,A,19,6,9,2,11,2,18,15,1,2,0,0
2017/18,2017-10-28,Liverpool FC,Huddersfield Town FC,3,0,H,0,0,D,16,1,8,0,9,2,10,8,0,1,0,0
2017/18,2017-10-28,Manchester United FC,Tottenham Hotspur FC,1,0,H,0,0,D,11,13,3,4,6,3,12,14,1,0,0,0
2017/18,2017-10-28,Watford FC,Stoke City FC,0,1,A,0,1,A,13,6,0,2,8,1,10,9,4,4,0,0
2017/18,2017-10-28,West Bromwich Albion FC,Manchester City FC,2,3,A,1,2,A,6,15,4,5,1,2,10,7,2,3,0,0
2017/18,2017-10-29,Brighton & Hove Albion FC,Southampton FC,1,1,D,0,1,A,7,6,2,1,2,7,9,10,3,1,0,0
2017/18,2017-10-29,Leicester City FC,Everton FC,2,0,H,2,0,H,9,16,3,2,3,10,6,10,0,2,0,0
2017/18,2017-10-30,Burnley FC,Newcastle United FC,1,0,H,0,0,D,12,12,5,5,5,3,9,10,3,0,0,0
2017/18,2017-11-04,Huddersfield Town FC,West Bromwich Albion FC,1,0,H,1,0,H,7,9,3,3,3,5,8,15,1,4,1,0
2017/18,2017-11-04,Newcastle United FC,AFC Bournemouth,0,1,A,0,0,D,16,16,4,6,11,9,11,12,2,2,0,0
2017/18,2017-11-04,Southampton FC,Burnley FC,0,1,A,0,0,D,13,5,3,1,9,1,4,4,0,0,0,0
2017/18,2017-11-04,Stoke City FC,Leicester City FC,2,2,D,1,1,D,11,14,7,4,4,10,12,8,0,0,0,0
2017/18,2017-11-04,Swansea City FC,Brighton & Hove Albion FC,0,1,A,0,1,A,12,5,2,2,8,7,13,12,2,1,0,0
2017/18,2017-11-04,West Ham United FC,Liverpool FC,1,4,A,0,2,A,6,15,1,7,2,3,9,13,3,0,0,0
2017/18,2017-11-05,Chelsea FC,Manchester United FC,1,0,H,0,0,D,18,10,8,2,4,7,16,20,1,3,0,0
2017/18,2017-11-05,Everton FC,Watford FC,3,2,H,0,0,D,10,11,5,3,2,5,14,12,0,2,0,0
2017/18,2017-11-05,Manchester City FC,Arsenal FC,3,1,H,1,0,H,9,6,5,3,5,5,15,15,1,6,0,0
2017/18,2017-11-05,Tottenham Hotspur FC,Crystal Palace FC,1,0,H,0,0,D,12,11,2,3,10,9,6,7,0,2,0,0
2017/18,2017-11-18,Arsenal FC,Tottenham Hotspur FC,2,0,H,2,0,H,14,14,5,4,7,4,11,16,4,1,0,0
2017/18,2017-11-18,AFC Bournemouth,Huddersfield Town FC,4,0,H,2,0,H,11,20,5,3,8,11,13,10,3,2,1,0
2017/18,2017-11-18,Burnley FC,Swansea City FC,2,0,H,2,0,H,16,13,7,1,8,6,12,12,1,1,0,0
2017/18,2017-11-18,Crystal Palace FC,Everton FC,2,2,D,2,2,D,16,8,7,5,9,4,9,26,2,3,0,0
2017/18,2017-11-18,Leicester City FC,Manchester City FC,0,2,A,0,1,A,2,12,0,4,1,7,8,10,1,1,0,0
2017/18,2017-11-18,Liverpool FC,Southampton FC,3,0,H,2,0,H,21,5,8,0,10,2,15,9,1,1,0,0
2017/18,2017-11-18,Manchester United FC,Newcastle United FC,4,1,H,2,1,H,16,12,7,5,11,4,10,9,1,1,0,0
2017/18,2017-11-18,West Bromwich Albion FC,Chelsea FC,0,4,A,0,3,A,7,11,2,7,3,4,13,12,2,3,0,0
2017/18,2017-11-19,Watford FC,West Ham United FC,2,0,H,1,0,H,17,10,7,6,3,1,13,10,1,4,0,0
2017/18,2017-11-20,Brighton & Hove Albion FC,Stoke City FC,2,2,D,1,2,A,9,13,3,6,6,7,13,5,1,0,0,0
2017/18,2017-11-24,West Ham United FC,Leicester City FC,1,1,D,1,1,D,8,7,4,2,5,5,9,12,1,1,0,0
2017/18,2017-11-25,Crystal Palace FC,Stoke City FC,2,1,H,0,0,D,10,9,5,3,5,2,9,5,1,1,0,0
2017/18,2017-11-25,Liverpool FC,Chelsea FC,1,1,D,0,0,D,16,11,4,3,7,8,10,7,0,0,0,0
2017/18,2017-11-25,Manchester United FC,Brighton & Hove Albion FC,1,0,H,0,0,D,15,8,4,2,5,0,9,9,0,2,0,0
2017/18,2017-11-25,Newcastle United FC,Watford FC,0,3,A,0,2,A,12,12,2,4,6,3,8,13,1,2,0,0
2017/18,2017-11-25,Swansea City FC,AFC Bournemouth,0,0,D,0,0,D,10,9,1,5,4,5,18,6,4,2,0,0
2017/18,2017-11-25,Tottenham Hotspur FC,West Bromwich Albion FC,1,1,D,0,1,A,24,5,5,2,8,0,10,13,1,4,0,0
2017/18,2017-11-26,Burnley FC,Arsenal FC,0,1,A,0,0,D,8,17,2,2,5,5,8,14,2,0,0,0
2017/18,2017-11-26,Huddersfield Town FC,Manchester City FC,1,2,A,1,0,H,4,14,0,5,3,7,10,10,2,3,1,0
2017/18,2017-11-26,Southampton FC,Everton FC,4,1,H,1,1,D,17,5,5,2,7,2,6,13,0,0,0,0
2017/18,2017-11-28,Brighton & Hove Albion FC,Crystal Palace FC,0,0,D,0,0,D,10,10,4,4,10,5,13,8,2,0,0,0
2017/18,2017-11-28,Leicester City FC,Tottenham Hotspur FC,2,1,H,2,0,H,7,18,4,6,4,9,7,10,1,2,0,0
2017/18,2017-11-28,Watford FC,Manchester United FC,2,4,A,0,3,A,12,15,3,7,5,5,12,10,2,1,0,0
2017/18,2017-11-28,West Bromwich Albion FC,Newcastle United FC,2,2,D,1,0,H,8,14,4,4,1,6,13,12,0,0,0,0
2017/18,2017-11-29,Arsenal FC,Huddersfield Town FC,5,0,H,1,0,H,21,7,7,2,7,2,10,12,0,1,0,0
2017/18,2017-11-29,AFC Bournemouth,Burnley FC,1,2,A,0,1,A,10,10,2,4,4,6,9,11,0,1,0,0
2017/18,2017-11-29,Chelsea FC,Swansea City FC,1,0,H,0,0,D,21,2,10,0,15,1,10,7,1,0,0,0
2017/18,2017-11-29,Everton FC,West Ham United FC,4,0,H,2,0,H,8,7,5,3,2,6,16,6,2,1,0,0
2017/18,2017-11-29,Manchester City FC,Southampton FC,2,1,H,0,0,D,26,7,12,2,6,5,12,11,1,1,0,0
2017/18,2017-11-29,Stoke City FC,Liverpool FC,0,3,A,0,1,A,10,14,1,7,5,9,8,10,1,5,0,0
2017/18,2017-12-02,Arsenal FC,Manchester United FC,1,3,A,0,2,A,33,8,15,4,12,1,11,10,3,2,0,1
2017/18,2017-12-02,Brighton & Hove Albion FC,Liverpool FC,1,5,A,0,2,A,6,12,2,6,2,2,8,7,1,0,0,0
2017/18,2017-12-02,Chelsea FC,Newcastle United FC,3,1,H,2,1,H,23,8,9,2,11,4,8,13,0,1,0,0
2017/18,2017-12-02,Everton FC,Huddersfield Town FC,2,0,H,0,0,D,6,5,4,3,2,5,12,9,2,1,0,0
2017/18,2017-12-02,Leicester City FC,Burnley FC,1,0,H,1,0,H,16,14,3,4,10,7,3,11,0,2,0,0
2017/18,2017-12-02,Stoke City FC,Swansea City FC,2,1,H,2,1,H,10,10,3,3,2,6,12,10,2,0,0,0
2017/18,2017-12-02,Watford FC,Tottenham Hotspur FC,1,1,D,1,1,D,6,8,2,2,7,2,16,8,4,1,0,1
2017/18,2017-12-02,West Bromwich Albion FC,Crystal Palace FC,0,0,D,0,0,D,20,10,6,2,3,7,11,10,3,1,0,0
2017/18,2017-12-03,AFC Bournemouth,Southampton FC,1,1,D,1,0,H,16,15,5,4,5,4,6,12,2,1,0,0
2017/18,2017-12-03,Manchester City FC,West Ham United FC,2,1,H,0,1,A,24,7,8,4,10,4,5,7,2,2,0,0
2017/18,2017-12-09,Burnley FC,Watford FC,1,0,H,1,0,H,8,11,5,2,3,5,10,12,1,0,0,1
2017/18,2017-12-09,Crystal Palace FC,AFC Bournemouth,2,2,D,2,2,D,24,11,8,5,6,3,14,14,5,2,0,0
2017/18,2017-12-09,Huddersfield Town FC,Brighton & Hove Albion FC,2,0,H,2,0,H,19,7,6,2,8,1,6,10,0,0,0,0
2017/18,2017-12-09,Newcastle United FC,Leicester City FC,2,3,A,1,1,D,10,13,4,5,6,5,10,9,2,1,0,0
2017/18,2017-12-09,Swansea City FC,West Bromwich Albion FC,1,0,H,0,0,D,18,7,3,1,6,3,8,18,2,5,0,0
2017/18,2017-12-09,Tottenham Hotspur FC,Stoke City FC,5,1,H,1,0,H,20,4,11,3,12,6,12,9,1,0,0,0
2017/18,2017-12-09,West Ham United FC,Chelsea FC,1,0,H,1,0,H,5,19,2,2,4,3,10,10,6,1,0,0
2017/18,2017-12-10,Liverpool FC,Everton FC,1,1,D,1,0,H,23,3,3,2,12,1,8,11,1,3,0,0
2017/18,2017-12-10,Manchester United FC,Manchester City FC,1,2,A,1,1,D,8,14,5,7,2,8,16,10,4,2,0,0
2017/18,2017-12-10,Southampton FC,Arsenal FC,1,1,D,1,0,H,6,11,3,6,4,5,12,10,2,2,0,0
2017/18,2017-12-12,Burnley FC,Stoke City FC,1,0,H,0,0,D,10,14,2,7,6,4,6,14,0,0,0,0
2017/18,2017-12-12,Crystal Palace FC,Watford FC,2,1,H,0,1,A,14,7,4,2,4,6,14,18,2,1,0,1
2017/18,2017-12-12,Huddersfield Town FC,Chelsea FC,1,3,A,0,2,A,7,12,2,5,1,3,11,4,0,0,0,0
2017/18,2017-12-13,Liverpool FC,West Bromwich Albion FC,0,0,D,0,0,D,14,6,5,1,5,7,16,6,1,0,0,0
2017/18,2017-12-13,Manchester United FC,AFC Bournemouth,1,0,H,1,0,H,9,14,2,7,4,9,14,12,1,2,0,0
2017/18,2017-12-13,Newcastle United FC,Everton FC,0,1,A,0,1,A,16,7,4,4,4,1,10,11,1,2,1,0
2017/18,2017-12-13,Southampton FC,Leicester City FC,1,4,A,0,3,A,12,16,4,11,9,9,13,9,1,0,0,0
2017/18,2017-12-13,Swansea City FC,Manchester City FC,0,4,A,0,2,A,7,23,3,10,2,5,12,6,0,0,0,0
2017/18,2017-12-13,Tottenham Hotspur FC,Brighton & Hove Albion FC,2,0,H,1,0,H,25,7,8,4,10,2,5,10,1,1,0,0
2017/18,2017-12-13,West Ham United FC,Arsenal FC,0,0,D,0,0,D,6,22,0,3,1,7,9,9,1,0,0,0
2017/18,2017-12-16,Arsenal FC,Newcastle United FC,1,0,H,1,0,H,23,10,5,2,7,5,13,9,2,1,0,0
2017/18,2017-12-16,Brighton & Hove Albion FC,Burnley FC,0,0,D,0,0,D,12,11,2,6,8,2,13,13,4,2,0,0
2017/18,2017-12-16,Chelsea FC,Southampton FC,1,0,H,1,0,H,24,6,8,2,8,4,8,16,1,3,0,0
2017/18,2017-12-16,Leicester City FC,Crystal Palace FC,0,3,A,0,2,A,11,13,2,6,6,4,12,13,2,2,1,0
2017/18,2017-12-16,Manchester City FC,Tottenham Hotspur FC,4,1,H,1,0,H,20,7,11,2,5,1,13,20,2,4,0,0
2017/18,2017-12-16,Stoke City FC,West Ham United FC,0,3,A,0,1,A,17,14,0,7,7,9,12,13,2,1,0,0
2017/18,2017-12-16,Watford FC,Huddersfield Town FC,1,4,A,0,2,A,13,15,3,9,8,7,12,17,2,1,1,1
2017/18,2017-12-17,AFC Bournemouth,Liverpool FC,0,4,A,0,3,A,6,21,2,7,2,3,5,10,1,1,0,0
2017/18,2017-12-17,West Bromwich Albion FC,Manchester United FC,1,2,A,0,2,A,12,8,5,3,6,3,14,7,1,3,0,0
2017/18,2017-12-18,Everton FC,Swansea City FC,3,1,H,1,1,D,12,8,7,3,6,3,12,12,2,3,0,0
2017/18,2017-12-22,Arsenal FC,Liverpool FC,3,3,D,0,1,A,11,14,4,9,7,8,9,11,1,0,0,0
2017/18,2017-12-23,Brighton & Hove Albion FC,Watford FC,1,0,H,0,0,D,14,13,3,1,6,4,8,11,0,0,0,0
2017/18,2017-12-23,Burnley FC,Tottenham Hotspur FC,0,3,A,0,1,A,5,18,2,8,4,4,10,10,1,2,0,0
2017/18,2017-12-23,Everton FC,Chelsea FC,0,0,D,0,0,D,5,25,0,8,2,7,8,4,3,0,0,0
2017/18,2017-12-23,Leicester City FC,Manchester United FC,2,2,D,1,1,D,11,19,3,6,4,6,19,8,2,2,1,0
2017/18,2017-12-23,Manchester City FC,AFC Bournemouth,4,0,H,1,0,H,14,5,5,1,4,6,8,7,0,1,0,0
2017/18,2017-12-23,Southampton FC,Huddersfield Town FC,1,1,D,1,0,H,12,10,6,3,9,1,16,9,2,1,0,0
2017/18,2017-12-23,Stoke City FC,West Bromwich Albion FC,3,1,H,2,0,H,9,17,5,7,1,11,9,11,1,0,0,0
2017/18,2017-12-23,Swansea City FC,Crystal Palace FC,1,1,D,0,0,D,7,13,2,5,6,3,13,11,2,3,0,0
2017/18,2017-12-23,West Ham United FC,Newcastle United FC,2,3,A,1,1,D,19,11,6,4,6,3,9,12,1,1,0,0
2017/18,2017-12-26,AFC Bournemouth,West Ham United FC,3,3,D,1,1,D,26,10,10,5,7,4,12,14,3,4,0,0
2017/18,2017-12-26,Chelsea FC,Brighton & Hove Albion FC,2,0,H,0,0,D,25,8,8,1,13,1,8,8,0,1,0,0
2017/18,2017-12-26,Huddersfield Town FC,Stoke City FC,1,1,D,1,0,H,18,15,8,7,8,5,9,12,2,4,0,0
2017/18,2017-12-26,Liverpool FC,Swansea City FC,5,0,H,1,0,H,22,7,9,4,4,2,5,8,0,1,0,0
2017/18,2017-12-26,Manchester United FC,Burnley FC,2,2,D,0,2,A,23,3,6,2,12,2,10,14,3,7,0,0
2017/18,2017-12-26,Tottenham Hotspur FC,Southampton FC,5,2,H,2,0,H,16,16,7,6,3,8,8,15,0,2,0,0
2017/18,2017-12-26,Watford FC,Leicester City FC,2,1,H,1,1,D,11,11,1,5,8,8,7,13,3,3,0,0
2017/18,2017-12-26,West Bromwich Albion FC,Everton FC,0,0,D,0,0,D,17,7,3,3,10,2,14,13,2,0,0,0
2017/18,2017-12-27,Newcastle United FC,Manchester City FC,0,1,A,0,1,A,6,22,2,6,3,8,11,6,1,0,0,0
2017/18,2017-12-28,Crystal Palace FC,Arsenal FC,2,3,A,0,1,A,16,16,2,9,5,4,12,7,0,1,0,0
2017/18,2017-12-30,AFC Bournemouth,Everton FC,2,1,H,1,0,H,19,6,7,1,4,4,8,13,0,0,0,0
2017/18,2017-12-30,Chelsea FC,Stoke City FC,5,0,H,3,0,H,21,1,12,1,7,0,5,10,1,1,0,0
2017/18,2017-12-30,Huddersfield Town FC,Burnley FC,0,0,D,0,0,D,3,11,1,4,5,4,14,14,2,1,0,0
2017/18,2017-12-30,Liverpool FC,Leicester City FC,2,1,H,0,1,A,17,7,6,1,7,1,7,3,3,2,0,0
2017/18,2017-12-30,Manchester United FC,Southampton FC,0,0,D,0,0,D,15,8,3,3,10,7,12,13,2,4,0,0
2017/18,2017-12-30,Newcastle United FC,Brighton & Hove Albion FC,0,0,D,0,0,D,11,10,2,3,3,6,11,10,2,2,0,0
2017/18,2017-12-30,Watford FC,Swansea City FC,1,2,A,1,0,H,9,9,4,4,1,8,14,13,4,2,0,0
2017/18,2017-12-31,Crystal Palace FC,Manchester City FC,0,0,D,0,0,D,10,15,1,4,7,8,14,11,5,4,0,0
2017/18,2017-12-31,West Bromwich Albion FC,Arsenal FC,1,1,D,0,0,D,14,14,3,4,5,6,14,9,3,3,0,0
2017/18,2018-01-01,Brighton & Hove Albion FC,AFC Bournemouth,2,2,D,1,1,D,15,26,6,8,5,12,13,9,2,1,0,0
2017/18,2018-01-01,Burnley FC,Liverpool FC,1,2,A,0,0,D,13,19,4,5,3,9,4,12,0,0,0,0
2017/18,2018-01-01,Everton FC,Manchester United FC,0,2,A,0,0,D,12,21,0,6,6,6,11,10,2,0,0,0
2017/18,2018-01-01,Leicester City FC,Huddersfield Town FC,3,0,H,0,0,D,11,6,5,1,4,1,7,9,1,1,0,0
2017/18,2018-01-01,Stoke City FC,Newcastle United FC,0,1,A,0,0,D,11,14,4,6,10,5,10,11,3,1,0,0
2017/18,2018-01-02,Manchester City FC,Watford FC,3,1,H,2,0,H,17,7,7,4,9,1,8,12,1,1,0,0
2017/18,2018-01-02,Southampton FC,Crystal Palace FC,1,2,A,1,0,H,10,11,3,4,4,7,8,11,0,1,0,0
2017/18,2018-01-02,Swansea City FC,Tottenham Hotspur FC,0,2,A,0,1,A,8,12,1,5,6,5,12,9,2,2,0,0
2017/18,2018-01-02,West Ham United FC,West Bromwich Albion FC,2,1,H,0,1,A,13,10,5,3,3,4,12,12,3,2,0,0
2017/18,2018-01-03,Arsenal FC,Chelsea FC,2,2,D,0,0,D,14,19,6,6,10,8,11,11,3,2,0,0
2017/18,2018-01-04,Tottenham Hotspur FC,West Ham United FC,1,1,D,0,0,D,31,3,8,1,7,1,10,6,0,2,0,0
2017/18,2018-01-13,Chelsea FC,Leicester City FC,0,0,D,0,0,D,17,14,7,1,6,3,14,13,2,2,0,1
2017/18,2018-01-13,Crystal Palace FC,Burnley FC,1,0,H,1,0,H,17,8,2,2,3,2,16,10,0,3,0,0
2017/18,2018-01-13,Huddersfield Town FC,West Ham United FC,1,4,A,1,1,D,8,8,2,6,7,3,7,9,1,1,0,0
2017/18,2018-01-13,Newcastle United FC,Swansea City FC,1,1,D,0,0,D,12,8,4,5,4,5,11,10,0,3,0,0
2017/18,2018-01-13,Tottenham Hotspur FC,Everton FC,4,0,H,1,0,H,20,7,10,0,3,3,11,15,0,2,0,0
2017/18,2018-01-13,Watford FC,Southampton FC,2,2,D,0,2,A,16,10,4,4,5,4,11,13,0,5,0,0
2017/18,2018-01-13,West Bromwich Albion FC,Brighton & Hove Albion FC,2,0,H,1,0,H,15,13,4,1,9,6,8,15,0,0,0,0
2017/18,2018-01-14,AFC Bournemouth,Arsenal FC,2,1,H,0,0,D,13,12,5,3,4,5,8,10,2,2,0,0
2017/18,2018-01-14,Liverpool FC,Manchester City FC,4,3,H,1,1,D,16,11,7,4,5,6,10,7,2,3,0,0
2017/18,2018-01-15,Manchester United FC,Stoke City FC,3,0,H,2,0,H,20,11,9,5,6,1,14,10,2,1,0,0
2017/18,2018-01-20,Arsenal FC,Crystal Palace FC,4,1,H,4,0,H,16,9,10,5,5,10,6,8,0,0,0,0
2017/18,2018-01-20,Brighton & Hove Albion FC,Chelsea FC,0,4,A,0,2,A,10,14,3,10,5,3,12,5,3,0,0,0
2017/18,2018-01-20,Burnley FC,Manchester United FC,0,1,A,0,0,D,13,12,2,2,5,4,7,12,3,3,0,0
2017/18,2018-01-20,Everton FC,West Bromwich Albion FC,1,1,D,0,1,A,9,15,4,5,0,3,15,10,2,1,0,0
2017/18,2018-01-20,Leicester City FC,Watford FC,2,0,H,1,0,H,9,11,5,3,4,5,11,10,0,0,0,0
2017/18,2018-01-20,Manchester City FC,Newcastle United FC,3,1,H,1,0,H,21,6,9,4,18,0,5,10,0,1,0,0
2017/18,2018-01-20,Stoke City FC,Huddersfield Town FC,2,0,H,0,0,D,11,6,6,3,3,2,18,13,1,1,0,0
2017/18,2018-01-20,West Ham United FC,AFC Bournemouth,1,1,D,0,0,D,12,8,4,3,6,3,8,7,3,1,0,0
2017/18,2018-01-21,Southampton FC,Tottenham Hotspur FC,1,1,D,1,1,D,10,17,4,2,2,9,8,15,2,3,0,0
2017/18,2018-01-22,Swansea City FC,Liverpool FC,1,0,H,1,0,H,3,21,2,4,3,9,5,9,0,2,0,0
2017/18,2018-01-30,Huddersfield Town FC,Liverpool FC,0,3,A,0,2,A,5,14,1,7,1,4,8,8,0,0,0,0
2017/18,2018-01-30,Swansea City FC,Arsenal FC,3,1,H,1,1,D,12,9,4,4,4,3,4,8,0,3,0,0
2017/18,2018-01-30,West Ham United FC,Crystal Palace FC,1,1,D,1,1,D,8,9,3,3,5,3,11,15,1,3,0,0
2017/18,2018-01-31,Chelsea FC,AFC Bournemouth,0,3,A,0,0,D,21,11,5,5,8,5,5,12,1,0,0,0
2017/18,2018-01-31,Everton FC,Leicester City FC,2,1,H,2,0,H,9,8,4,1,5,5,9,10,0,2,0,0
2017/18,2018-01-31,Manchester City FC,West Bromwich Albion FC,3,0,H,1,0,H,19,3,10,1,9,1,10,10,1,3,0,0
2017/18,2018-01-31,Newcastle United FC,Burnley FC,1,1,D,0,0,D,14,11,4,2,7,4,15,15,1,2,0,0
2017/18,2018-01-31,Southampton FC,Brighton & Hove Albion FC,1,1,D,0,1,A,18,9,3,2,7,2,8,10,3,1,0,0
2017/18,2018-01-31,Stoke City FC,Watford FC,0,0,D,0,0,D,11,12,4,2,2,6,12,12,4,3,0,0
2017/18,2018-01-31,Tottenham Hotspur FC,Manchester United FC,2,0,H,2,0,H,22,6,6,3,6,3,10,13,2,2,0,0
2017/18,2018-02-03,Arsenal FC,Everton FC,5,1,H,4,0,H,15,11,7,2,4,6,8,8,2,0,0,0
2017/18,2018-02-03,AFC Bournemouth,Stoke City FC,2,1,H,0,1,A,15,13,8,4,8,1,14,19,2,3,0,0
2017/18,2018-02-03,Brighton & Hove Albion FC,West Ham United FC,3,1,H,1,1,D,21,4,5,1,4,1,11,7,3,1,0,0
2017/18,2018-02-03,Burnley FC,Manchester City FC,1,1,D,0,1,A,8,20,3,7,3,13,9,6,4,1,0,0
2017/18,2018-02-03,Leicester City FC,Swansea City FC,1,1,D,1,0,H,13,3,5,1,3,3,9,8,1,0,0,0
2017/18,2018-02-03,Manchester United FC,Huddersfield Town FC,2,0,H,0,0,D,16,4,7,0,5,2,5,19,2,4,0,0
2017/18,2018-02-03,West Bromwich Albion FC,Southampton FC,2,3,A,1,2,A,9,13,3,5,5,7,12,10,2,1,0,0
2017/18,2018-02-04,Crystal Palace FC,Newcastle United FC,1,1,D,0,1,A,21,11,6,8,5,6,11,8,1,1,0,0
2017/18,2018-02-04,Liverpool FC,Tottenham Hotspur FC,2,2,D,1,0,H,9,13,3,6,3,7,15,9,3,1,0,0
2017/18,2018-02-05,Watford FC,Chelsea FC,4,1,H,1,0,H,21,7,8,3,6,2,11,8,2,2,0,1
2017/18,2018-02-10,Everton FC,Crystal Palace FC,3,1,H,0,0,D,11,16,5,4,8,7,14,15,1,1,0,0
2017/18,2018-02-10,Manchester City FC,Leicester City FC,5,1,H,1,1,D,19,2,11,2,8,2,10,12,2,3,0,0
2017/18,2018-02-10,Stoke City FC,Brighton & Hove Albion FC,1,1,D,0,1,A,15,14,3,6,7,4,6,10,0,0,0,0
2017/18,2018-02-10,Swansea City FC,Burnley FC,1,0,H,0,0,D,12,13,4,1,5,2,10,9,2,1,0,0
2017/18,2018-02-10,Tottenham Hotspur FC,Arsenal FC,1,0,H,0,0,D,18,6,6,1,10,2,13,9,2,1,0,0
2017/18,2018-02-10,West Ham United FC,Watford FC,2,0,H,1,0,H,8,11,4,4,8,7,11,7,1,1,0,0
2017/18,2018-02-11,Huddersfield Town FC,AFC Bournemouth,4,1,H,2,1,H,15,7,4,2,2,6,12,12,0,3,0,0
2017/18,2018-02-11,Newcastle United FC,Manchester United FC,1,0,H,0,0,D,10,13,3,6,0,10,12,15,0,2,0,0
2017/18,2018-02-11,Southampton FC,Liverpool FC,0,2,A,0,2,A,6,16,4,4,3,1,5,8,1,2,0,0
2017/18,2018-02-12,Chelsea FC,West Bromwich Albion FC,3,0,H,1,0,H,20,8,8,1,8,7,11,11,0,2,0,0
2017/18,2018-02-24,AFC Bournemouth,Newcastle United FC,2,2,D,0,2,A,18,15,5,4,8,1,12,10,1,4,0,0
2017/18,2018-02-24,Brighton & Hove Albion FC,Swansea City FC,4,1,H,1,0,H,16,11,5,1,3,5,17,6,1,0,0,0
2017/18,2018-02-24,Burnley FC,Southampton FC,1,1,D,0,0,D,9,13,3,6,7,5,8,14,1,0,0,0
2017/18,2018-02-24,Leicester City FC,Stoke City FC,1,1,D,0,1,A,19,6,9,2,13,1,10,16,1,3,0,0
2017/18,2018-02-24,Liverpool FC,West Ham United FC,4,1,H,1,0,H,21,7,12,4,8,2,7,7,0,2,0,0
2017/18,2018-02-24,Watford FC,Everton FC,1,0,H,0,0,D,13,7,5,2,6,5,10,9,3,1,0,0
2017/18,2018-02-24,West Bromwich Albion FC,Huddersfield Town FC,1,2,A,0,0,D,10,16,3,7,6,3,11,9,1,1,0,0
2017/18,2018-02-25,Crystal Palace FC,Tottenham Hotspur FC,0,1,A,0,0,D,5,14,3,4,2,13,12,5,0,1,0,0
2017/18,2018-02-25,Manchester United FC,Chelsea FC,2,1,H,1,1,D,10,14,5,7,3,4,13,12,2,2,0,0
2017/18,2018-03-01,Arsenal FC,Manchester City FC,0,3,A,0,3,A,10,9,5,5,6,1,11,11,1,1,0,0
2017/18,2018-03-03,Burnley FC,Everton FC,2,1,H,0,1,A,21,10,8,4,10,4,9,12,1,1,0,1
2017/18,2018-03-03,Leicester City FC,AFC Bournemouth,1,1,D,0,1,A,23,8,4,3,13,1,11,7,2,1,0,0
2017/18,2018-03-03,Liverpool FC,Newcastle United FC,2,0,H,1,0,H,14,7,3,2,8,3,7,9,0,0,0,0
2017/18,2018-03-03,Southampton FC,Stoke City FC,0,0,D,0,0,D,18,12,6,3,15,4,8,13,0,1,0,0
2017/18,2018-03-03,Swansea City FC,West Ham United FC,4,1,H,2,0,H,9,7,8,2,4,5,9,14,0,3,0,0
2017/18,2018-03-03,Tottenham Hotspur FC,Huddersfield Town FC,2,0,H,1,0,H,15,3,7,3,8,1,6,8,1,1,0,0
2017/18,2018-03-03,Watford FC,West Bromwich Albion FC,1,0,H,0,0,D,15,9,4,2,4,6,11,12,2,0,0,0
2017/18,2018-03-04,Brighton & Hove Albion FC,Arsenal FC,2,1,H,2,1,H,13,15,6,7,6,11,13,12,3,3,0,0
2017/18,2018-03-04,Manchester City FC,Chelsea FC,1,0,H,0,0,D,13,3,3,0,5,2,8,9,2,1,0,0
2017/18,2018-03-05,Crystal Palace FC,Manchester United FC,2,3,A,1,0,H,10,17,4,8,3,7,10,8,1,3,0,0
2017/18,2018-03-10,Chelsea FC,Crystal Palace FC,2,1,H,2,0,H,27,9,11,2,12,3,8,9,1,2,0,0
2017/18,2018-03-10,Everton FC,Brighton & Hove Albion FC,2,0,H,0,0,D,13,10,3,4,10,3,10,14,0,1,0,1
2017/18,2018-03-10,Huddersfield Town FC,Swansea City FC,0,0,D,0,0,D,30,0,4,0,12,0,9,9,2,3,0,1
2017/18,2018-03-10,Manchester United FC,Liverpool FC,2,1,H,2,0,H,5,14,2,2,1,13,10,16,2,1,0,0
2017/18,2018-03-10,Newcastle United FC,Southampton FC,3,0,H,2,0,H,7,6,5,2,2,6,10,10,0,2,0,0
2017/18,2018-03-10,West Bromwich Albion FC,Leicester City FC,1,4,A,1,1,D,6,14,2,6,7,6,6,7,1,3,0,0
2017/18,2018-03-10,West Ham United FC,Burnley FC,0,3,A,0,0,D,13,7,4,4,5,1,13,7,2,2,0,0
2017/18,2018-03-11,Arsenal FC,Watford FC,3,0,H,1,0,H,11,11,7,4,4,9,12,9,2,1,0,0
2017/18,2018-03-11,AFC Bournemouth,Tottenham Hotspur FC,1,4,A,1,1,D,14,12,3,8,4,5,10,7,1,1,0,0
2017/18,2018-03-12,Stoke City FC,Manchester City FC,0,2,A,0,1,A,3,17,0,6,3,10,6,8,1,0,0,0
2017/18,2018-03-17,AFC Bournemouth,West Bromwich Albion FC,2,1,H,0,0,D,17,11,5,6,3,2,6,9,1,2,0,0
2017/18,2018-03-17,Huddersfield Town FC,Crystal Palace FC,0,2,A,0,1,A,6,17,2,6,4,7,11,12,3,2,0,0
2017/18,2018-03-17,Liverpool FC,Watford FC,5,0,H,2,0,H,13,4,10,1,6,1,5,4,1,0,0,0
2017/18,2018-03-17,Stoke City FC,Everton FC,1,2,A,0,0,D,9,17,4,9,1,9,13,12,1,1,1,0
2017/18,2018-03-31,Brighton & Hove Albion FC,Leicester City FC,0,2,A,0,0,D,15,6,3,4,6,1,11,13,2,4,0,1
2017/18,2018-03-31,Crystal Palace FC,Liverpool FC,1,2,A,1,0,H,6,16,3,6,4,6,6,8,2,2,0,0
2017/18,2018-03-31,Everton FC,Manchester City FC,1,3,A,0,3,A,6,18,2,4,2,11,10,8,0,0,0,0
2017/18,2018-03-31,Manchester United FC,Swansea City FC,2,0,H,2,0,H,11,3,5,2,3,3,5,13,0,0,0,0
2017/18,2018-03-31,Newcastle United FC,Huddersfield Town FC,1,0,H,0,0,D,18,4,3,0,3,3,9,10,1,4,0,0
2017/18,2018-03-31,Watford FC,AFC Bournemouth,2,2,D,1,1,D,16,13,5,6,7,4,16,6,4,0,0,0
2017/18,2018-03-31,West Bromwich Albion FC,Burnley FC,1,2,A,0,1,A,8,11,3,4,1,6,12,9,1,3,0,0
2017/18,2018-03-31,West Ham United FC,Southampton FC,3,0,H,3,0,H,13,9,5,0,5,9,9,16,0,3,0,0
2017/18,2018-04-01,Arsenal FC,Stoke City FC,3,0,H,0,0,D,24,8,11,2,6,5,9,13,1,2,0,0
2017/18,2018-04-01,Chelsea FC,Tottenham Hotspur FC,1,3,A,1,1,D,14,12,4,7,5,5,4,11,0,1,0,0
2017/18,2018-04-07,AFC Bournemouth,Crystal Palace FC,2,2,D,0,0,D,20,13,5,6,11,3,8,9,2,2,0,0
2017/18,2018-04-07,Brighton & Hove Albion FC,Huddersfield Town FC,1,1,D,1,1,D,13,14,4,5,5,3,13,7,1,0,1,0
2017/18,2018-04-07,Everton FC,Liverpool FC,0,0,D,0,0,D,6,10,1,3,3,2,12,7,0,0,0,0
2017/18,2018-04-07,Leicester City FC,Newcastle United FC,1,2,A,0,1,A,8,8,1,4,7,5,7,14,1,3,0,0
2017/18,2018-04-07,Manchester City FC,Manchester United FC,2,3,A,2,0,H,20,5,6,4,8,4,17,9,6,3,0,0
2017/18,2018-04-07,Stoke City FC,Tottenham Hotspur FC,1,2,A,0,0,D,10,15,4,4,6,3,19,8,4,3,0,0
2017/18,2018-04-07,Watford FC,Burnley FC,1,2,A,0,0,D,14,7,5,4,11,1,18,12,2,2,0,0
2017/18,2018-04-07,West Bromwich Albion FC,Swansea City FC,1,1,D,0,0,D,15,7,3,1,5,1,15,5,3,2,0,0
2017/18,2018-04-08,Arsenal FC,Southampton FC,3,2,H,2,1,H,13,15,7,8,8,6,11,7,2,1,1,1
2017/18,2018-04-08,Chelsea FC,West Ham United FC,1,1,D,1,0,H,23,5,6,2,10,6,7,11,0,1,0,0
2017/18,2018-04-14,Burnley FC,Leicester City FC,2,1,H,2,0,H,8,15,3,6,4,8,9,10,2,1,0,0
2017/18,2018-04-14,Crystal Palace FC,Brighton & Hove Albion FC,3,2,H,3,2,H,15,12,8,3,5,6,12,16,3,2,0,0
2017/18,2018-04-14,Huddersfield Town FC,Watford FC,1,0,H,0,0,D,9,4,1,2,9,6,9,8,2,2,0,0
2017/18,2018-04-14,Liverpool FC,AFC Bournemouth,3,0,H,1,0,H,20,6,7,1,7,5,9,9,1,1,0,0
2017/18,2018-04-14,Southampton FC,Chelsea FC,2,3,A,1,0,H,10,17,7,5,4,7,13,14,5,3,0,0
2017/18,2018-04-14,Swansea City FC,Everton FC,1,1,D,0,1,A,17,12,7,3,6,3,10,11,1,1,0,0
2017/18,2018-04-14,Tottenham Hotspur FC,Manchester City FC,1,3,A,1,2,A,8,17,3,6,5,7,11,12,3,4,0,0
2017/18,2018-04-15,Manchester United FC,West Bromwich Albion FC,0,1,A,0,0,D,14,10,4,4,4,4,8,13,1,1,0,0
2017/18,2018-04-15,Newcastle United FC,Arsenal FC,2,1,H,1,1,D,8,15,4,3,2,5,11,9,1,0,0,0
2017/18,2018-04-16,West Ham United FC,Stoke City FC,1,1,D,0,0,D,18,11,6,7,10,1,15,21,2,3,0,0
2017/18,2018-04-17,Brighton & Hove Albion FC,Tottenham Hotspur FC,1,1,D,0,0,D,8,16,5,6,3,4,6,5,1,0,0,0
2017/18,2018-04-18,AFC Bournemouth,Manchester United FC,0,2,A,0,1,A,13,13,2,4,8,5,9,8,3,1,0,0
2017/18,2018-04-19,Burnley FC,Chelsea FC,1,2,A,0,1,A,5,16,2,5,3,2,9,11,1,0,0,0
2017/18,2018-04-19,Leicester City FC,Southampton FC,0,0,D,0,0,D,11,6,3,2,11,3,10,10,0,0,0,0
2017/18,2018-04-21,Watford FC,Crystal Palace FC,0,0,D,0,0,D,14,6,4,1,4,3,17,13,3,5,0,0
2017/18,2018-04-21,West Bromwich Albion FC,Liverpool FC,2,2,D,0,1,A,13,9,6,3,7,4,12,5,0,1,0,0
2017/18,2018-04-22,Arsenal FC,West Ham United FC,4,1,H,0,0,D,20,11,8,4,8,6,11,9,3,2,0,0
2017/18,2018-04-22,Manchester City FC,Swansea City FC,5,0,H,2,0,H,19,4,12,1,5,1,6,8,0,1,0,0
2017/18,2018-04-22,Stoke City FC,Burnley FC,1,1,D,1,0,H,8,16,3,7,3,8,15,5,2,1,0,0
2017/18,2018-04-23,Everton FC,Newcastle United FC,1,0,H,0,0,D,9,9,1,2,4,6,10,11,2,1,0,0
2017/18,2018-04-28,Burnley FC,Brighton & Hove Albion FC,0,0,D,0,0,D,10,9,4,1,3,4,5,17,0,2,0,0
2017/18,2018-04-28,Crystal Palace FC,Leicester City FC,5,0,H,2,0,H,15,6,9,1,8,2,11,9,1,1,0,1
2017/18,2018-04-28,Huddersfield Town FC,Everton FC,0,2,A,0,1,A,9,7,2,5,4,3,9,8,1,0,0,0
2017/18,2018-04-28,Liverpool FC,Stoke City FC,0,0,D,0,0,D,20,5,2,1,9,2,7,14,1,2,0,0
2017/18,2018-04-28,Newcastle United FC,West Bromwich Albion FC,0,1,A,0,1,A,17,9,2,2,5,1,8,13,1,3,0,0
2017/18,2018-04-28,Southampton FC,AFC Bournemouth,2,1,H,1,1,D,14,14,6,7,5,8,12,11,5,1,0,0
2017/18,2018-04-28,Swansea City FC,Chelsea FC,0,1,A,0,1,A,10,11,3,3,1,2,13,9,1,1,0,0
2017/18,2018-04-29,Manchester United FC,Arsenal FC,2,1,H,1,0,H,17,8,3,3,9,0,12,7,0,1,0,0
2017/18,2018-04-29,West Ham United FC,Manchester City FC,1,4,A,1,2,A,4,19,1,7,0,7,5,11,0,1,0,0
2017/18,2018-04-30,Tottenham Hotspur FC,Watford FC,2,0,H,1,0,H,13,13,3,5,4,0,11,10,1,0,0,0
2017/18,2018-05-04,Brighton & Hove Albion FC,Manchester United FC,1,0,H,0,0,D,11,16,4,3,5,6,5,3,2,0,0,0
2017/18,2018-05-05,AFC Bournemouth,Swansea City FC,1,0,H,1,0,H,13,12,5,3,11,6,10,10,1,4,0,0
2017/18,2018-05-05,Everton FC,Southampton FC,1,1,D,0,0,D,9,11,3,5,3,4,14,12,2,4,0,1
2017/18,2018-05-05,Leicester City FC,West Ham United FC,0,2,A,0,1,A,13,13,2,3,8,3,8,9,1,2,0,0
2017/18,2018-05-05,Stoke City FC,Crystal Palace FC,1,2,A,1,0,H,7,13,2,2,1,7,18,12,5,2,0,0
2017/18,2018-05-05,Watford FC,Newcastle United FC,2,1,H,2,0,H,11,9,8,1,2,5,9,11,2,1,0,0
2017/18,2018-05-05,West Bromwich Albion FC,Tottenham Hotspur FC,1,0,H,0,0,D,9,18,1,5,5,9,13,12,4,1,0,0
2017/18,2018-05-06,Arsenal FC,Burnley FC,5,0,H,2,0,H,16,6,8,2,4,5,6,7,0,1,0,0
2017/18,2018-05-06,Chelsea FC,Liverpool FC,1,0,H,1,0,H,12,10,4,5,3,1,12,9,3,2,0,0
2017/18,2018-05-06,Manchester City FC,Huddersfield Town FC,0,0,D,0,0,D,15,5,2,3,10,1,9,4,0,3,0,0
2017/18,2018-05-08,Swansea City FC,Southampton FC,0,1,A,0,0,D,11,13,3,8,7,6,7,15,2,1,0,0
2017/18,2018-05-09,Chelsea FC,Huddersfield Town FC,1,1,D,0,0,D,22,3,5,2,9,0,7,10,0,1,0,0
2017/18,2018-05-09,Leicester City FC,Arsenal FC,3,1,H,1,0,H,19,14,10,7,6,6,7,12,2,2,0,1
2017/18,2018-05-09,Manchester City FC,Brighton & Hove Albion FC,3,1,H,2,1,H,19,6,7,3,4,3,5,7,0,1,0,0
2017/18,2018-05-09,Tottenham Hotspur FC,Newcastle United FC,1,0,H,0,0,D,11,14,7,3,6,4,10,8,2,3,0,0
2017/18,2018-05-10,West Ham United FC,Manchester United FC,0,0,D,0,0,D,9,16,2,6,1,6,12,12,1,1,0,0
2017/18,2018-05-13,Burnley FC,AFC Bournemouth,1,2,A,1,0,H,12,16,4,5,7,8,14,9,0,0,0,0
2017/18,2018-05-13,Crystal Palace FC,West Bromwich Albion FC,2,0,H,0,0,D,11,7,5,1,4,2,10,11,2,3,0,0
2017/18,2018-05-13,Huddersfield Town FC,Arsenal FC,0,1,A,0,1,A,18,9,3,4,7,4,11,7,1,0,0,0
2017/18,2018-05-13,Liverpool FC,Brighton & Hove Albion FC,4,0,H,2,0,H,22,2,11,1,7,3,3,6,0,0,0,0
2017/18,2018-05-13,Manchester United FC,Watford FC,1,0,H,1,0,H,7,7,1,3,6,5,6,11,4,0,0,0
2017/18,2018-05-13,Newcastle United FC,Chelsea FC,3,0,H,1,0,H,16,6,6,2,4,2,11,10,0,1,0,0
2017/18,2018-05-13,Southampton FC,Manchester City FC,0,1,A,0,0,D,8,13,3,2,1,12,8,10,3,1,0,0
2017/18,2018-05-13,Swansea City FC,Stoke City FC,1,2,A,1,2,A,26,8,11,5,6,0,12,9,1,2,0,0
2017/18,2018-05-13,Tottenham Hotspur FC,Leicester City FC,5,4,H,1,2,A,14,16,6,9,4,4,9,13,1,2,0,0
2017/18,2018-05-13,West Ham United FC,Everton FC,3,1,H,1,0,H,15,14,4,7,6,6,10,13,0,1,0,0
2018/19,2018-08-10,Manchester United FC,Leicester City FC,2,1,H,1,0,H,8,13,6,4,2,5,11,8,2,1,0,0
2018/19,2018-08-11,AFC Bournemouth,Cardiff City FC,2,0,H,1,0,H,12,10,4,1,7,4,11,9,1,1,0,0
2018/19,2018-08-11,Fulham FC,Crystal Palace FC,0,2,A,0,1,A,15,10,6,9,5,5,9,11,1,2,0,0
2018/19,2018-08-11,Huddersfield Town FC,Chelsea FC,0,3,A,0,2,A,6,13,1,4,2,5,9,8,2,1,0,0
2018/19,2018-08-11,Newcastle United FC,Tottenham Hotspur FC,1,2,A,1,2,A,15,15,2,5,3,5,11,12,2,2,0,0
2018/19,2018-08-11,Watford FC,Brighton & Hove Albion FC,2,0,H,1,0,H,19,6,5,0,8,2,10,16,2,2,0,0
2018/19,2018-08-11,Wolverhampton Wanderers FC,Everton FC,2,2,D,1,1,D,11,6,4,5,3,6,8,7,0,1,0,1
2018/19,2018-08-12,Arsenal FC,Manchester City FC,0,2,A,0,1,A,9,17,3,8,2,9,11,14,2,2,0,0
2018/19,2018-08-12,Liverpool FC,West Ham United FC,4,0,H,2,0,H,18,5,8,2,5,4,14,9,1,2,0,0
2018/19,2018-08-12,Southampton FC,Burnley FC,0,0,D,0,0,D,18,16,3,6,8,5,10,9,0,1,0,0
2018/19,2018-08-18,Cardiff City FC,Newcastle United FC,0,0,D,0,0,D,12,12,1,6,5,5,14,16,2,2,0,1
2018/19,2018-08-18,Chelsea FC,Arsenal FC,3,2,H,2,2,D,24,15,11,6,5,1,12,9,0,2,0,0
2018/19,2018-08-18,Everton FC,Southampton FC,2,1,H,2,0,H,13,15,7,4,2,5,8,20,0,5,0,0
2018/19,2018-08-18,Leicester City FC,Wolverhampton Wanderers FC,2,0,H,2,0,H,6,11,2,3,1,9,10,8,2,1,1,0
2018/19,2018-08-18,Tottenham Hotspur FC,Fulham FC,3,1,H,1,0,H,25,10,11,3,5,2,9,5,0,0,0,0
2018/19,2018-08-18,West Ham United FC,AFC Bournemouth,1,2,A,1,0,H,11,12,5,5,6,4,14,10,6,2,0,0
2018/19,2018-08-19,Brighton & Hove Albion FC,Manchester United FC,3,2,H,3,1,H,6,9,3,3,3,5,16,13,1,1,0,0
2018/19,2018-08-19,Burnley FC,Watford FC,1,3,A,1,1,D,8,9,3,6,5,2,8,19,1,2,0,0
2018/19,2018-08-19,Manchester City FC,Huddersfield Town FC,6,1,H,3,1,H,32,5,14,1,10,3,9,4,0,2,0,0
2018/19,2018-08-20,Crystal Palace FC,Liverpool FC,0,2,A,0,1,A,8,16,2,6,6,7,6,13,1,1,1,0
2018/19,2018-08-25,Arsenal FC,West Ham United FC,3,1,H,1,1,D,17,13,10,5,10,2,16,13,1,3,0,0
2018/19,2018-08-25,AFC Bournemouth,Everton FC,2,2,D,0,0,D,17,11,5,3,6,2,12,10,0,3,1,1
2018/19,2018-08-25,Huddersfield Town FC,Cardiff City FC,0,0,D,0,0,D,5,14,1,4,7,7,8,10,0,1,1,0
2018/19,2018-08-25,Liverpool FC,Brighton & Hove Albion FC,1,0,H,1,0,H,22,6,8,2,8,5,8,14,1,1,0,0
2018/19,2018-08-25,Southampton FC,Leicester City FC,1,2,A,0,0,D,11,8,5,5,10,3,13,11,1,1,1,0
2018/19,2018-08-25,Wolverhampton Wanderers FC,Manchester City FC,1,1,D,0,0,D,11,18,2,6,5,9,13,8,1,2,0,0
2018/19,2018-08-26,Fulham FC,Burnley FC,4,2,H,3,2,H,25,12,12,2,6,4,11,8,2,1,0,0
2018/19,2018-08-26,Newcastle United FC,Chelsea FC,1,2,A,0,0,D,6,15,2,3,4,5,16,8,3,1,0,0
2018/19,2018-08-26,Watford FC,Crystal Palace FC,2,1,H,0,0,D,13,9,5,3,6,3,14,11,4,2,0,0
2018/19,2018-08-27,Manchester United FC,Tottenham Hotspur FC,0,3,A,0,0,D,23,9,5,5,5,2,11,16,2,4,0,0
2018/19,2018-09-01,Brighton & Hove Albion FC,Fulham FC,2,2,D,0,1,A,15,10,5,5,7,1,12,14,3,3,0,0
2018/19,2018-09-01,Chelsea FC,AFC Bournemouth,2,0,H,0,0,D,24,8,6,1,7,6,10,7,2,2,0,0
2018/19,2018-09-01,Crystal Palace FC,Southampton FC,0,2,A,0,0,D,20,19,6,6,7,4,11,12,1,1,0,0
2018/19,2018-09-01,Everton FC,Huddersfield Town FC,1,1,D,1,1,D,11,9,1,6,4,3,13,14,3,3,0,0
2018/19,2018-09-01,Leicester City FC,Liverpool FC,1,2,A,0,2,A,12,10,5,4,4,4,9,12,3,2,0,0
2018/19,2018-09-01,Manchester City FC,Newcastle United FC,2,1,H,1,1,D,24,3,8,2,4,0,5,13,0,0,0,0
2018/19,2018-09-01,West Ham United FC,Wolverhampton Wanderers FC,0,1,A,0,0,D,13,15,3,6,4,4,10,11,2,1,0,0
2018/19,2018-09-02,Burnley FC,Manchester United FC,0,2,A,0,2,A,9,21,2,9,2,5,7,13,2,3,0,1
2018/19,2018-09-02,Cardiff City FC,Arsenal FC,2,3,A,1,1,D,14,17,3,11,3,9,12,14,3,4,0,0
2018/19,2018-09-02,Watford FC,Tottenham Hotspur FC,2,1,H,0,0,D,7,11,3,2,3,10,9,8,2,1,0,0
2018/19,2018-09-15,AFC Bournemouth,Leicester City FC,4,2,H,3,0,H,10,14,5,8,4,6,13,15,3,2,0,1
2018/19,2018-09-15,Chelsea FC,Cardiff City FC,4,1,H,2,1,H,18,6,7,2,5,4,8,10,0,0,0,0
2018/19,2018-09-15,Huddersfield Town FC,Crystal Palace FC,0,1,A,0,1,A,15,7,2,2,5,3,11,17,1,2,0,0
2018/19,2018-09-15,Manchester City FC,Fulham FC,3,0,H,2,0,H,28,9,9,3,10,4,7,7,0,0,0,0
2018/19,2018-09-15,Newcastle United FC,Arsenal FC,1,2,A,0,0,D,4,12,2,2,10,4,13,11,0,0,0,0
2018/19,2018-09-15,Tottenham Hotspur FC,Liverpool FC,1,2,A,0,1,A,11,17,3,10,5,4,17,16,0,0,0,0
2018/19,2018-09-15,Watford FC,Manchester United FC,1,2,A,0,2,A,14,9,5,6,6,8,9,11,2,1,0,1
2018/19,2018-09-16,Everton FC,West Ham United FC,1,3,A,1,2,A,16,9,4,4,4,2,15,12,2,5,0,0
2018/19,2018-09-16,Wolverhampton Wanderers FC,Burnley FC,1,0,H,0,0,D,30,7,7,2,8,2,10,9,2,4,0,0
2018/19,2018-09-17,Southampton FC,Brighton & Hove Albion FC,2,2,D,1,0,H,14,12,5,4,1,4,10,13,2,3,0,0
2018/19,2018-09-22,Brighton & Hove Albion FC,Tottenham Hotspur FC,1,2,A,0,1,A,8,16,4,7,5,7,15,9,2,1,0,0
2018/19,2018-09-22,Burnley FC,AFC Bournemouth,4,0,H,2,0,H,12,19,5,5,3,8,17,6,2,0,0,0
2018/19,2018-09-22,Cardiff City FC,Manchester City FC,0,5,A,0,3,A,2,21,2,10,1,9,6,4,1,1,0,0
2018/19,2018-09-22,Crystal Palace FC,Newcastle United FC,0,0,D,0,0,D,16,6,4,3,9,5,8,11,1,1,0,0
2018/19,2018-09-22,Fulham FC,Watford FC,1,1,D,0,1,A,15,11,3,6,8,8,11,9,2,1,0,0
2018/19,2018-09-22,Leicester City FC,Huddersfield Town FC,3,1,H,1,1,D,18,9,8,2,3,1,10,16,2,1,0,0
2018/19,2018-09-22,Liverpool FC,Southampton FC,3,0,H,3,0,H,12,7,4,1,5,4,7,10,0,2,0,0
2018/19,2018-09-22,Manchester United FC,Wolverhampton Wanderers FC,1,1,D,1,0,H,15,11,6,8,5,4,5,17,1,1,0,0
2018/19,2018-09-23,Arsenal FC,Everton FC,2,0,H,0,0,D,9,9,5,6,5,9,17,12,2,1,0,0
2018/19,2018-09-23,West Ham United FC,Chelsea FC,0,0,D,0,0,D,6,17,1,6,1,8,11,9,2,1,0,0
2018/19,2018-09-29,Arsenal FC,Watford FC,2,0,H,0,0,D,9,13,2,4,6,6,11,17,2,2,0,0
2018/19,2018-09-29,Chelsea FC,Liverpool FC,1,1,D,1,0,H,10,13,4,6,4,4,7,9,0,2,0,0
2018/19,2018-09-29,Everton FC,Fulham FC,3,0,H,0,0,D,19,6,6,0,12,1,13,13,0,3,0,0
2018/19,2018-09-29,Huddersfield Town FC,Tottenham Hotspur FC,0,2,A,0,2,A,9,10,5,6,3,0,17,16,2,2,0,0
2018/19,2018-09-29,Manchester City FC,Brighton & Hove Albion FC,2,0,H,1,0,H,28,4,8,1,10,3,4,10,0,3,0,0
2018/19,2018-09-29,Newcastle United FC,Leicester City FC,0,2,A,0,1,A,6,12,1,5,5,9,11,5,0,0,0,0
2018/19,2018-09-29,West Ham United FC,Manchester United FC,3,1,H,2,0,H,8,9,3,4,4,9,12,12,0,1,0,0
2018/19,2018-09-29,Wolverhampton Wanderers FC,Southampton FC,2,0,H,0,0,D,14,17,6,6,8,6,11,7,3,1,0,0
2018/19,2018-09-30,Cardiff City FC,Burnley FC,1,2,A,0,0,D,19,3,5,2,10,2,11,15,1,3,0,0
2018/19,2018-10-01,AFC Bournemouth,Crystal Palace FC,2,1,H,1,0,H,11,10,5,2,3,3,9,12,3,4,0,0
2018/19,2018-10-05,Brighton & Hove Albion FC,West Ham United FC,1,0,H,1,0,H,9,17,4,4,2,9,12,8,3,2,0,0
2018/19,2018-10-06,Burnley FC,Huddersfield Town FC,1,1,D,1,0,H,6,19,3,2,1,10,8,11,2,2,0,0
2018/19,2018-10-06,Crystal Palace FC,Wolverhampton Wanderers FC,0,1,A,0,0,D,11,7,4,2,6,3,11,13,3,4,0,0
2018/19,2018-10-06,Leicester City FC,Everton FC,1,2,A,1,1,D,8,17,2,8,2,10,10,11,2,1,1,0
2018/19,2018-10-06,Manchester United FC,Newcastle United FC,3,2,H,0,2,A,18,13,10,8,10,6,16,8,2,2,0,0
2018/19,2018-10-06,Tottenham Hotspur FC,Cardiff City FC,1,0,H,1,0,H,19,8,7,6,6,2,7,11,2,1,0,1
2018/19,2018-10-06,Watford FC,AFC Bournemouth,0,4,A,0,3,A,14,10,2,7,10,7,11,9,3,1,1,0
2018/19,2018-10-07,Fulham FC,Arsenal FC,1,5,A,1,1,D,21,9,4,7,4,2,11,12,2,0,0,0
2018/19,2018-10-07,Liverpool FC,Manchester City FC,0,0,D,0,0,D,7,6,2,2,2,6,10,10,1,3,0,0
2018/19,2018-10-07,Southampton FC,Chelsea FC,0,3,A,0,1,A,15,21,6,6,4,12,13,11,6,0,0,0
2018/19,2018-10-20,AFC Bournemouth,Southampton FC,0,0,D,0,0,D,10,8,2,4,6,4,10,14,1,2,0,0
2018/19,2018-10-20,Cardiff City FC,Fulham FC,4,2,H,2,2,D,22,9,5,4,4,4,15,16,3,3,0,0
2018/19,2018-10-20,Chelsea FC,Manchester United FC,2,2,D,1,0,H,21,7,6,4,5,3,9,17,2,5,0,0
2018/19,2018-10-20,Huddersfield Town FC,Liverpool FC,0,1,A,0,1,A,13,11,1,2,2,4,9,6,0,2,0,0
2018/19,2018-10-20,Manchester City FC,Burnley FC,5,0,H,1,0,H,24,5,10,0,10,1,11,5,2,2,0,0
2018/19,2018-10-20,Newcastle United FC,Brighton & Hove Albion FC,0,1,A,0,1,A,27,8,6,2,10,2,13,17,0,2,0,0
2018/19,2018-10-20,West Ham United FC,Tottenham Hotspur FC,0,1,A,0,1,A,13,10,4,2,10,6,8,10,3,0,0,0
2018/19,2018-10-20,Wolverhampton Wanderers FC,Watford FC,0,2,A,0,2,A,10,9,1,3,8,2,23,13,3,1,0,0
2018/19,2018-10-21,Everton FC,Crystal Palace FC,2,0,H,0,0,D,20,7,4,3,10,5,13,17,2,1,0,0
2018/19,2018-10-22,Arsenal FC,Leicester City FC,3,1,H,1,1,D,19,8,6,2,6,4,10,10,2,2,0,0
2018/19,2018-10-27,Brighton & Hove Albion FC,Wolverhampton Wanderers FC,1,0,H,0,0,D,2,25,1,7,1,10,11,8,3,0,0,0
2018/19,2018-10-27,Fulham FC,AFC Bournemouth,0,3,A,0,1,A,11,12,1,5,5,5,16,3,2,1,1,0
2018/19,2018-10-27,Leicester City FC,West Ham United FC,1,1,D,0,1,A,21,11,7,3,8,0,17,5,1,1,0,1
2018/19,2018-10-27,Liverpool FC,Cardiff City FC,4,1,H,1,0,H,19,2,7,1,8,0,6,4,0,0,0,0
2018/19,2018-10-27,Southampton FC,Newcastle United FC,0,0,D,0,0,D,22,6,4,0,7,2,9,12,0,1,0,0
2018/19,2018-10-27,Watford FC,Huddersfield Town FC,3,0,H,2,0,H,12,13,6,7,3,3,9,13,1,2,0,0
2018/19,2018-10-28,Burnley FC,Chelsea FC,0,4,A,0,1,A,7,24,1,8,4,4,14,10,4,2,0,0
2018/19,2018-10-28,Crystal Palace FC,Arsenal FC,2,2,D,1,0,H,16,7,3,2,6,4,10,16,1,2,0,0
2018/19,2018-10-28,Manchester United FC,Everton FC,2,1,H,1,0,H,14,14,10,6,8,4,15,12,2,1,0,0
2018/19,2018-10-29,Tottenham Hotspur FC,Manchester City FC,0,1,A,0,1,A,4,13,1,6,3,6,13,13,2,2,0,0
2018/19,2018-11-03,Arsenal FC,Liverpool FC,1,1,D,0,0,D,12,13,4,4,5,8,7,7,1,1,0,0
2018/19,2018-11-03,AFC Bournemouth,Manchester United FC,1,2,A,1,1,D,18,18,7,8,9,5,12,12,4,3,0,0
2018/19,2018-11-03,Cardiff City FC,Leicester City FC,0,1,A,0,0,D,11,13,2,5,6,12,13,12,2,2,0,0
2018/19,2018-11-03,Everton FC,Brighton & Hove Albion FC,3,1,H,1,1,D,14,5,3,3,6,4,9,17,0,1,0,0
2018/19,2018-11-03,Newcastle United FC,Watford FC,1,0,H,0,0,D,10,16,2,1,8,9,12,11,1,5,0,0
2018/19,2018-11-03,West Ham United FC,Burnley FC,4,2,H,1,1,D,22,6,10,3,10,4,7,9,1,4,0,0
2018/19,2018-11-03,Wolverhampton Wanderers FC,Tottenham Hotspur FC,2,3,A,0,2,A,16,10,7,8,5,1,11,8,1,2,0,0
2018/19,2018-11-04,Chelsea FC,Crystal Palace FC,3,1,H,1,0,H,15,7,6,2,4,2,6,13,0,1,0,0
2018/19,2018-11-04,Manchester City FC,Southampton FC,6,1,H,4,1,H,18,12,8,6,4,4,14,9,1,1,0,0
2018/19,2018-11-05,Huddersfield Town FC,Fulham FC,1,0,H,1,0,H,10,7,2,1,5,4,11,8,1,2,0,0
2018/19,2018-11-10,Cardiff City FC,Brighton & Hove Albion FC,2,1,H,1,1,D,20,7,6,3,4,1,7,21,2,1,0,1
2018/19,2018-11-10,Crystal Palace FC,Tottenham Hotspur FC,0,1,A,0,0,D,11,11,4,2,10,6,12,9,1,1,0,0
2018/19,2018-11-10,Huddersfield Town FC,West Ham United FC,1,1,D,1,0,H,15,12,7,5,5,6,9,8,1,1,0,0
2018/19,2018-11-10,Leicester City FC,Burnley FC,0,0,D,0,0,D,22,6,5,1,12,1,13,10,2,0,0,0
2018/19,2018-11-10,Newcastle United FC,AFC Bournemouth,2,1,H,2,1,H,18,14,6,4,7,10,9,11,2,1,0,0
2018/19,2018-11-10,Southampton FC,Watford FC,1,1,D,1,0,H,14,12,4,6,7,6,13,13,3,2,0,0
2018/19,2018-11-11,Arsenal FC,Wolverhampton Wanderers FC,1,1,D,0,1,A,10,12,3,5,11,2,9,16,2,2,0,0
2018/19,2018-11-11,Chelsea FC,Everton FC,0,0,D,0,0,D,15,6,4,1,5,5,7,11,4,3,0,0
2018/19,2018-11-11,Liverpool FC,Fulham FC,2,0,H,1,0,H,20,8,7,3,6,3,11,9,1,1,0,0
2018/19,2018-11-11,Manchester City FC,Manchester United FC,3,1,H,1,0,H,17,6,5,1,5,1,12,12,1,1,0,0
2018/19,2018-11-24,Brighton & Hove Albion FC,Leicester City FC,1,1,D,1,0,H,14,8,3,3,6,1,10,7,3,1,0,1
2018/19,2018-11-24,Everton FC,Cardiff City FC,1,0,H,0,0,D,16,7,8,1,7,3,12,13,0,3,0,0
2018/19,2018-11-24,Fulham FC,Southampton FC,3,2,H,2,1,H,10,19,5,8,2,5,10,6,2,3,0,0
2018/19,2018-11-24,Manchester United FC,Crystal Palace FC,0,0,D,0,0,D,12,13,5,2,10,3,13,12,1,2,0,0
2018/19,2018-11-24,Tottenham Hotspur FC,Chelsea FC,3,1,H,2,0,H,18,13,9,2,4,4,19,12,0,3,0,0
2018/19,2018-11-24,Watford FC,Liverpool FC,0,3,A,0,0,D,5,10,1,7,5,5,12,13,0,0,0,1
2018/19,2018-11-24,West Ham United FC,Manchester City FC,0,4,A,0,3,A,9,9,1,6,8,1,6,3,0,0,0,0
2018/19,2018-11-25,AFC Bournemouth,Arsenal FC,1,2,A,1,1,D,11,20,5,4,5,8,6,9,2,1,0,0
2018/19,2018-11-25,Wolverhampton Wanderers FC,Huddersfield Town FC,0,2,A,0,1,A,12,14,3,6,3,5,9,8,1,2,0,0
2018/19,2018-11-26,Burnley FC,Newcastle United FC,1,2,A,1,2,A,14,17,4,3,5,5,6,11,0,1,0,0
2018/19,2018-11-30,Cardiff City FC,Wolverhampton Wanderers FC,2,1,H,0,1,A,17,15,3,4,7,6,3,12,1,2,0,0
2018/19,2018-12-01,Crystal Palace FC,Burnley FC,2,0,H,1,0,H,29,4,9,0,10,2,9,10,1,1,0,0
2018/19,2018-12-01,Huddersfield Town FC,Brighton & Hove Albion FC,1,2,A,1,1,D,7,14,2,6,2,6,10,12,0,2,1,0
2018/19,2018-12-01,Leicester City FC,Watford FC,2,0,H,2,0,H,7,8,3,0,4,8,7,6,2,1,0,1
2018/19,2018-12-01,Manchester City FC,AFC Bournemouth,3,1,H,1,1,D,16,4,6,1,8,4,9,3,0,0,0,0
2018/19,2018-12-01,Newcastle United FC,West Ham United FC,0,3,A,0,1,A,16,7,4,4,7,3,10,10,3,3,0,0
2018/19,2018-12-01,Southampton FC,Manchester United FC,2,2,D,2,2,D,16,11,6,5,3,5,12,13,4,4,0,0
2018/19,2018-12-02,Arsenal FC,Tottenham Hotspur FC,4,2,H,1,2,A,22,11,7,6,8,5,15,17,3,3,0,1
2018/19,2018-12-02,Chelsea FC,Fulham FC,2,0,H,1,0,H,16,9,9,4,4,6,8,17,2,1,0,0
2018/19,2018-12-02,Liverpool FC,Everton FC,1,0,H,0,0,D,16,9,3,3,8,1,12,7,3,2,0,0
2018/19,2018-12-04,AFC Bournemouth,Huddersfield Town FC,2,1,H,2,1,H,6,23,2,6,4,8,14,11,4,2,0,0
2018/19,2018-12-04,Brighton & Hove Albion FC,Crystal Palace FC,3,1,H,3,0,H,9,18,3,5,4,5,14,12,2,3,1,0
2018/19,2018-12-04,Watford FC,Manchester City FC,1,2,A,0,1,A,11,15,7,7,3,11,4,8,0,1,0,0
2018/19,2018-12-04,West Ham United FC,Cardiff City FC,3,1,H,0,0,D,17,9,11,5,10,4,10,10,1,2,0,0
2018/19,2018-12-05,Burnley FC,Liverpool FC,1,3,A,0,0,D,10,18,6,12,5,9,10,3,1,0,0,0
2018/19,2018-12-05,Everton FC,Newcastle United FC,1,1,D,1,1,D,19,8,3,5,14,2,7,18,0,5,0,0
2018/19,2018-12-05,Fulham FC,Leicester City FC,1,1,D,1,0,H,25,13,7,5,10,8,12,7,0,0,0,0
2018/19,2018-12-05,Manchester United FC,Arsenal FC,2,2,D,1,1,D,10,9,7,4,4,4,13,10,3,3,0,0
2018/19,2018-12-05,Tottenham Hotspur FC,Southampton FC,3,1,H,1,0,H,13,18,8,5,8,6,7,5,0,0,0,0
2018/19,2018-12-05,Wolverhampton Wanderers FC,Chelsea FC,2,1,H,0,1,A,6,17,2,3,1,5,18,10,4,4,0,0
2018/19,2018-12-08,Arsenal FC,Huddersfield Town FC,1,0,H,0,0,D,14,6,2,0,7,1,13,20,5,4,0,0
2018/19,2018-12-08,AFC Bournemouth,Liverpool FC,0,4,A,0,1,A,8,10,2,4,6,6,9,11,2,1,0,0
2018/19,2018-12-08,Burnley FC,Brighton & Hove Albion FC,1,0,H,1,0,H,14,14,4,1,2,7,11,11,2,0,0,0
2018/19,2018-12-08,Cardiff City FC,Southampton FC,1,0,H,0,0,D,13,12,4,1,7,7,9,10,2,2,0,0
2018/19,2018-12-08,Chelsea FC,Manchester City FC,2,0,H,1,0,H,8,14,5,4,1,13,12,11,2,0,0,0
2018/19,2018-12-08,Leicester City FC,Tottenham Hotspur FC,0,2,A,0,1,A,11,7,3,2,6,5,12,7,3,1,0,0
2018/19,2018-12-08,Manchester United FC,Fulham FC,4,1,H,3,0,H,20,10,11,4,10,3,11,15,1,1,0,1
2018/19,2018-12-08,West Ham United FC,Crystal Palace FC,3,2,H,0,1,A,13,8,6,4,5,3,10,8,1,2,0,0
2018/19,2018-12-09,Newcastle United FC,Wolverhampton Wanderers FC,1,2,A,1,1,D,12,13,4,6,4,6,10,17,2,5,1,0
2018/19,2018-12-10,Everton FC,Watford FC,2,2,D,1,0,H,12,15,5,3,6,6,13,13,1,1,0,0
2018/19,2018-12-15,Crystal Palace FC,Leicester City FC,1,0,H,1,0,H,8,12,1,2,4,4,10,8,2,1,0,0
2018/19,2018-12-15,Fulham FC,West Ham United FC,0,2,A,0,2,A,16,6,4,3,6,4,14,10,2,1,0,0
2018/19,2018-12-15,Huddersfield Town FC,Newcastle United FC,0,1,A,0,0,D,15,8,5,5,10,1,5,13,1,1,0,0
2018/19,2018-12-15,Manchester City FC,Everton FC,3,1,H,1,0,H,13,9,5,2,6,2,7,9,1,2,0,0
2018/19,2018-12-15,Tottenham Hotspur FC,Burnley FC,1,0,H,0,0,D,15,4,3,0,8,3,7,8,0,2,0,0
2018/19,2018-12-15,Watford FC,Cardiff City FC,3,2,H,1,0,H,17,10,8,3,5,0,7,5,0,0,0,0
2018/19,2018-12-15,Wolverhampton Wanderers FC,AFC Bournemouth,2,0,H,1,0,H,9,13,3,3,5,3,15,7,1,2,0,0
2018/19,2018-12-16,Brighton & Hove Albion FC,Chelsea FC,1,2,A,0,2,A,6,10,2,3,4,1,14,6,2,2,0,0
2018/19,2018-12-16,Liverpool FC,Manchester United FC,3,1,H,1,1,D,36,6,11,2,13,2,6,14,0,2,0,0
2018/19,2018-12-16,Southampton FC,Arsenal FC,3,2,H,2,1,H,12,13,7,4,4,5,12,10,3,1,0,0
2018/19,2018-12-21,Wolverhampton Wanderers FC,Liverpool FC,0,2,A,0,1,A,11,15,5,6,1,10,7,3,0,0,0,0
2018/19,2018-12-22,Arsenal FC,Burnley FC,3,1,H,1,0,H,10,7,6,2,1,3,10,14,2,5,0,0
2018/19,2018-12-22,AFC Bournemouth,Brighton & Hove Albion FC,2,0,H,1,0,H,14,10,3,5,6,5,8,18,2,0,0,1
2018/19,2018-12-22,Cardiff City FC,Manchester United FC,1,5,A,1,3,A,9,17,3,9,4,7,13,13,2,1,0,0
2018/19,2018-12-22,Chelsea FC,Leicester City FC,0,1,A,0,0,D,17,8,5,3,9,5,10,9,0,2,0,0
2018/19,2018-12-22,Huddersfield Town FC,Southampton FC,1,3,A,0,2,A,16,13,5,6,8,2,12,9,2,3,0,0
2018/19,2018-12-22,Manchester City FC,Crystal Palace FC,2,3,A,1,2,A,19,5,5,3,13,0,7,6,0,4,0,0
2018/19,2018-12-22,Newcastle United FC,Fulham FC,0,0,D,0,0,D,9,4,0,2,6,0,9,12,1,2,0,0
2018/19,2018-12-22,West Ham United FC,Watford FC,0,2,A,0,1,A,18,11,7,5,10,4,9,11,3,2,0,0
2018/19,2018-12-23,Everton FC,Tottenham Hotspur FC,2,6,A,1,3,A,10,17,3,8,2,1,13,9,0,2,0,0
2018/19,2018-12-26,Brighton & Hove Albion FC,Arsenal FC,1,1,D,1,1,D,12,7,3,4,4,9,10,4,2,1,0,0
2018/19,2018-12-26,Burnley FC,Everton FC,1,5,A,1,3,A,11,13,4,6,5,7,11,19,2,4,0,0
2018/19,2018-12-26,Crystal Palace FC,Cardiff City FC,0,0,D,0,0,D,31,9,5,4,12,1,9,11,0,3,0,0
2018/19,2018-12-26,Fulham FC,Wolverhampton Wanderers FC,1,1,D,0,0,D,11,14,9,5,2,0,9,6,2,1,0,0
2018/19,2018-12-26,Leicester City FC,Manchester City FC,2,1,H,1,1,D,10,11,5,4,3,7,5,8,2,2,0,1
2018/19,2018-12-26,Liverpool FC,Newcastle United FC,4,0,H,1,0,H,16,6,8,2,10,2,7,9,0,0,0,0
2018/19,2018-12-26,Manchester United FC,Huddersfield Town FC,3,1,H,1,0,H,16,10,10,2,5,3,9,13,1,1,0,0
2018/19,2018-12-26,Tottenham Hotspur FC,AFC Bournemouth,5,0,H,3,0,H,10,14,7,4,3,4,4,8,2,1,0,0
2018/19,2018-12-26,Watford FC,Chelsea FC,1,2,A,1,1,D,10,10,2,4,3,4,15,5,1,0,0,0
2018/19,2018-12-27,Southampton FC,West Ham United FC,1,2,A,0,0,D,11,16,5,5,4,5,10,3,2,0,0,0
2018/19,2018-12-29,Brighton & Hove Albion FC,Everton FC,1,0,H,0,0,D,11,13,3,4,6,6,10,11,0,2,0,0
2018/19,2018-12-29,Fulham FC,Huddersfield Town FC,1,0,H,0,0,D,14,9,5,5,4,3,12,10,3,1,0,0
2018/19,2018-12-29,Leicester City FC,Cardiff City FC,0,1,A,0,0,D,16,12,7,3,10,4,14,16,0,2,0,0
2018/19,2018-12-29,Liverpool FC,Arsenal FC,5,1,H,4,1,H,15,8,10,2,5,3,8,13,1,2,0,0
2018/19,2018-12-29,Tottenham Hotspur FC,Wolverhampton Wanderers FC,1,3,A,1,0,H,10,11,3,4,6,7,7,7,3,2,0,0
2018/19,2018-12-29,Watford FC,Newcastle United FC,1,1,D,0,1,A,12,8,5,2,3,6,17,16,1,2,0,0
2018/19,2018-12-30,Burnley FC,West Ham United FC,2,0,H,2,0,H,17,11,5,4,5,5,15,11,1,4,0,0
2018/19,2018-12-30,Crystal Palace FC,Chelsea FC,0,1,A,0,0,D,4,12,0,4,3,4,11,8,0,1,0,0
2018/19,2018-12-30,Manchester United FC,AFC Bournemouth,4,1,H,3,1,H,11,7,8,3,4,5,10,7,2,0,1,0
2018/19,2018-12-30,Southampton FC,Manchester City FC,1,3,A,1,3,A,5,14,4,6,3,8,11,10,2,3,1,0
2018/19,2019-01-01,Arsenal FC,Fulham FC,4,1,H,1,0,H,16,9,9,4,8,3,7,12,0,1,0,0
2018/19,2019-01-01,Cardiff City FC,Tottenham Hotspur FC,0,3,A,0,3,A,6,13,3,4,5,3,6,6,1,0,0,0
2018/19,2019-01-01,Everton FC,Leicester City FC,0,1,A,0,0,D,17,8,2,4,6,5,5,8,3,1,0,0
2018/19,2019-01-02,AFC Bournemouth,Watford FC,3,3,D,3,3,D,25,11,12,3,4,2,9,15,1,4,0,0
2018/19,2019-01-02,Chelsea FC,Southampton FC,0,0,D,0,0,D,17,6,6,2,7,2,8,11,1,2,0,0
2018/19,2019-01-02,Huddersfield Town FC,Burnley FC,1,2,A,1,1,D,9,16,2,8,5,2,11,9,0,4,1,1
2018/19,2019-01-02,Newcastle United FC,Manchester United FC,0,2,A,0,0,D,14,16,3,7,1,2,10,9,1,2,0,0
2018/19,2019-01-02,West Ham United FC,Brighton & Hove Albion FC,2,2,D,0,0,D,13,13,6,6,1,5,9,11,0,1,0,0
2018/19,2019-01-02,Wolverhampton Wanderers FC,Crystal Palace FC,0,2,A,0,0,D,9,17,1,4,3,10,9,7,4,1,0,0
2018/19,2019-01-03,Manchester City FC,Liverpool FC,2,1,H,1,0,H,9,7,4,5,2,1,12,7,4,2,0,0
2018/19,2019-01-12,Brighton & Hove Albion FC,Liverpool FC,0,1,A,0,0,D,7,10,0,3,2,7,15,5,0,0,0,0
2018/19,2019-01-12,Burnley FC,Fulham FC,2,1,H,2,1,H,11,12,0,4,2,6,5,9,1,2,0,0
2018/19,2019-01-12,Cardiff City FC,Huddersfield Town FC,0,0,D,0,0,D,3,14,0,2,3,10,12,14,3,1,0,0
2018/19,2019-01-12,Chelsea FC,Newcastle United FC,2,1,H,1,1,D,10,9,6,2,8,5,6,13,1,1,0,0
2018/19,2019-01-12,Crystal Palace FC,Watford FC,1,2,A,1,0,H,15,16,6,2,7,7,11,11,1,4,0,0
2018/19,2019-01-12,Leicester City FC,Southampton FC,1,2,A,0,2,A,23,8,6,3,10,3,7,9,2,1,0,1
2018/19,2019-01-12,West Ham United FC,Arsenal FC,1,0,H,0,0,D,11,11,3,2,7,3,7,10,0,2,0,0
2018/19,2019-01-13,Everton FC,AFC Bournemouth,2,0,H,0,0,D,15,16,3,7,5,9,17,8,5,0,0,0
2018/19,2019-01-13,Tottenham Hotspur FC,Manchester United FC,0,1,A,0,1,A,21,13,11,8,7,4,8,8,1,2,0,0
2018/19,2019-01-14,Manchester City FC,Wolverhampton Wanderers FC,3,0,H,2,0,H,24,3,9,0,12,1,6,3,1,0,0,1
2018/19,2019-01-19,Arsenal FC,Chelsea FC,2,0,H,2,0,H,13,13,5,1,5,6,13,15,0,2,0,0
2018/19,2019-01-19,AFC Bournemouth,West Ham United FC,2,0,H,0,0,D,10,9,4,1,2,3,6,10,0,1,0,0
2018/19,2019-01-19,Liverpool FC,Crystal Palace FC,4,3,H,0,1,A,19,9,9,3,8,3,6,8,0,1,1,0
2018/19,2019-01-19,Manchester United FC,Brighton & Hove Albion FC,2,1,H,2,0,H,20,7,5,3,6,5,11,11,1,0,0,0
2018/19,2019-01-19,Newcastle United FC,Cardiff City FC,3,0,H,1,0,H,16,9,6,1,7,10,11,6,0,1,0,0
2018/19,2019-01-19,Southampton FC,Everton FC,2,1,H,0,0,D,11,7,4,2,7,6,12,11,2,1,0,0
2018/19,2019-01-19,Watford FC,Burnley FC,0,0,D,0,0,D,9,11,4,3,1,7,14,9,1,2,0,0
2018/19,2019-01-19,Wolverhampton Wanderers FC,Leicester City FC,4,3,H,2,0,H,12,16,7,6,5,9,11,10,3,3,0,0
2018/19,2019-01-20,Fulham FC,Tottenham Hotspur FC,1,2,A,1,0,H,12,14,4,5,7,10,10,8,2,3,0,0
2018/19,2019-01-20,Huddersfield Town FC,Manchester City FC,0,3,A,0,1,A,5,12,2,4,1,4,10,9,2,2,0,0
2018/19,2019-01-29,Arsenal FC,Cardiff City FC,2,1,H,0,0,D,15,19,4,2,4,7,14,12,3,3,0,0
2018/19,2019-01-29,Fulham FC,Brighton & Hove Albion FC,4,2,H,0,2,A,24,15,7,6,10,1,10,5,2,3,0,0
2018/19,2019-01-29,Huddersfield Town FC,Everton FC,0,1,A,0,1,A,10,10,2,5,3,4,13,10,1,4,0,1
2018/19,2019-01-29,Manchester United FC,Burnley FC,2,2,D,0,0,D,28,6,9,4,11,3,10,9,1,3,0,0
2018/19,2019-01-29,Newcastle United FC,Manchester City FC,2,1,H,0,1,A,6,12,2,4,1,8,9,7,2,3,0,0
2018/19,2019-01-29,Wolverhampton Wanderers FC,West Ham United FC,3,0,H,0,0,D,20,4,9,0,5,1,8,10,4,1,0,0
2018/19,2019-01-30,AFC Bournemouth,Chelsea FC,4,0,H,0,0,D,12,11,7,7,3,7,8,6,1,0,0,0
2018/19,2019-01-30,Liverpool FC,Leicester City FC,1,1,D,1,1,D,10,5,3,2,7,1,13,6,1,3,0,0
2018/19,2019-01-30,Southampton FC,Crystal Palace FC,1,1,D,0,1,A,13,15,4,3,3,8,11,8,2,2,0,1
2018/19,2019-01-30,Tottenham Hotspur FC,Watford FC,2,1,H,0,1,A,17,9,3,1,9,5,6,9,0,4,0,0
2018/19,2019-02-02,Brighton & Hove Albion FC,Watford FC,0,0,D,0,0,D,21,5,4,0,7,0,15,10,1,0,0,0
2018/19,2019-02-02,Burnley FC,Southampton FC,1,1,D,0,0,D,15,10,6,4,4,2,10,9,3,1,0,0
2018/19,2019-02-02,Cardiff City FC,AFC Bournemouth,2,0,H,1,0,H,12,9,5,2,6,7,17,14,1,2,0,0
2018/19,2019-02-02,Chelsea FC,Huddersfield Town FC,5,0,H,2,0,H,23,5,7,2,11,2,8,5,0,0,0,0
2018/19,2019-02-02,Crystal Palace FC,Fulham FC,2,0,H,1,0,H,17,8,6,0,11,1,9,12,2,3,0,0
2018/19,2019-02-02,Everton FC,Wolverhampton Wanderers FC,1,3,A,1,2,A,13,8,4,4,3,1,12,14,3,1,0,0
2018/19,2019-02-02,Tottenham Hotspur FC,Newcastle United FC,1,0,H,0,0,D,21,8,4,2,6,3,6,6,0,1,0,0
2018/19,2019-02-03,Leicester City FC,Manchester United FC,0,1,A,0,1,A,17,10,6,6,7,2,14,9,4,4,0,0
2018/19,2019-02-03,Manchester City FC,Arsenal FC,3,1,H,2,1,H,19,4,12,2,4,2,11,8,1,1,0,0
2018/19,2019-02-04,West Ham United FC,Liverpool FC,1,1,D,1,1,D,13,11,2,6,2,5,9,11,1,1,0,0
2018/19,2019-02-06,Everton FC,Manchester City FC,0,2,A,0,1,A,4,15,1,4,5,6,12,6,1,1,0,0
2018/19,2019-02-09,Brighton & Hove Albion FC,Burnley FC,1,3,A,0,1,A,16,9,6,5,9,3,8,7,1,1,0,0
2018/19,2019-02-09,Crystal Palace FC,West Ham United FC,1,1,D,0,1,A,25,6,5,4,10,4,12,9,3,0,0,0
2018/19,2019-02-09,Fulham FC,Manchester United FC,0,3,A,0,2,A,15,15,3,7,5,4,14,9,3,2,0,0
2018/19,2019-02-09,Huddersfield Town FC,Arsenal FC,1,2,A,0,2,A,15,9,6,4,5,0,17,12,3,2,0,0
2018/19,2019-02-09,Liverpool FC,AFC Bournemouth,3,0,H,2,0,H,20,12,9,2,8,5,14,6,2,2,0,0
2018/19,2019-02-09,Southampton FC,Cardiff City FC,1,2,A,0,0,D,14,6,7,3,8,2,15,12,3,3,0,0
2018/19,2019-02-09,Watford FC,Everton FC,1,0,H,0,0,D,7,9,2,4,8,2,21,10,2,0,0,1
2018/19,2019-02-10,Manchester City FC,Chelsea FC,6,0,H,4,0,H,15,12,9,4,2,2,9,13,1,2,0,0
2018/19,2019-02-10,Tottenham Hotspur FC,Leicester City FC,3,1,H,1,0,H,12,20,5,9,2,9,11,4,3,1,0,0
2018/19,2019-02-11,Wolverhampton Wanderers FC,Newcastle United FC,1,1,D,0,0,D,22,9,6,3,13,1,7,9,1,3,0,0
2018/19,2019-02-22,Cardiff City FC,Watford FC,1,5,A,0,1,A,15,12,6,7,3,3,10,11,1,2,0,0
2018/19,2019-02-22,West Ham United FC,Fulham FC,3,1,H,2,1,H,21,8,7,5,12,0,11,11,1,1,0,0
2018/19,2019-02-23,AFC Bournemouth,Wolverhampton Wanderers FC,1,1,D,1,0,H,10,10,3,2,9,8,10,15,4,5,0,0
2018/19,2019-02-23,Burnley FC,Tottenham Hotspur FC,2,1,H,0,0,D,10,17,4,6,7,6,9,12,1,3,0,0
2018/19,2019-02-23,Leicester City FC,Crystal Palace FC,1,4,A,0,1,A,27,7,5,5,8,3,7,14,2,1,0,0
2018/19,2019-02-23,Newcastle United FC,Huddersfield Town FC,2,0,H,0,0,D,29,3,12,1,12,0,11,7,2,0,0,1
2018/19,2019-02-24,Arsenal FC,Southampton FC,2,0,H,2,0,H,12,10,4,4,6,4,7,14,0,0,0,0
2018/19,2019-02-24,Manchester United FC,Liverpool FC,0,0,D,0,0,D,6,7,3,1,3,7,15,17,1,3,0,0
2018/19,2019-02-26,Cardiff City FC,Everton FC,0,3,A,0,1,A,6,12,0,4,3,4,12,12,3,1,0,0
2018/19,2019-02-26,Huddersfield Town FC,Wolverhampton Wanderers FC,1,0,H,0,0,D,15,7,3,0,3,5,10,10,2,2,0,0
2018/19,2019-02-26,Leicester City FC,Brighton & Hove Albion FC,2,1,H,1,0,H,19,15,3,3,4,8,6,4,1,1,0,0
2018/19,2019-02-26,Newcastle United FC,Burnley FC,2,0,H,2,0,H,12,12,3,2,4,7,8,8,1,3,0,0
2018/19,2019-02-27,Arsenal FC,AFC Bournemouth,5,1,H,2,1,H,16,13,6,5,9,4,11,9,2,2,0,0
2018/19,2019-02-27,Chelsea FC,Tottenham Hotspur FC,2,0,H,0,0,D,11,9,1,0,2,2,7,14,1,1,0,0
2018/19,2019-02-27,Crystal Palace FC,Manchester United FC,1,3,A,0,1,A,17,13,2,4,5,6,8,9,2,3,0,0
2018/19,2019-02-27,Liverpool FC,Watford FC,5,0,H,2,0,H,19,5,10,3,6,4,5,7,0,2,0,0
2018/19,2019-02-27,Manchester City FC,West Ham United FC,1,0,H,0,0,D,20,2,7,1,12,2,2,6,0,2,0,0
2018/19,2019-02-27,Southampton FC,Fulham FC,2,0,H,2,0,H,14,14,4,4,7,4,15,13,0,1,0,0
2018/19,2019-03-02,AFC Bournemouth,Manchester City FC,0,1,A,0,0,D,0,23,0,7,0,14,7,7,1,2,0,0
2018/19,2019-03-02,Brighton & Hove Albion FC,Huddersfield Town FC,1,0,H,0,0,D,13,6,4,4,6,3,11,6,2,2,0,0
2018/19,2019-03-02,Burnley FC,Crystal Palace FC,1,3,A,0,1,A,18,10,4,4,8,5,9,9,1,2,0,0
2018/19,2019-03-02,Manchester United FC,Southampton FC,3,2,H,0,1,A,16,6,6,3,9,7,7,10,2,1,0,0
2018/19,2019-03-02,Tottenham Hotspur FC,Arsenal FC,1,1,D,0,1,A,10,9,3,4,3,4,15,14,3,2,0,1
2018/19,2019-03-02,West Ham United FC,Newcastle United FC,2,0,H,2,0,H,10,17,4,2,1,6,8,14,3,4,0,0
2018/19,2019-03-02,Wolverhampton Wanderers FC,Cardiff City FC,2,0,H,2,0,H,13,12,6,4,7,8,11,6,1,2,0,0
2018/19,2019-03-03,Everton FC,Liverpool FC,0,0,D,0,0,D,7,10,3,3,3,7,12,10,1,2,0,0
2018/19,2019-03-03,Fulham FC,Chelsea FC,1,2,A,1,2,A,12,20,5,7,5,4,11,10,2,1,0,0
2018/19,2019-03-03,Watford FC,Leicester City FC,2,1,H,1,0,H,6,14,5,2,1,5,15,12,5,1,0,0
2018/19,2019-03-09,Cardiff City FC,West Ham United FC,2,0,H,1,0,H,16,9,7,2,7,5,7,12,2,1,0,0
2018/19,2019-03-09,Crystal Palace FC,Brighton & Hove Albion FC,1,2,A,0,1,A,15,4,3,3,8,0,8,18,1,5,0,0
2018/19,2019-03-09,Huddersfield Town FC,AFC Bournemouth,0,2,A,0,1,A,8,8,1,5,6,5,14,9,3,1,0,0
2018/19,2019-03-09,Leicester City FC,Fulham FC,3,1,H,1,0,H,18,6,8,3,6,5,9,13,0,2,0,0
2018/19,2019-03-09,Manchester City FC,Watford FC,3,1,H,0,0,D,19,2,9,1,9,1,11,7,1,1,0,0
2018/19,2019-03-09,Newcastle United FC,Everton FC,3,2,H,0,2,A,19,7,7,3,8,2,13,10,3,1,0,0
2018/19,2019-03-09,Southampton FC,Tottenham Hotspur FC,2,1,H,0,1,A,12,16,4,5,1,10,16,9,4,2,0,0
2018/19,2019-03-10,Arsenal FC,Manchester United FC,2,0,H,1,0,H,14,14,3,4,5,2,12,18,2,2,0,0
2018/19,2019-03-10,Chelsea FC,Wolverhampton Wanderers FC,1,1,D,0,0,D,22,2,6,1,13,0,8,14,1,4,0,0
2018/19,2019-03-10,Liverpool FC,Burnley FC,4,2,H,2,1,H,23,3,5,2,7,3,4,7,2,0,0,0
2018/19,2019-03-16,AFC Bournemouth,Newcastle United FC,2,2,D,0,1,A,10,12,3,4,6,6,9,12,3,2,0,0
2018/19,2019-03-16,Burnley FC,Leicester City FC,1,2,A,1,1,D,13,9,2,4,9,3,9,10,1,1,0,1
2018/19,2019-03-16,West Ham United FC,Huddersfield Town FC,4,3,H,1,2,A,16,15,5,5,5,8,7,15,0,2,0,0
2018/19,2019-03-17,Everton FC,Chelsea FC,2,0,H,0,0,D,15,16,8,5,3,4,17,9,1,2,0,0
2018/19,2019-03-17,Fulham FC,Liverpool FC,1,2,A,0,1,A,7,16,2,6,1,10,11,7,2,1,0,0
2018/19,2019-03-30,Brighton & Hove Albion FC,Southampton FC,0,1,A,0,0,D,14,8,1,2,6,5,8,10,1,2,0,0
2018/19,2019-03-30,Burnley FC,Wolverhampton Wanderers FC,2,0,H,1,0,H,5,8,1,1,1,5,12,10,1,1,0,0
2018/19,2019-03-30,Crystal Palace FC,Huddersfield Town FC,2,0,H,0,0,D,19,15,5,5,5,5,10,7,0,0,0,0
2018/19,2019-03-30,Fulham FC,Manchester City FC,0,2,A,0,2,A,5,24,0,7,0,11,4,12,2,0,0,0
2018/19,2019-03-30,Leicester City FC,AFC Bournemouth,2,0,H,1,0,H,18,8,4,2,6,1,6,12,0,2,0,0
2018/19,2019-03-30,Manchester United FC,Watford FC,2,1,H,1,0,H,8,20,5,8,3,5,14,9,1,2,0,0
2018/19,2019-03-30,West Ham United FC,Everton FC,0,2,A,0,2,A,3,17,1,9,4,9,7,14,1,1,0,0
2018/19,2019-03-31,Cardiff City FC,Chelsea FC,1,2,A,0,0,D,8,21,3,3,2,7,8,14,2,3,0,0
2018/19,2019-03-31,Liverpool FC,Tottenham Hotspur FC,2,1,H,1,0,H,14,11,3,2,10,3,5,8,0,1,0,0
2018/19,2019-04-01,Arsenal FC,Newcastle United FC,2,0,H,1,0,H,7,3,4,1,6,2,11,10,2,0,0,0
2018/19,2019-04-02,Watford FC,Fulham FC,4,1,H,1,1,D,15,17,7,7,6,4,12,5,3,2,0,0
2018/19,2019-04-02,Wolverhampton Wanderers FC,Manchester United FC,2,1,H,1,1,D,9,18,2,4,3,5,5,11,1,2,0,1
2018/19,2019-04-03,Chelsea FC,Brighton & Hove Albion FC,3,0,H,1,0,H,17,3,4,1,7,1,5,9,0,0,0,0
2018/19,2019-04-03,Manchester City FC,Cardiff City FC,2,0,H,2,0,H,27,4,11,1,7,4,3,17,0,3,0,0
2018/19,2019-04-03,Tottenham Hotspur FC,Crystal Palace FC,2,0,H,0,0,D,26,5,10,1,8,2,8,5,1,0,0,0
2018/19,2019-04-05,Southampton FC,Liverpool FC,1,3,A,1,1,D,11,17,1,5,7,5,8,7,2,4,0,0
2018/19,2019-04-06,AFC Bournemouth,Burnley FC,1,3,A,1,2,A,10,11,2,3,3,6,12,16,2,3,0,0
2018/19,2019-04-06,Huddersfield Town FC,Leicester City FC,1,4,A,0,1,A,10,18,4,9,8,5,13,11,3,0,0,0
2018/19,2019-04-06,Newcastle United FC,Crystal Palace FC,0,1,A,0,0,D,18,3,5,1,9,4,12,13,1,2,0,0
2018/19,2019-04-07,Everton FC,Arsenal FC,1,0,H,1,0,H,23,7,6,2,9,6,8,9,1,4,0,0
2018/19,2019-04-08,Chelsea FC,West Ham United FC,2,0,H,1,0,H,16,9,7,2,7,4,8,7,2,1,0,0
2018/19,2019-04-12,Leicester City FC,Newcastle United FC,0,1,A,0,1,A,12,11,5,5,2,3,6,10,2,3,0,0
2018/19,2019-04-13,Brighton & Hove Albion FC,AFC Bournemouth,0,5,A,0,1,A,8,14,1,7,4,1,10,6,2,4,1,0
2018/19,2019-04-13,Burnley FC,Cardiff City FC,2,0,H,1,0,H,14,14,7,2,8,4,7,10,2,3,0,0
2018/19,2019-04-13,Fulham FC,Everton FC,2,0,H,0,0,D,12,8,5,1,7,3,8,10,2,1,0,0
2018/19,2019-04-13,Manchester United FC,West Ham United FC,2,1,H,1,0,H,14,18,4,4,3,11,14,5,1,1,0,0
2018/19,2019-04-13,Southampton FC,Wolverhampton Wanderers FC,3,1,H,2,1,H,13,17,6,2,4,9,13,8,1,3,0,0
2018/19,2019-04-13,Tottenham Hotspur FC,Huddersfield Town FC,4,0,H,2,0,H,22,7,5,1,4,2,10,12,2,2,0,0
2018/19,2019-04-14,Crystal Palace FC,Manchester City FC,1,3,A,0,1,A,7,20,3,6,2,9,5,11,0,0,0,0
2018/19,2019-04-14,Liverpool FC,Chelsea FC,2,0,H,0,0,D,15,6,7,3,9,2,5,9,0,1,0,0
2018/19,2019-04-15,Watford FC,Arsenal FC,0,1,A,0,1,A,11,19,3,6,6,4,12,8,2,0,1,0
2018/19,2019-04-16,Brighton & Hove Albion FC,Cardiff City FC,0,2,A,0,1,A,14,10,2,3,5,4,11,13,0,1,0,0
2018/19,2019-04-20,AFC Bournemouth,Fulham FC,0,1,A,0,0,D,15,17,5,5,3,7,11,18,1,3,0,0
2018/19,2019-04-20,Huddersfield Town FC,Watford FC,1,2,A,0,1,A,13,11,3,6,2,2,15,9,2,2,0,0
2018/19,2019-04-20,Manchester City FC,Tottenham Hotspur FC,1,0,H,1,0,H,15,10,4,4,4,4,11,11,1,2,0,0
2018/19,2019-04-20,Newcastle United FC,Southampton FC,3,1,H,2,0,H,15,15,6,3,4,11,5,11,0,2,0,0
2018/19,2019-04-20,West Ham United FC,Leicester City FC,2,2,D,1,0,H,11,11,3,5,6,8,8,9,2,0,0,0
2018/19,2019-04-20,Wolverhampton Wanderers FC,Brighton & Hove Albion FC,0,0,D,0,0,D,22,5,5,0,14,1,0,8,0,1,0,0
2018/19,2019-04-21,Arsenal FC,Crystal Palace FC,2,3,A,0,1,A,12,16,5,7,8,3,15,12,4,1,0,0
2018/19,2019-04-21,Cardiff City FC,Liverpool FC,0,2,A,0,0,D,7,17,2,6,5,10,6,5,1,1,0,0
2018/19,2019-04-21,Everton FC,Manchester United FC,4,0,H,2,0,H,15,7,8,1,10,2,11,7,1,1,0,0
2018/19,2019-04-22,Chelsea FC,Burnley FC,2,2,D,2,2,D,22,6,9,3,10,1,9,4,2,1,0,0
2018/19,2019-04-23,Tottenham Hotspur FC,Brighton & Hove Albion FC,1,0,H,0,0,D,29,6,5,1,6,3,7,13,1,2,0,0
2018/19,2019-04-23,Watford FC,Southampton FC,1,1,D,0,1,A,15,8,4,4,3,4,10,14,5,2,0,0
2018/19,2019-04-24,Manchester United FC,Manchester City FC,0,2,A,0,0,D,12,8,1,5,1,1,10,10,2,2,0,0
2018/19,2019-04-24,Wolverhampton Wanderers FC,Arsenal FC,3,1,H,3,0,H,11,11,3,1,5,5,12,9,2,3,0,0
2018/19,2019-04-26,Liverpool FC,Huddersfield Town FC,5,0,H,3,0,H,21,5,7,1,4,4,5,14,0,0,0,0
2018/19,2019-04-27,Brighton & Hove Albion FC,Newcastle United FC,1,1,D,0,1,A,9,9,2,1,7,4,7,10,2,3,0,0
2018/19,2019-04-27,Crystal Palace FC,Everton FC,0,0,D,0,0,D,8,22,0,3,5,10,9,15,2,0,0,0
2018/19,2019-04-27,Fulham FC,Cardiff City FC,1,0,H,0,0,D,8,13,2,8,10,3,10,8,0,0,0,0
2018/19,2019-04-27,Southampton FC,AFC Bournemouth,3,3,D,1,2,A,22,9,7,5,9,3,8,9,2,1,0,0
2018/19,2019-04-27,Tottenham Hotspur FC,West Ham United FC,0,1,A,0,0,D,14,16,4,7,2,7,3,8,0,2,0,0
2018/19,2019-04-27,Watford FC,Wolverhampton Wanderers FC,1,2,A,0,1,A,10,11,1,4,4,5,10,11,3,2,0,0
2018/19,2019-04-28,Burnley FC,Manchester City FC,0,1,A,0,0,D,2,25,0,7,0,6,5,7,1,1,0,0
2018/19,2019-04-28,Leicester City FC,Arsenal FC,3,0,H,0,0,D,24,6,12,1,8,6,13,13,3,1,0,1
2018/19,2019-04-28,Manchester United FC,Chelsea FC,1,1,D,1,1,D,7,16,5,3,6,6,9,14,3,2,0,0
2018/19,2019-05-03,Everton FC,Burnley FC,2,0,H,2,0,H,20,5,6,1,8,1,8,9,0,2,0,0
2018/19,2019-05-04,AFC Bournemouth,Tottenham Hotspur FC,1,0,H,0,0,D,20,11,6,5,10,6,11,12,1,5,0,2
2018/19,2019-05-04,Cardiff City FC,Crystal Palace FC,2,3,A,1,2,A,18,21,8,7,10,5,14,11,0,0,0,0
2018/19,2019-05-04,Newcastle United FC,Liverpool FC,2,3,A,1,2,A,14,11,7,4,2,3,10,4,1,1,0,0
2018/19,2019-05-04,West Ham United FC,Southampton FC,3,0,H,1,0,H,17,11,6,1,2,7,2,11,1,1,0,0
2018/19,2019-05-04,Wolverhampton Wanderers FC,Fulham FC,1,0,H,0,0,D,19,6,6,2,7,1,10,15,1,3,0,0
2018/19,2019-05-05,Arsenal FC,Brighton & Hove Albion FC,1,1,D,1,0,H,20,11,8,5,16,3,9,14,5,2,0,0
2018/19,2019-05-05,Chelsea FC,Watford FC,3,0,H,0,0,D,19,15,9,3,6,6,6,12,0,1,0,0
2018/19,2019-05-05,Huddersfield Town FC,Manchester United FC,1,1,D,0,1,A,7,23,3,7,3,7,10,10,1,1,0,0
2018/19,2019-05-06,Manchester City FC,Leicester City FC,1,0,H,0,0,D,19,7,5,2,11,0,12,5,3,2,0,0
2018/19,2019-05-12,Brighton & Hove Albion FC,Manchester City FC,1,4,A,1,2,A,6,20,2,9,2,6,12,8,0,0,0,0
2018/19,2019-05-12,Burnley FC,Arsenal FC,1,3,A,0,0,D,14,17,5,6,4,5,11,3,5,1,0,0
2018/19,2019-05-12,Crystal Palace FC,AFC Bournemouth,5,3,H,3,1,H,17,16,8,8,4,4,11,8,3,0,0,0
2018/19,2019-05-12,Fulham FC,Newcastle United FC,0,4,A,0,2,A,16,13,2,6,5,5,6,8,1,0,0,0
2018/19,2019-05-12,Leicester City FC,Chelsea FC,0,0,D,0,0,D,9,14,3,4,4,5,9,8,0,1,0,0
2018/19,2019-05-12,Liverpool FC,Wolverhampton Wanderers FC,2,0,H,1,0,H,13,7,5,2,4,1,3,11,0,2,0,0
2018/19,2019-05-12,Manchester United FC,Cardiff City FC,0,2,A,0,1,A,26,13,10,4,11,2,9,6,3,3,0,0
2018/19,2019-05-12,Southampton FC,Huddersfield Town FC,1,1,D,1,0,H,10,10,3,3,4,3,8,6,0,1,0,0
2018/19,2019-05-12,Tottenham Hotspur FC,Everton FC,2,2,D,1,0,H,11,17,3,9,7,4,10,13,0,2,0,0
2018/19,2019-05-12,Watford FC,West Ham United FC,1,4,A,0,2,A,17,16,8,9,7,2,10,10,1,0,1,0
2019/20,2019-08-09,Liverpool FC,Norwich City FC,4,1,H,4,0,H,15,12,7,5,11,2,9,9,0,2,0,0
2019/20,2019-08-10,West Ham United FC,Manchester City FC,0,5,A,0,1,A,5,14,3,9,1,1,6,13,2,2,0,0
2019/20,2019-08-10,AFC Bournemouth,Sheffield United FC,1,1,D,0,0,D,13,8,3,3,3,4,10,19,2,1,0,0
2019/20,2019-08-10,Burnley FC,Southampton FC,3,0,H,0,0,D,10,11,4,3,2,7,6,12,0,0,0,0
2019/20,2019-08-10,Crystal Palace FC,Everton FC,0,0,D,0,0,D,6,10,2,3,6,2,16,14,2,1,0,1
2019/20,2019-08-10,Watford FC,Brighton & Hove Albion FC,0,3,A,0,1,A,11,5,3,3,5,2,15,11,0,1,0,0
2019/20,2019-08-10,Tottenham Hotspur FC,Aston Villa FC,3,1,H,0,1,A,31,7,7,4,14,0,13,9,1,0,0,0
2019/20,2019-08-11,Leicester City FC,Wolverhampton Wanderers FC,0,0,D,0,0,D,15,8,1,2,12,3,3,13,0,2,0,0
2019/20,2019-08-11,Newcastle United FC,Arsenal FC,0,1,A,0,0,D,9,8,2,2,5,3,12,7,1,3,0,0
2019/20,2019-08-11,Manchester United FC,Chelsea FC,4,0,H,1,0,H,11,18,5,7,3,5,15,13,3,4,0,0
2019/20,2019-08-17,Arsenal FC,Burnley FC,2,1,H,1,1,D,16,18,9,5,10,7,13,11,2,1,0,0
2019/20,2019-08-17,Aston Villa FC,AFC Bournemouth,1,2,A,0,2,A,22,12,7,4,10,5,10,13,0,2,0,0
2019/20,2019-08-17,Brighton & Hove Albion FC,West Ham United FC,1,1,D,0,0,D,16,8,4,3,8,6,11,10,0,2,0,0
2019/20,2019-08-17,Everton FC,Watford FC,1,0,H,1,0,H,12,8,2,2,4,7,11,11,2,3,0,0
2019/20,2019-08-17,Norwich City FC,Newcastle United FC,3,1,H,1,0,H,15,10,8,3,7,5,9,11,1,3,0,0
2019/20,2019-08-17,Southampton FC,Liverpool FC,1,2,A,0,1,A,14,15,3,6,5,9,10,6,2,1,0,0
2019/20,2019-08-17,Manchester City FC,Tottenham Hotspur FC,2,2,D,2,1,H,30,3,10,2,13,2,14,4,1,0,0,0
2019/20,2019-08-18,Sheffield United FC,Crystal Palace FC,1,0,H,0,0,D,15,6,3,4,8,4,16,11,3,1,0,0
2019/20,2019-08-18,Chelsea FC,Leicester City FC,1,1,D,1,0,H,14,12,5,3,4,5,9,14,1,0,0,0
2019/20,2019-08-19,Wolverhampton Wanderers FC,Manchester United FC,1,1,D,0,1,A,6,9,2,2,4,6,17,8,2,2,0,0
2019/20,2019-08-23,Aston Villa FC,Everton FC,2,0,H,1,0,H,7,12,3,1,0,6,10,18,2,3,0,0
2019/20,2019-08-24,Norwich City FC,Chelsea FC,2,3,A,2,2,D,6,23,5,8,1,8,9,9,1,1,0,0
2019/20,2019-08-24,Brighton & Hove Albion FC,Southampton FC,0,2,A,0,0,D,12,12,3,4,8,5,9,10,1,3,1,0
2019/20,2019-08-24,Manchester United FC,Crystal Palace FC,1,2,A,0,1,A,22,5,3,3,8,1,8,18,2,4,0,0
2019/20,2019-08-24,Sheffield United FC,Leicester City FC,1,2,A,0,1,A,8,10,3,2,7,4,11,6,1,0,0,0
2019/20,2019-08-24,Watford FC,West Ham United FC,1,3,A,1,1,D,23,16,3,10,8,7,12,11,1,1,0,0
2019/20,2019-08-24,Liverpool FC,Arsenal FC,3,1,H,1,0,H,25,9,5,3,6,4,8,5,1,1,0,0
2019/20,2019-08-25,AFC Bournemouth,Manchester City FC,1,3,A,1,2,A,10,19,7,5,4,5,7,13,1,3,0,0
2019/20,2019-08-25,Tottenham Hotspur FC,Newcastle United FC,0,1,A,0,1,A,17,8,2,3,6,6,10,5,2,2,0,0
2019/20,2019-08-25,Wolverhampton Wanderers FC,Burnley FC,1,1,D,0,1,A,17,13,2,4,4,3,9,11,0,2,0,0
2019/20,2019-08-31,Southampton FC,Manchester United FC,1,1,D,0,1,A,10,21,2,8,2,3,17,7,1,2,1,0
2019/20,2019-08-31,Chelsea FC,Sheffield United FC,2,2,D,2,0,H,13,8,5,2,3,4,6,11,0,1,0,0
2019/20,2019-08-31,Crystal Palace FC,Aston Villa FC,1,0,H,0,0,D,22,10,5,2,13,2,15,16,2,4,0,1
2019/20,2019-08-31,Leicester City FC,AFC Bournemouth,3,1,H,2,1,H,13,8,5,2,4,5,9,11,1,3,0,0
2019/20,2019-08-31,Manchester City FC,Brighton & Hove Albion FC,4,0,H,2,0,H,15,6,6,2,8,1,10,6,1,1,0,0
2019/20,2019-08-31,Newcastle United FC,Watford FC,1,1,D,1,1,D,13,13,5,3,6,5,5,11,2,3,0,0
2019/20,2019-08-31,West Ham United FC,Norwich City FC,2,0,H,1,0,H,18,8,8,3,8,2,16,10,2,1,0,0
2019/20,2019-08-31,Burnley FC,Liverpool FC,0,3,A,0,2,A,7,15,2,7,6,4,10,16,0,0,0,0
2019/20,2019-09-01,Everton FC,Wolverhampton Wanderers FC,3,2,H,2,1,H,15,8,6,5,7,7,12,12,1,4,0,1
2019/20,2019-09-01,Arsenal FC,Tottenham Hotspur FC,2,2,D,1,2,A,26,13,8,9,11,6,13,19,3,5,0,0
2019/20,2019-09-14,Liverpool FC,Newcastle United FC,3,1,H,2,1,H,21,8,9,1,10,1,5,4,0,0,0,0
2019/20,2019-09-14,Brighton & Hove Albion FC,Burnley FC,1,1,D,0,0,D,14,7,5,1,3,6,13,7,0,2,0,0
2019/20,2019-09-14,Manchester United FC,Leicester City FC,1,0,H,1,0,H,10,9,5,3,3,9,14,14,1,2,0,0
2019/20,2019-09-14,Sheffield United FC,Southampton FC,0,1,A,0,0,D,17,11,4,7,12,6,10,7,1,1,1,0
2019/20,2019-09-14,Tottenham Hotspur FC,Crystal Palace FC,4,0,H,4,0,H,13,11,5,6,4,3,19,11,4,2,0,0
2019/20,2019-09-14,Wolverhampton Wanderers FC,Chelsea FC,2,5,A,0,3,A,11,15,4,6,7,5,8,11,1,2,0,0
2019/20,2019-09-14,Norwich City FC,Manchester City FC,3,2,H,2,1,H,7,25,3,8,3,16,8,7,3,1,0,0
2019/20,2019-09-15,AFC Bournemouth,Everton FC,3,1,H,1,1,D,13,14,6,5,7,7,5,14,0,4,0,0
2019/20,2019-09-15,Watford FC,Arsenal FC,2,2,D,0,2,A,31,10,7,4,7,1,14,4,3,3,0,0
2019/20,2019-09-16,Aston Villa FC,West Ham United FC,0,0,D,0,0,D,10,13,5,1,2,4,13,12,2,1,0,1
2019/20,2019-09-20,Southampton FC,AFC Bournemouth,1,3,A,0,2,A,25,6,6,3,4,5,8,9,1,3,0,0
2019/20,2019-09-21,Leicester City FC,Tottenham Hotspur FC,2,1,H,0,1,A,16,11,7,4,8,2,16,13,1,2,0,0
2019/20,2019-09-21,Burnley FC,Norwich City FC,2,0,H,2,0,H,13,11,6,2,7,3,11,10,0,1,0,0
2019/20,2019-09-21,Everton FC,Sheffield United FC,0,2,A,0,1,A,16,2,3,1,12,3,9,9,1,3,0,0
2019/20,2019-09-21,Manchester City FC,Watford FC,8,0,H,5,0,H,28,5,11,4,5,4,5,9,2,2,0,0
2019/20,2019-09-21,Newcastle United FC,Brighton & Hove Albion FC,0,0,D,0,0,D,11,16,4,3,5,3,12,8,2,1,0,0
2019/20,2019-09-22,Crystal Palace FC,Wolverhampton Wanderers FC,1,1,D,0,0,D,13,14,4,4,6,7,7,10,2,1,0,1
2019/20,2019-09-22,West Ham United FC,Manchester United FC,2,0,H,1,0,H,8,9,6,3,3,7,8,9,2,2,0,0
2019/20,2019-09-22,Arsenal FC,Aston Villa FC,3,2,H,0,1,A,21,14,6,9,9,4,13,15,5,1,1,0
2019/20,2019-09-22,Chelsea FC,Liverpool FC,1,2,A,0,2,A,13,6,2,3,6,4,8,13,3,3,0,0
2019/20,2019-09-28,Sheffield United FC,Liverpool FC,0,1,A,0,0,D,12,16,2,4,6,5,8,4,1,1,0,0
2019/20,2019-09-28,Aston Villa FC,Burnley FC,2,2,D,1,0,H,16,10,3,3,7,3,10,16,1,4,0,0
2019/20,2019-09-28,AFC Bournemouth,West Ham United FC,2,2,D,1,1,D,13,17,5,6,6,6,7,8,3,1,0,0
2019/20,2019-09-28,Chelsea FC,Brighton & Hove Albion FC,2,0,H,0,0,D,24,8,10,1,5,2,5,13,2,3,0,0
2019/20,2019-09-28,Crystal Palace FC,Norwich City FC,2,0,H,1,0,H,15,10,3,3,5,5,14,10,3,1,0,0
2019/20,2019-09-28,Tottenham Hotspur FC,Southampton FC,2,1,H,2,1,H,9,14,4,6,6,6,5,16,0,2,1,0
2019/20,2019-09-28,Wolverhampton Wanderers FC,Watford FC,2,0,H,1,0,H,6,14,2,5,1,6,5,6,0,1,0,0
2019/20,2019-09-28,Everton FC,Manchester City FC,1,3,A,1,1,D,12,20,8,9,5,2,4,8,2,2,0,0
2019/20,2019-09-29,Leicester City FC,Newcastle United FC,5,0,H,1,0,H,13,3,5,0,9,0,12,9,1,1,0,1
2019/20,2019-09-30,Manchester United FC,Arsenal FC,1,1,D,1,0,H,16,10,4,5,8,7,18,13,4,2,0,0
2019/20,2019-10-05,Brighton & Hove Albion FC,Tottenham Hotspur FC,3,0,H,2,0,H,17,8,6,3,4,4,11,7,2,1,0,0
2019/20,2019-10-05,Burnley FC,Everton FC,1,0,H,0,0,D,9,11,3,2,7,9,5,12,2,1,0,1
2019/20,2019-10-05,Liverpool FC,Leicester City FC,2,1,H,1,0,H,18,2,8,1,4,6,9,17,1,4,0,0
2019/20,2019-10-05,Norwich City FC,Aston Villa FC,1,5,A,0,2,A,21,22,5,12,10,6,14,17,1,3,0,0
2019/20,2019-10-05,Watford FC,Sheffield United FC,0,0,D,0,0,D,8,9,2,3,7,7,7,6,0,2,0,0
2019/20,2019-10-05,West Ham United FC,Crystal Palace FC,1,2,A,0,0,D,9,7,4,4,2,2,11,7,3,2,0,0
2019/20,2019-10-06,Arsenal FC,AFC Bournemouth,1,0,H,1,0,H,12,10,2,2,14,5,12,6,1,2,0,0
2019/20,2019-10-06,Manchester City FC,Wolverhampton Wanderers FC,0,2,A,0,0,D,18,7,2,2,9,1,11,14,5,2,0,0
2019/20,2019-10-06,Southampton FC,Chelsea FC,1,4,A,1,3,A,10,13,3,7,3,4,8,15,0,1,0,0
2019/20,2019-10-06,Newcastle United FC,Manchester United FC,1,0,H,0,0,D,12,12,2,3,4,6,12,10,3,3,0,0
2019/20,2019-10-19,Everton FC,West Ham United FC,2,0,H,1,0,H,19,8,10,4,11,2,15,15,2,2,0,0
2019/20,2019-10-19,Aston Villa FC,Brighton & Hove Albion FC,2,1,H,1,1,D,24,20,8,5,7,5,9,17,1,2,0,1
2019/20,2019-10-19,AFC Bournemouth,Norwich City FC,0,0,D,0,0,D,11,10,2,1,6,7,8,11,1,3,0,0
2019/20,2019-10-19,Chelsea FC,Newcastle United FC,1,0,H,0,0,D,16,5,8,0,11,0,9,12,2,1,0,0
2019/20,2019-10-19,Leicester City FC,Burnley FC,2,1,H,1,1,D,19,13,3,4,9,4,4,10,0,3,0,0
2019/20,2019-10-19,Tottenham Hotspur FC,Watford FC,1,1,D,0,1,A,12,7,2,2,11,2,5,9,4,3,0,0
2019/20,2019-10-19,Wolverhampton Wanderers FC,Southampton FC,1,1,D,0,0,D,4,14,1,5,1,3,10,17,3,2,0,0
2019/20,2019-10-19,Crystal Palace FC,Manchester City FC,0,2,A,0,2,A,7,21,2,10,1,8,8,10,1,1,0,0
2019/20,2019-10-20,Manchester United FC,Liverpool FC,1,1,D,1,0,H,7,10,2,4,3,1,6,14,0,1,0,0
2019/20,2019-10-21,Sheffield United FC,Arsenal FC,1,0,H,1,0,H,8,9,2,3,7,12,10,12,4,4,0,0
2019/20,2019-10-25,Southampton FC,Leicester City FC,0,9,A,0,5,A,6,25,3,15,2,7,3,12,0,0,1,0
2019/20,2019-10-26,Manchester City FC,Aston Villa FC,3,0,H,0,0,D,25,11,9,5,13,7,10,5,1,1,1,0
2019/20,2019-10-26,Brighton & Hove Albion FC,Everton FC,3,2,H,1,1,D,8,10,4,6,0,5,12,12,2,1,0,0
2019/20,2019-10-26,Watford FC,AFC Bournemouth,0,0,D,0,0,D,7,15,3,5,5,10,14,8,5,3,0,0
2019/20,2019-10-26,West Ham United FC,Sheffield United FC,1,1,D,1,0,H,12,10,4,4,10,4,7,10,2,2,0,0
2019/20,2019-10-26,Burnley FC,Chelsea FC,2,4,A,0,2,A,13,16,5,7,5,6,7,8,3,2,0,0
2019/20,2019-10-27,Newcastle United FC,Wolverhampton Wanderers FC,1,1,D,1,0,H,13,13,2,5,3,6,8,15,2,2,1,0
2019/20,2019-10-27,Arsenal FC,Crystal Palace FC,2,2,D,2,1,H,15,10,6,4,12,5,18,9,2,0,0,0
2019/20,2019-10-27,Liverpool FC,Tottenham Hotspur FC,2,1,H,0,1,A,21,11,13,4,8,3,9,11,3,3,0,0
2019/20,2019-10-27,Norwich City FC,Manchester United FC,1,3,A,0,2,A,10,21,3,11,1,10,13,10,2,2,0,0
2019/20,2019-11-02,AFC Bournemouth,Manchester United FC,1,0,H,1,0,H,12,15,6,4,4,10,14,12,4,3,0,0
2019/20,2019-11-02,Arsenal FC,Wolverhampton Wanderers FC,1,1,D,1,0,H,10,25,4,8,8,9,6,15,0,2,0,0
2019/20,2019-11-02,Aston Villa FC,Liverpool FC,1,2,A,1,0,H,5,25,2,6,2,10,12,9,1,2,0,0
2019/20,2019-11-02,Brighton & Hove Albion FC,Norwich City FC,2,0,H,0,0,D,21,7,5,0,8,3,11,8,0,1,0,0
2019/20,2019-11-02,Manchester City FC,Southampton FC,2,1,H,0,1,A,26,3,4,3,17,0,11,10,3,1,0,0
2019/20,2019-11-02,Sheffield United FC,Burnley FC,3,0,H,3,0,H,13,6,6,0,7,6,8,12,1,2,0,0
2019/20,2019-11-02,West Ham United FC,Newcastle United FC,2,3,A,0,2,A,16,12,6,9,7,3,10,7,2,1,0,0
2019/20,2019-11-02,Watford FC,Chelsea FC,1,2,A,0,1,A,12,16,3,10,1,6,8,5,4,2,0,0
2019/20,2019-11-03,Crystal Palace FC,Leicester City FC,0,2,A,0,0,D,12,14,3,5,5,6,15,16,2,2,0,0
2019/20,2019-11-03,Everton FC,Tottenham Hotspur FC,1,1,D,0,0,D,7,4,3,2,5,2,9,8,1,2,0,1
2019/20,2019-11-08,Norwich City FC,Watford FC,0,2,A,0,1,A,17,12,5,2,10,4,7,13,1,2,0,1
2019/20,2019-11-09,Chelsea FC,Crystal Palace FC,2,0,H,0,0,D,23,3,5,1,7,0,9,17,3,2,0,0
2019/20,2019-11-09,Burnley FC,West Ham United FC,3,0,H,2,0,H,14,7,12,4,11,4,17,10,2,1,0,0
2019/20,2019-11-09,Newcastle United FC,AFC Bournemouth,2,1,H,1,1,D,20,16,9,3,5,4,10,5,2,0,0,0
2019/20,2019-11-09,Southampton FC,Everton FC,1,2,A,0,1,A,4,24,3,5,5,9,12,12,1,1,0,0
2019/20,2019-11-09,Tottenham Hotspur FC,Sheffield United FC,1,1,D,0,0,D,17,14,5,4,4,4,6,9,2,2,0,0
2019/20,2019-11-09,Leicester City FC,Arsenal FC,2,0,H,0,0,D,19,8,7,1,5,4,10,10,1,1,0,0
2019/20,2019-11-10,Manchester United FC,Brighton & Hove Albion FC,3,1,H,2,0,H,21,6,11,2,5,2,10,14,2,5,0,0
2019/20,2019-11-10,Wolverhampton Wanderers FC,Aston Villa FC,2,1,H,1,0,H,17,13,5,4,6,3,17,8,4,3,0,0
2019/20,2019-11-10,Liverpool FC,Manchester City FC,3,1,H,2,0,H,12,18,5,3,4,13,10,5,0,2,0,0
2019/20,2019-11-23,West Ham United FC,Tottenham Hotspur FC,2,3,A,0,2,A,11,15,4,6,3,7,12,14,3,2,0,0
2019/20,2019-11-23,Arsenal FC,Southampton FC,2,2,D,1,1,D,12,21,5,6,6,8,13,19,6,2,0,0
2019/20,2019-11-23,AFC Bournemouth,Wolverhampton Wanderers FC,1,2,A,0,2,A,9,17,2,7,5,9,10,12,2,1,1,0
2019/20,2019-11-23,Brighton & Hove Albion FC,Leicester City FC,0,2,A,0,0,D,7,19,0,9,6,7,9,1,2,0,0,0
2019/20,2019-11-23,Crystal Palace FC,Liverpool FC,1,2,A,0,0,D,16,12,6,4,9,8,8,7,0,1,0,0
2019/20,2019-11-23,Everton FC,Norwich City FC,0,2,A,0,0,D,18,13,7,5,7,7,12,11,3,5,0,0
2019/20,2019-11-23,Watford FC,Burnley FC,0,3,A,0,0,D,15,11,4,5,7,5,14,13,0,3,0,0
2019/20,2019-11-23,Manchester City FC,Chelsea FC,2,1,H,2,1,H,15,11,4,2,8,2,5,9,1,1,0,0
2019/20,2019-11-24,Sheffield United FC,Manchester United FC,3,3,D,1,0,H,12,11,8,5,6,3,13,10,1,2,0,0
2019/20,2019-11-25,Aston Villa FC,Newcastle United FC,2,0,H,2,0,H,17,11,8,5,11,6,10,9,1,1,0,0
2019/20,2019-11-30,Newcastle United FC,Manchester City FC,2,2,D,1,1,D,6,24,3,9,1,10,4,6,1,2,0,0
2019/20,2019-11-30,Burnley FC,Crystal Palace FC,0,2,A,0,1,A,15,7,4,2,5,6,13,10,2,0,0,0
2019/20,2019-11-30,Chelsea FC,West Ham United FC,0,1,A,0,0,D,19,5,6,4,9,3,0,16,0,3,0,0
2019/20,2019-11-30,Liverpool FC,Brighton & Hove Albion FC,2,1,H,2,0,H,15,12,7,5,4,5,3,10,0,0,1,0
2019/20,2019-11-30,Tottenham Hotspur FC,AFC Bournemouth,3,2,H,1,0,H,15,20,5,6,4,8,10,12,0,2,0,0
2019/20,2019-11-30,Southampton FC,Watford FC,2,1,H,0,1,A,11,6,6,3,6,7,6,10,1,0,0,0
2019/20,2019-12-01,Norwich City FC,Arsenal FC,2,2,D,2,1,H,15,16,8,7,7,12,8,10,2,1,0,0
2019/20,2019-12-01,Wolverhampton Wanderers FC,Sheffield United FC,1,1,D,0,1,A,13,9,3,4,7,2,12,18,1,4,0,0
2019/20,2019-12-01,Leicester City FC,Everton FC,2,1,H,0,1,A,16,11,6,3,4,4,7,9,0,1,0,0
2019/20,2019-12-01,Manchester United FC,Aston Villa FC,2,2,D,1,1,D,16,9,6,3,9,9,16,8,4,1,0,0
2019/20,2019-12-03,Crystal Palace FC,AFC Bournemouth,1,0,H,0,0,D,7,6,2,3,6,9,6,15,3,3,1,0
2019/20,2019-12-03,Burnley FC,Manchester City FC,1,4,A,0,1,A,4,17,2,8,3,6,9,6,1,1,0,0
2019/20,2019-12-04,Chelsea FC,Aston Villa FC,2,1,H,1,1,D,25,9,9,3,9,5,18,10,2,1,0,0
2019/20,2019-12-04,Leicester City FC,Watford FC,2,0,H,0,0,D,12,4,6,1,7,2,13,16,3,2,0,0
2019/20,2019-12-04,Manchester United FC,Tottenham Hotspur FC,2,1,H,1,1,D,12,8,7,5,4,3,9,9,0,1,0,0
2019/20,2019-12-04,Southampton FC,Norwich City FC,2,1,H,2,0,H,14,10,5,3,6,1,12,7,1,1,0,0
2019/20,2019-12-04,Wolverhampton Wanderers FC,West Ham United FC,2,0,H,1,0,H,13,6,7,3,5,4,8,9,1,2,0,0
2019/20,2019-12-04,Liverpool FC,Everton FC,5,2,H,4,2,H,11,12,5,4,5,6,13,17,1,2,0,0
2019/20,2019-12-05,Sheffield United FC,Newcastle United FC,0,2,A,0,1,A,13,6,6,4,8,1,10,6,2,0,0,0
2019/20,2019-12-05,Arsenal FC,Brighton & Hove Albion FC,1,2,A,0,1,A,12,20,5,9,9,9,10,11,3,1,0,0
2019/20,2019-12-07,Everton FC,Chelsea FC,3,1,H,1,0,H,13,15,7,4,1,5,14,9,3,0,0,0
2019/20,2019-12-07,AFC Bournemouth,Liverpool FC,0,3,A,0,2,A,3,21,0,9,1,3,5,6,0,1,0,0
2019/20,2019-12-07,Tottenham Hotspur FC,Burnley FC,5,0,H,3,0,H,13,7,7,1,1,1,12,8,1,1,0,0
2019/20,2019-12-07,Watford FC,Crystal Palace FC,0,0,D,0,0,D,13,3,3,0,6,2,15,16,4,2,0,0
2019/20,2019-12-07,Manchester City FC,Manchester United FC,1,2,A,0,2,A,22,11,5,7,16,3,10,10,3,2,0,0
2019/20,2019-12-08,Aston Villa FC,Leicester City FC,1,4,A,1,2,A,15,23,2,8,8,5,21,15,6,2,0,0
2019/20,2019-12-08,Newcastle United FC,Southampton FC,2,1,H,0,0,D,12,19,6,4,3,12,11,17,1,3,0,0
2019/20,2019-12-08,Norwich City FC,Sheffield United FC,1,2,A,1,0,H,14,9,4,3,9,1,6,12,0,4,0,0
2019/20,2019-12-08,Brighton & Hove Albion FC,Wolverhampton Wanderers FC,2,2,D,2,2,D,13,13,4,5,3,4,10,7,3,0,0,0
2019/20,2019-12-09,West Ham United FC,Arsenal FC,1,3,A,1,0,H,11,10,4,3,4,3,12,6,2,0,0,0
2019/20,2019-12-14,Liverpool FC,Watford FC,2,0,H,1,0,H,16,8,6,2,6,3,8,6,2,1,0,0
2019/20,2019-12-14,Burnley FC,Newcastle United FC,1,0,H,0,0,D,7,9,4,0,4,3,15,12,0,2,0,0
2019/20,2019-12-14,Chelsea FC,AFC Bournemouth,0,1,A,0,0,D,18,11,5,2,9,4,9,14,1,2,0,0
2019/20,2019-12-14,Leicester City FC,Norwich City FC,1,1,D,1,1,D,18,10,5,3,12,4,11,15,0,4,0,0
2019/20,2019-12-14,Sheffield United FC,Aston Villa FC,2,0,H,0,0,D,7,8,3,0,3,2,10,9,2,2,0,0
2019/20,2019-12-14,Southampton FC,West Ham United FC,0,1,A,0,1,A,11,11,2,4,5,8,9,14,1,3,0,0
2019/20,2019-12-15,Manchester United FC,Everton FC,1,1,D,0,1,A,24,8,8,3,6,5,10,12,1,2,0,0
2019/20,2019-12-15,Wolverhampton Wanderers FC,Tottenham Hotspur FC,1,2,A,0,1,A,18,9,5,5,11,2,14,10,4,4,0,0
2019/20,2019-12-15,Arsenal FC,Manchester City FC,0,3,A,0,3,A,6,14,1,7,3,3,9,24,1,4,0,0
2019/20,2019-12-16,Crystal Palace FC,Brighton & Hove Albion FC,1,1,D,0,0,D,11,15,4,10,3,7,7,12,1,1,0,0
2019/20,2019-12-21,Everton FC,Arsenal FC,0,0,D,0,0,D,9,6,0,2,5,4,10,11,2,3,0,0
2019/20,2019-12-21,Aston Villa FC,Southampton FC,1,3,A,0,2,A,19,17,6,8,7,5,16,15,2,1,0,0
2019/20,2019-12-21,AFC Bournemouth,Burnley FC,0,1,A,0,0,D,3,2,0,1,4,5,13,21,2,4,0,0
2019/20,2019-12-21,Brighton & Hove Albion FC,Sheffield United FC,0,1,A,0,1,A,9,7,2,2,4,3,6,11,1,3,0,0
2019/20,2019-12-21,Newcastle United FC,Crystal Palace FC,1,0,H,0,0,D,8,16,3,4,4,5,12,11,2,0,0,0
2019/20,2019-12-21,Norwich City FC,Wolverhampton Wanderers FC,1,2,A,1,0,H,13,14,7,4,3,11,7,14,2,4,0,0
2019/20,2019-12-21,Manchester City FC,Leicester City FC,3,1,H,2,1,H,23,5,12,2,6,1,14,9,2,2,0,0
2019/20,2019-12-22,Watford FC,Manchester United FC,2,0,H,0,0,D,11,17,3,8,3,5,16,11,3,1,0,0
2019/20,2019-12-22,Tottenham Hotspur FC,Chelsea FC,0,2,A,0,2,A,5,13,1,3,3,5,9,11,4,3,1,0
2019/20,2019-12-26,Tottenham Hotspur FC,Brighton & Hove Albion FC,2,1,H,0,1,A,11,11,5,5,9,2,10,9,4,2,0,0
2019/20,2019-12-26,Aston Villa FC,Norwich City FC,1,0,H,0,0,D,11,16,2,6,5,8,15,12,2,3,0,0
2019/20,2019-12-26,AFC Bournemouth,Arsenal FC,1,1,D,1,0,H,12,17,4,2,8,3,5,13,4,4,0,0
2019/20,2019-12-26,Chelsea FC,Southampton FC,0,2,A,0,1,A,10,5,3,3,8,1,10,9,3,2,0,0
2019/20,2019-12-26,Crystal Palace FC,West Ham United FC,2,1,H,0,0,D,13,10,4,2,7,6,5,10,0,2,0,0
2019/20,2019-12-26,Everton FC,Burnley FC,1,0,H,0,0,D,21,6,5,0,10,2,15,14,0,0,0,0
2019/20,2019-12-26,Sheffield United FC,Watford FC,1,1,D,1,1,D,16,5,4,2,9,1,11,8,1,3,0,0
2019/20,2019-12-26,Manchester United FC,Newcastle United FC,4,1,H,3,1,H,22,7,10,2,5,0,10,7,2,2,0,0
2019/20,2019-12-26,Leicester City FC,Liverpool FC,0,4,A,0,1,A,3,15,0,6,2,8,5,7,1,1,0,0
2019/20,2019-12-27,Wolverhampton Wanderers FC,Manchester City FC,3,2,H,0,1,A,20,7,8,3,3,1,7,13,0,1,0,1
2019/20,2019-12-28,Brighton & Hove Albion FC,AFC Bournemouth,2,0,H,1,0,H,16,10,6,2,9,2,8,11,0,2,0,0
2019/20,2019-12-28,Newcastle United FC,Everton FC,1,2,A,0,1,A,20,22,5,9,5,8,13,13,2,2,0,0
2019/20,2019-12-28,Southampton FC,Crystal Palace FC,1,1,D,0,0,D,14,5,5,2,12,4,13,7,1,2,0,0
2019/20,2019-12-28,Watford FC,Aston Villa FC,3,0,H,1,0,H,20,11,6,2,6,3,16,9,3,1,1,0
2019/20,2019-12-28,Norwich City FC,Tottenham Hotspur FC,2,2,D,1,0,H,5,15,2,7,4,6,12,10,3,3,0,0
2019/20,2019-12-28,West Ham United FC,Leicester City FC,1,2,A,1,1,D,14,13,4,8,5,5,16,4,4,1,0,0
2019/20,2019-12-28,Burnley FC,Manchester United FC,0,2,A,0,1,A,8,14,1,5,5,4,17,10,4,3,0,0
2019/20,2019-12-29,Arsenal FC,Chelsea FC,1,2,A,1,0,H,7,13,2,4,2,3,13,19,5,4,0,0
2019/20,2019-12-29,Liverpool FC,Wolverhampton Wanderers FC,1,0,H,1,0,H,10,10,3,2,5,6,7,3,1,0,0,0
2019/20,2019-12-29,Manchester City FC,Sheffield United FC,2,0,H,0,0,D,16,8,4,0,8,5,5,6,1,1,0,0
2019/20,2020-01-01,Brighton & Hove Albion FC,Chelsea FC,1,1,D,0,1,A,16,16,5,5,5,3,8,15,2,3,0,0
2019/20,2020-01-01,Burnley FC,Aston Villa FC,1,2,A,0,2,A,20,11,1,6,8,4,12,10,1,1,0,0
2019/20,2020-01-01,Newcastle United FC,Leicester City FC,0,3,A,0,2,A,5,17,2,10,4,5,8,12,1,1,0,0
2019/20,2020-01-01,Southampton FC,Tottenham Hotspur FC,1,0,H,1,0,H,12,11,3,5,6,9,21,8,3,4,0,0
2019/20,2020-01-01,Watford FC,Wolverhampton Wanderers FC,2,1,H,1,0,H,9,16,3,4,4,7,12,6,3,1,1,0
2019/20,2020-01-01,Manchester City FC,Everton FC,2,1,H,0,0,D,16,7,7,2,3,6,11,11,0,4,0,0
2019/20,2020-01-01,Norwich City FC,Crystal Palace FC,1,1,D,1,0,H,15,12,4,3,2,5,12,9,5,0,0,0
2019/20,2020-01-01,West Ham United FC,AFC Bournemouth,4,0,H,3,0,H,14,3,7,2,9,2,3,12,1,2,0,0
2019/20,2020-01-01,Arsenal FC,Manchester United FC,2,0,H,2,0,H,10,10,4,4,1,4,11,15,2,0,0,0
2019/20,2020-01-02,Liverpool FC,Sheffield United FC,2,0,H,1,0,H,19,3,7,2,8,4,5,8,0,0,0,0
2019/20,2020-01-10,Sheffield United FC,West Ham United FC,1,0,H,0,0,D,13,7,3,2,7,3,11,6,1,0,0,0
2019/20,2020-01-11,Crystal Palace FC,Arsenal FC,1,1,D,0,1,A,6,7,3,4,1,4,14,22,2,3,0,1
2019/20,2020-01-11,Chelsea FC,Burnley FC,3,0,H,2,0,H,18,7,8,2,10,3,7,4,0,3,0,0
2019/20,2020-01-11,Everton FC,Brighton & Hove Albion FC,1,0,H,1,0,H,14,9,6,2,4,3,7,7,2,1,0,0
2019/20,2020-01-11,Leicester City FC,Southampton FC,1,2,A,1,1,D,5,16,5,10,2,4,9,17,0,3,0,0
2019/20,2020-01-11,Manchester United FC,Norwich City FC,4,0,H,1,0,H,13,8,6,3,4,2,18,7,0,0,0,0
2019/20,2020-01-11,Wolverhampton Wanderers FC,Newcastle United FC,1,1,D,1,1,D,9,5,4,1,5,2,13,12,0,3,0,0
2019/20,2020-01-11,Tottenham Hotspur FC,Liverpool FC,0,1,A,0,1,A,14,13,4,7,4,3,4,8,0,2,0,0
2019/20,2020-01-12,AFC Bournemouth,Watford FC,0,3,A,0,1,A,10,18,1,6,5,5,3,13,1,1,0,0
2019/20,2020-01-12,Aston Villa FC,Manchester City FC,1,6,A,0,4,A,7,22,1,12,2,4,5,12,2,1,0,0
2019/20,2020-01-18,Watford FC,Tottenham Hotspur FC,0,0,D,0,0,D,15,17,2,5,3,3,13,13,2,3,0,0
2019/20,2020-01-18,Arsenal FC,Sheffield United FC,1,1,D,1,0,H,11,12,4,4,4,5,9,13,1,2,0,0
2019/20,2020-01-18,Brighton & Hove Albion FC,Aston Villa FC,1,1,D,1,0,H,10,8,2,3,3,4,11,13,3,3,0,0
2019/20,2020-01-18,Manchester City FC,Crystal Palace FC,2,2,D,0,1,A,25,5,6,3,14,2,9,7,1,2,0,0
2019/20,2020-01-18,Norwich City FC,AFC Bournemouth,1,0,H,1,0,H,16,6,5,3,4,5,10,10,2,2,1,1
2019/20,2020-01-18,Southampton FC,Wolverhampton Wanderers FC,2,3,A,2,0,H,11,8,5,4,1,3,13,12,2,1,0,0
2019/20,2020-01-18,West Ham United FC,Everton FC,1,1,D,1,1,D,12,11,6,3,7,6,11,13,1,0,0,0
2019/20,2020-01-18,Newcastle United FC,Chelsea FC,1,0,H,0,0,D,7,19,2,4,1,10,9,14,1,1,0,0
2019/20,2020-01-19,Burnley FC,Leicester City FC,2,1,H,0,1,A,8,18,5,8,4,5,14,8,1,0,0,0
2019/20,2020-01-19,Liverpool FC,Manchester United FC,2,0,H,1,0,H,16,9,5,4,11,5,7,10,1,3,0,0
2019/20,2020-01-21,Aston Villa FC,Watford FC,2,1,H,0,1,A,16,8,5,2,6,3,11,18,2,2,0,0
2019/20,2020-01-21,AFC Bournemouth,Brighton & Hove Albion FC,3,1,H,2,0,H,11,21,3,8,5,8,9,12,1,1,0,0
2019/20,2020-01-21,Crystal Palace FC,Southampton FC,0,2,A,0,1,A,6,15,0,6,0,8,12,13,1,2,0,0
2019/20,2020-01-21,Everton FC,Newcastle United FC,2,2,D,1,0,H,17,8,8,2,6,4,13,10,1,1,0,0
2019/20,2020-01-21,Sheffield United FC,Manchester City FC,0,1,A,0,0,D,4,18,1,5,5,13,13,13,4,3,0,0
2019/20,2020-01-21,Chelsea FC,Arsenal FC,2,2,D,1,0,H,19,2,8,2,17,5,11,6,2,1,0,1
2019/20,2020-01-22,Leicester City FC,West Ham United FC,4,1,H,2,0,H,19,6,8,2,7,8,10,19,1,1,0,0
2019/20,2020-01-22,Tottenham Hotspur FC,Norwich City FC,2,1,H,1,0,H,14,12,3,2,7,3,12,7,0,1,0,0
2019/20,2020-01-22,Manchester United FC,Burnley FC,0,2,A,0,1,A,24,5,7,2,5,2,11,7,0,2,0,0
2019/20,2020-01-23,Wolverhampton Wanderers FC,Liverpool FC,1,2,A,0,1,A,10,13,3,6,2,4,6,11,0,1,0,0
2019/20,2020-01-29,West Ham United FC,Liverpool FC,0,2,A,0,1,A,7,13,4,5,3,7,6,6,2,0,0,0
2019/20,2020-02-01,Leicester City FC,Chelsea FC,2,2,D,0,0,D,14,7,4,3,4,6,16,14,2,2,0,0
2019/20,2020-02-01,AFC Bournemouth,Aston Villa FC,2,1,H,2,0,H,16,18,6,5,1,8,10,15,1,3,1,0
2019/20,2020-02-01,Crystal Palace FC,Sheffield United FC,0,1,A,0,0,D,13,10,3,3,9,5,9,15,3,2,0,0
2019/20,2020-02-01,Liverpool FC,Southampton FC,4,0,H,0,0,D,16,17,9,4,6,11,9,15,0,2,0,0
2019/20,2020-02-01,Newcastle United FC,Norwich City FC,0,0,D,0,0,D,15,19,5,4,8,12,10,15,2,1,0,0
2019/20,2020-02-01,Watford FC,Everton FC,2,3,A,2,2,D,11,12,2,5,4,4,17,14,2,2,0,1
2019/20,2020-02-01,West Ham United FC,Brighton & Hove Albion FC,3,3,D,2,0,H,12,19,6,6,4,6,8,9,1,1,0,0
2019/20,2020-02-01,Manchester United FC,Wolverhampton Wanderers FC,0,0,D,0,0,D,15,14,5,3,4,6,14,15,3,2,0,0
2019/20,2020-02-02,Burnley FC,Arsenal FC,0,0,D,0,0,D,15,13,2,2,5,7,8,11,1,3,0,0
2019/20,2020-02-02,Tottenham Hotspur FC,Manchester City FC,2,0,H,0,0,D,3,18,3,5,2,6,8,14,2,3,0,1
2019/20,2020-02-08,Everton FC,Crystal Palace FC,3,1,H,1,0,H,14,10,8,2,4,6,11,12,0,1,0,0
2019/20,2020-02-08,Brighton & Hove Albion FC,Watford FC,1,1,D,0,1,A,10,5,2,2,3,2,9,12,2,2,0,0
2019/20,2020-02-09,Sheffield United FC,AFC Bournemouth,2,1,H,1,1,D,16,10,6,2,8,4,10,8,2,2,0,0
2019/20,2020-02-14,Wolverhampton Wanderers FC,Leicester City FC,0,0,D,0,0,D,15,9,3,3,7,0,13,10,2,2,0,1
2019/20,2020-02-15,Southampton FC,Burnley FC,1,2,A,1,1,D,10,9,2,6,4,3,8,11,2,2,0,0
2019/20,2020-02-15,Norwich City FC,Liverpool FC,0,1,A,0,0,D,5,17,1,6,2,7,5,11,1,2,0,0
2019/20,2020-02-16,Aston Villa FC,Tottenham Hotspur FC,2,3,A,1,2,A,18,23,4,10,12,7,12,10,2,0,0,0
2019/20,2020-02-16,Arsenal FC,Newcastle United FC,4,0,H,0,0,D,15,10,7,2,5,6,15,9,2,0,0,0
2019/20,2020-02-17,Chelsea FC,Manchester United FC,0,2,A,0,1,A,17,9,1,3,9,8,11,11,4,3,0,0
2019/20,2020-02-19,Manchester City FC,West Ham United FC,2,0,H,1,0,H,20,3,7,0,6,1,5,7,0,1,0,0
2019/20,2020-02-22,Chelsea FC,Tottenham Hotspur FC,2,1,H,1,0,H,17,5,7,3,3,5,14,14,1,2,0,0
2019/20,2020-02-22,Burnley FC,AFC Bournemouth,3,0,H,0,0,D,16,12,10,4,7,3,9,9,4,3,0,0
2019/20,2020-02-22,Crystal Palace FC,Newcastle United FC,1,0,H,1,0,H,18,8,9,2,7,5,15,11,2,6,0,1
2019/20,2020-02-22,Sheffield United FC,Brighton & Hove Albion FC,1,1,D,1,1,D,14,8,3,2,12,2,3,6,0,2,0,0
2019/20,2020-02-22,Southampton FC,Aston Villa FC,2,0,H,1,0,H,28,4,9,1,9,6,13,17,1,4,0,0
2019/20,2020-02-22,Leicester City FC,Manchester City FC,0,1,A,0,0,D,10,18,3,7,3,7,14,10,0,0,0,0
2019/20,2020-02-23,Manchester United FC,Watford FC,3,0,H,1,0,H,21,7,9,2,3,5,6,15,0,1,0,0
2019/20,2020-02-23,Wolverhampton Wanderers FC,Norwich City FC,3,0,H,2,0,H,19,6,6,4,4,1,11,6,2,3,0,0
2019/20,2020-02-23,Arsenal FC,Everton FC,3,2,H,2,2,D,9,17,4,5,6,3,12,12,0,4,0,0
2019/20,2020-02-24,Liverpool FC,West Ham United FC,3,2,H,1,1,D,25,7,7,4,16,8,4,10,0,3,0,0
2019/20,2020-02-28,Norwich City FC,Leicester City FC,1,0,H,0,0,D,11,19,6,4,6,7,13,16,1,2,0,0
2019/20,2020-02-29,Brighton & Hove Albion FC,Crystal Palace FC,0,1,A,0,0,D,24,12,8,3,8,7,8,9,1,1,0,0
2019/20,2020-02-29,AFC Bournemouth,Chelsea FC,2,2,D,0,1,A,9,23,5,6,4,14,8,5,2,2,0,0
2019/20,2020-02-29,Newcastle United FC,Burnley FC,0,0,D,0,0,D,21,8,4,1,11,7,11,9,4,3,0,0
2019/20,2020-02-29,West Ham United FC,Southampton FC,3,1,H,2,1,H,14,10,7,2,4,9,8,11,1,1,0,0
2019/20,2020-02-29,Watford FC,Liverpool FC,3,0,H,0,0,D,14,7,5,1,3,5,4,8,0,0,0,0
2019/20,2020-03-01,Everton FC,Manchester United FC,1,1,D,1,1,D,16,14,5,5,13,8,11,11,3,4,0,0
2019/20,2020-03-01,Tottenham Hotspur FC,Wolverhampton Wanderers FC,2,3,A,2,1,H,13,14,5,4,4,5,12,14,3,2,0,0
2019/20,2020-03-07,Liverpool FC,AFC Bournemouth,2,1,H,2,1,H,14,6,6,4,9,4,10,12,0,1,0,0
2019/20,2020-03-07,Arsenal FC,West Ham United FC,1,0,H,0,0,D,9,14,2,6,6,7,11,9,1,2,0,0
2019/20,2020-03-07,Crystal Palace FC,Watford FC,1,0,H,1,0,H,10,10,3,4,8,8,12,19,4,4,0,0
2019/20,2020-03-07,Sheffield United FC,Norwich City FC,1,0,H,1,0,H,10,12,4,5,10,5,12,8,0,0,0,0
2019/20,2020-03-07,Southampton FC,Newcastle United FC,0,1,A,0,0,D,6,14,3,7,5,8,14,15,0,3,1,0
2019/20,2020-03-07,Wolverhampton Wanderers FC,Brighton & Hove Albion FC,0,0,D,0,0,D,11,7,1,1,2,0,4,7,1,3,0,0
2019/20,2020-03-07,Burnley FC,Tottenham Hotspur FC,1,1,D,1,0,H,21,13,8,2,3,5,16,11,5,4,0,0
2019/20,2020-03-08,Chelsea FC,Everton FC,4,0,H,2,0,H,17,3,11,1,6,1,8,10,1,2,0,0
2019/20,2020-03-08,Manchester United FC,Manchester City FC,2,0,H,1,0,H,12,7,6,2,2,11,11,9,2,4,0,0
2019/20,2020-03-09,Leicester City FC,Aston Villa FC,4,0,H,1,0,H,15,4,7,1,9,0,15,12,2,1,0,0
2019/20,2020-06-17,Aston Villa FC,Sheffield United FC,0,0,D,0,0,D,14,5,6,1,12,4,11,14,1,1,0,0
2019/20,2020-06-17,Manchester City FC,Arsenal FC,3,0,H,1,0,H,20,3,12,0,5,2,9,7,1,1,0,1
2019/20,2020-06-19,Norwich City FC,Southampton FC,0,3,A,0,0,D,9,22,1,9,9,7,9,15,1,1,0,0
2019/20,2020-06-19,Tottenham Hotspur FC,Manchester United FC,1,1,D,1,0,H,10,12,3,6,7,6,17,18,0,1,0,0
2019/20,2020-06-20,Watford FC,Leicester City FC,1,1,D,0,0,D,8,15,4,2,2,7,15,12,0,1,0,0
2019/20,2020-06-20,Brighton & Hove Albion FC,Arsenal FC,2,1,H,0,0,D,9,13,5,6,10,7,13,8,2,1,0,0
2019/20,2020-06-20,West Ham United FC,Wolverhampton Wanderers FC,0,2,A,0,0,D,7,10,2,6,5,7,8,7,1,1,0,0
2019/20,2020-06-20,AFC Bournemouth,Crystal Palace FC,0,2,A,0,2,A,12,7,1,2,11,4,13,15,3,2,0,0
2019/20,2020-06-21,Newcastle United FC,Sheffield United FC,3,0,H,0,0,D,12,7,8,1,2,4,9,10,2,0,0,1
2019/20,2020-06-21,Aston Villa FC,Chelsea FC,1,2,A,1,0,H,8,19,4,5,2,10,9,17,2,1,0,0
2019/20,2020-06-21,Everton FC,Liverpool FC,0,0,D,0,0,D,9,10,3,3,1,6,15,12,2,2,0,0
2019/20,2020-06-22,Manchester City FC,Burnley FC,5,0,H,3,0,H,19,1,7,0,3,1,8,7,1,1,0,0
2019/20,2020-06-23,Leicester City FC,Brighton & Hove Albion FC,0,0,D,0,0,D,11,10,2,2,6,7,10,13,2,2,0,0
2019/20,2020-06-23,Tottenham Hotspur FC,West Ham United FC,2,0,H,0,0,D,15,10,4,2,9,4,12,7,2,2,0,0
2019/20,2020-06-24,Manchester United FC,Sheffield United FC,3,0,H,2,0,H,15,4,6,1,10,5,10,6,1,0,0,0
2019/20,2020-06-24,Newcastle United FC,Aston Villa FC,1,1,D,0,0,D,13,14,3,2,6,9,15,13,2,2,0,0
2019/20,2020-06-24,Norwich City FC,Everton FC,0,1,A,0,0,D,9,12,1,5,6,5,8,13,0,1,0,0
2019/20,2020-06-24,Wolverhampton Wanderers FC,AFC Bournemouth,1,0,H,0,0,D,10,4,2,0,6,4,11,11,3,3,0,0
2019/20,2020-06-24,Liverpool FC,Crystal Palace FC,4,0,H,2,0,H,21,3,7,0,6,0,7,5,0,0,0,0
2019/20,2020-06-25,Burnley FC,Watford FC,1,0,H,0,0,D,9,10,5,4,1,7,13,15,1,0,0,0
2019/20,2020-06-25,Southampton FC,Arsenal FC,0,2,A,0,1,A,12,10,3,5,4,6,10,14,0,2,1,0
2019/20,2020-06-25,Chelsea FC,Manchester City FC,2,1,H,1,0,H,15,11,10,2,5,7,13,3,1,1,0,1
2019/20,2020-06-27,Aston Villa FC,Wolverhampton Wanderers FC,0,1,A,0,0,D,11,9,1,2,2,2,16,16,1,1,0,0
2019/20,2020-06-28,Watford FC,Southampton FC,1,3,A,0,1,A,8,11,0,7,5,3,18,9,3,0,0,0
2019/20,2020-06-29,Crystal Palace FC,Burnley FC,0,1,A,0,0,D,17,8,4,4,9,1,12,13,1,1,0,0
2019/20,2020-06-30,Brighton & Hove Albion FC,Manchester United FC,0,3,A,0,2,A,8,12,2,6,4,5,10,9,0,1,0,0
2019/20,2020-07-01,Arsenal FC,Norwich City FC,4,0,H,2,0,H,13,8,8,2,6,2,10,10,1,4,0,0
2019/20,2020-07-01,AFC Bournemouth,Newcastle United FC,1,4,A,0,2,A,12,12,1,7,6,3,11,10,2,0,0,0
2019/20,2020-07-01,Everton FC,Leicester City FC,2,1,H,2,0,H,7,15,2,3,3,5,13,10,1,1,0,0
2019/20,2020-07-01,West Ham United FC,Chelsea FC,3,2,H,1,1,D,10,17,4,6,2,3,10,9,2,1,0,0
2019/20,2020-07-02,Sheffield United FC,Tottenham Hotspur FC,3,1,H,1,0,H,7,9,5,2,1,6,13,13,2,0,0,0
2019/20,2020-07-02,Manchester City FC,Liverpool FC,4,0,H,3,0,H,14,11,6,3,3,3,8,7,2,2,0,0
2019/20,2020-07-04,Norwich City FC,Brighton & Hove Albion FC,0,1,A,0,1,A,12,8,1,2,0,2,11,13,2,2,0,0
2019/20,2020-07-04,Leicester City FC,Crystal Palace FC,3,0,H,0,0,D,15,7,4,1,3,7,18,8,2,1,0,0
2019/20,2020-07-04,Manchester United FC,AFC Bournemouth,5,2,H,3,1,H,19,7,10,3,8,3,13,12,0,1,0,0
2019/20,2020-07-04,Wolverhampton Wanderers FC,Arsenal FC,0,2,A,0,1,A,10,8,1,5,3,5,6,11,2,4,0,0
2019/20,2020-07-04,Chelsea FC,Watford FC,3,0,H,2,0,H,21,7,9,3,5,3,9,12,0,2,0,0
2019/20,2020-07-05,Burnley FC,Sheffield United FC,1,1,D,1,0,H,9,10,4,3,3,9,8,14,0,0,0,0
2019/20,2020-07-05,Newcastle United FC,West Ham United FC,2,2,D,1,1,D,11,17,4,7,6,4,9,11,0,0,0,0
2019/20,2020-07-05,Liverpool FC,Aston Villa FC,2,0,H,0,0,D,6,9,4,3,7,5,18,8,1,1,0,0
2019/20,2020-07-05,Southampton FC,Manchester City FC,1,0,H,1,0,H,8,26,4,6,2,13,6,7,1,2,0,0
2019/20,2020-07-06,Tottenham Hotspur FC,Everton FC,1,0,H,1,0,H,12,11,2,3,5,6,14,18,3,2,0,0
2019/20,2020-07-07,Crystal Palace FC,Chelsea FC,2,3,A,1,2,A,13,14,4,6,7,9,11,10,1,0,0,0
2019/20,2020-07-07,Watford FC,Norwich City FC,2,1,H,1,1,D,9,12,4,3,4,3,11,15,2,4,0,0
2019/20,2020-07-07,Arsenal FC,Leicester City FC,1,1,D,1,0,H,11,13,7,5,10,1,10,14,1,0,1,0
2019/20,2020-07-08,Manchester City FC,Newcastle United FC,5,0,H,2,0,H,23,6,9,1,8,1,12,7,0,0,0,0
2019/20,2020-07-08,Sheffield United FC,Wolverhampton Wanderers FC,1,0,H,0,0,D,7,6,3,1,6,1,5,6,2,0,0,0
2019/20,2020-07-08,West Ham United FC,Burnley FC,0,1,A,0,1,A,21,8,5,4,10,3,7,7,1,1,0,0
2019/20,2020-07-08,Brighton & Hove Albion FC,Liverpool FC,1,3,A,1,2,A,12,19,2,8,6,10,7,15,1,4,0,0
2019/20,2020-07-09,AFC Bournemouth,Tottenham Hotspur FC,0,0,D,0,0,D,9,9,2,0,8,12,11,14,3,2,0,0
2019/20,2020-07-09,Everton FC,Southampton FC,1,1,D,1,1,D,11,17,4,4,3,5,13,14,3,3,0,0
2019/20,2020-07-09,Aston Villa FC,Manchester United FC,0,3,A,0,2,A,9,14,1,6,3,5,7,13,2,3,0,0
2019/20,2020-07-11,Norwich City FC,West Ham United FC,0,4,A,0,2,A,11,19,2,7,1,6,9,8,1,0,0,0
2019/20,2020-07-11,Watford FC,Newcastle United FC,2,1,H,0,1,A,17,8,5,4,2,4,23,15,1,4,0,0
2019/20,2020-07-11,Liverpool FC,Burnley FC,1,1,D,1,0,H,23,6,9,2,12,6,7,4,1,2,0,0
2019/20,2020-07-11,Sheffield United FC,Chelsea FC,3,0,H,2,0,H,9,15,4,4,4,6,8,6,1,0,0,0
2019/20,2020-07-11,Brighton & Hove Albion FC,Manchester City FC,0,5,A,0,2,A,3,26,0,8,2,7,7,3,1,0,0,0
2019/20,2020-07-12,Wolverhampton Wanderers FC,Everton FC,3,0,H,1,0,H,14,6,7,2,5,2,9,9,0,2,0,0
2019/20,2020-07-12,Aston Villa FC,Crystal Palace FC,2,0,H,1,0,H,12,9,9,5,5,1,21,21,2,4,0,1
2019/20,2020-07-12,Tottenham Hotspur FC,Arsenal FC,2,1,H,1,1,D,15,13,9,4,6,5,16,11,5,3,0,0
2019/20,2020-07-12,AFC Bournemouth,Leicester City FC,4,1,H,0,1,A,10,13,4,5,2,6,11,12,2,1,0,1
2019/20,2020-07-13,Manchester United FC,Southampton FC,2,2,D,2,1,H,8,9,4,5,4,6,14,15,1,3,0,0
2019/20,2020-07-14,Chelsea FC,Norwich City FC,1,0,H,1,0,H,22,2,6,0,8,1,10,9,2,2,0,0
2019/20,2020-07-15,Burnley FC,Wolverhampton Wanderers FC,1,1,D,0,0,D,9,14,1,5,3,8,10,8,0,0,0,0
2019/20,2020-07-15,Manchester City FC,AFC Bournemouth,2,1,H,2,0,H,8,15,4,3,3,5,10,10,1,1,0,0
2019/20,2020-07-15,Newcastle United FC,Tottenham Hotspur FC,1,3,A,0,1,A,22,8,6,5,5,4,6,13,2,3,0,0
2019/20,2020-07-15,Arsenal FC,Liverpool FC,2,1,H,2,1,H,3,24,2,8,2,13,14,10,3,1,0,0
2019/20,2020-07-16,Everton FC,Aston Villa FC,1,1,D,0,0,D,9,15,1,1,5,5,15,13,2,1,0,0
2019/20,2020-07-16,Leicester City FC,Sheffield United FC,2,0,H,1,0,H,15,5,7,1,9,5,12,10,1,2,0,0
2019/20,2020-07-16,Crystal Palace FC,Manchester United FC,0,2,A,0,1,A,13,17,5,5,2,7,10,15,1,2,0,0
2019/20,2020-07-16,Southampton FC,Brighton & Hove Albion FC,1,1,D,0,1,A,21,10,6,2,8,2,6,10,1,0,0,0
2019/20,2020-07-17,West Ham United FC,Watford FC,3,1,H,3,0,H,10,14,4,3,9,3,11,11,0,2,0,0
2019/20,2020-07-18,Norwich City FC,Burnley FC,0,2,A,0,1,A,6,23,2,8,6,8,9,16,0,0,2,0
2019/20,2020-07-19,AFC Bournemouth,Southampton FC,0,2,A,0,1,A,11,16,3,8,12,6,12,11,2,2,0,0
2019/20,2020-07-19,Tottenham Hotspur FC,Leicester City FC,3,0,H,3,0,H,7,24,3,6,4,13,15,10,2,1,0,0
2019/20,2020-07-20,Brighton & Hove Albion FC,Newcastle United FC,0,0,D,0,0,D,11,12,3,1,9,7,13,12,4,2,0,0
2019/20,2020-07-20,Sheffield United FC,Everton FC,0,1,A,0,0,D,8,5,0,2,7,1,11,19,1,3,0,0
2019/20,2020-07-20,Wolverhampton Wanderers FC,Crystal Palace FC,2,0,H,1,0,H,11,7,5,3,5,2,11,15,2,1,0,0
2019/20,2020-07-21,Watford FC,Manchester City FC,0,4,A,0,2,A,2,26,0,10,0,8,14,11,2,0,0,0
2019/20,2020-07-21,Aston Villa FC,Arsenal FC,1,0,H,1,0,H,8,7,3,0,8,9,13,19,2,4,0,0
2019/20,2020-07-22,Manchester United FC,West Ham United FC,1,1,D,0,1,A,11,12,4,3,2,3,10,9,3,1,0,0
2019/20,2020-07-22,Liverpool FC,Chelsea FC,5,3,H,3,1,H,10,10,7,5,6,0,8,11,1,0,0,0
2019/20,2020-07-26,Arsenal FC,Watford FC,3,2,H,3,1,H,13,19,5,6,4,8,9,12,3,3,0,0
2019/20,2020-07-26,Burnley FC,Brighton & Hove Albion FC,1,2,A,1,1,D,13,14,2,4,6,7,11,11,3,0,0,0
2019/20,2020-07-26,Chelsea FC,Wolverhampton Wanderers FC,2,0,H,2,0,H,11,5,3,1,3,3,10,16,2,3,0,0
2019/20,2020-07-26,Crystal Palace FC,Tottenham Hotspur FC,1,1,D,0,1,A,13,7,2,2,7,2,11,13,3,2,0,0
2019/20,2020-07-26,Everton FC,AFC Bournemouth,1,3,A,1,2,A,13,13,5,7,2,5,11,9,1,0,0,0
2019/20,2020-07-26,Leicester City FC,Manchester United FC,0,2,A,0,0,D,14,7,3,3,3,3,12,11,1,4,1,0
2019/20,2020-07-26,Manchester City FC,Norwich City FC,5,0,H,2,0,H,31,5,10,4,9,0,7,4,1,1,0,0
2019/20,2020-07-26,Newcastle United FC,Liverpool FC,1,3,A,1,1,D,3,14,2,6,2,4,11,5,1,0,0,0
2019/20,2020-07-26,Southampton FC,Sheffield United FC,3,1,H,0,1,A,13,5,4,3,9,1,9,16,0,1,0,0
2019/20,2020-07-26,West Ham United FC,Aston Villa FC,1,1,D,0,0,D,10,13,1,4,0,7,16,13,2,1,0,0
2020/21,2020-09-12,Fulham FC,Arsenal FC,0,3,A,0,1,A,5,13,2,6,2,3,12,12,2,2,0,0
2020/21,2020-09-12,Crystal Palace FC,Southampton FC,1,0,H,1,0,H,5,9,3,5,7,3,14,11,2,1,0,0
2020/21,2020-09-12,Liverpool FC,Leeds United FC,4,3,H,3,2,H,22,6,6,3,9,0,9,6,1,0,0,0
2020/21,2020-09-12,West Ham United FC,Newcastle United FC,0,2,A,0,0,D,15,15,3,2,8,7,13,7,2,2,0,0
2020/21,2020-09-13,West Bromwich Albion FC,Leicester City FC,0,3,A,0,0,D,7,13,1,7,2,5,12,9,1,1,0,0
2020/21,2020-09-13,Tottenham Hotspur FC,Everton FC,0,1,A,0,0,D,9,15,5,4,5,3,15,7,1,0,0,0
2020/21,2020-09-14,Brighton & Hove Albion FC,Chelsea FC,1,3,A,0,1,A,13,10,3,5,4,3,8,13,1,0,0,0
2020/21,2020-09-14,Sheffield United FC,Wolverhampton Wanderers FC,0,2,A,0,2,A,9,11,2,4,12,5,13,7,2,1,0,0
2020/21,2020-09-19,Everton FC,West Bromwich Albion FC,5,2,H,2,1,H,17,6,7,4,11,1,9,11,1,0,0,1
2020/21,2020-09-19,Leeds United FC,Fulham FC,4,3,H,2,1,H,10,14,7,6,5,3,13,18,1,2,0,0
2020/21,2020-09-19,Manchester United FC,Crystal Palace FC,1,3,A,0,1,A,13,14,4,5,9,3,13,10,2,1,0,0
2020/21,2020-09-19,Arsenal FC,West Ham United FC,2,1,H,1,1,D,7,14,3,3,7,5,11,13,0,1,0,0
2020/21,2020-09-20,Southampton FC,Tottenham Hotspur FC,2,5,A,1,1,D,14,9,7,6,3,2,16,18,4,3,0,0
2020/21,2020-09-20,Newcastle United FC,Brighton & Hove Albion FC,0,3,A,0,2,A,6,13,0,6,7,1,16,15,3,0,0,1
2020/21,2020-09-20,Chelsea FC,Liverpool FC,0,2,A,0,0,D,5,18,3,6,1,11,10,6,0,0,1,0
2020/21,2020-09-20,Leicester City FC,Burnley FC,4,2,H,1,1,D,14,16,6,5,15,4,11,13,1,2,0,0
2020/21,2020-09-21,Aston Villa FC,Sheffield United FC,1,0,H,0,0,D,18,4,2,1,10,4,12,13,3,1,0,1
2020/21,2020-09-21,Wolverhampton Wanderers FC,Manchester City FC,1,3,A,0,2,A,10,14,1,9,4,6,6,8,0,3,0,0
2020/21,2020-09-26,Brighton & Hove Albion FC,Manchester United FC,2,3,A,1,1,D,18,7,5,3,7,1,18,16,4,2,0,0
2020/21,2020-09-26,Crystal Palace FC,Everton FC,1,2,A,1,2,A,8,10,1,5,7,6,16,15,3,1,0,0
2020/21,2020-09-26,West Bromwich Albion FC,Chelsea FC,3,3,D,3,0,H,9,22,3,10,3,9,8,16,1,3,0,0
2020/21,2020-09-26,Burnley FC,Southampton FC,0,1,A,0,1,A,10,5,2,1,8,2,8,10,1,0,0,0
2020/21,2020-09-27,Sheffield United FC,Leeds United FC,0,1,A,0,0,D,14,17,4,9,5,7,18,4,2,1,0,0
2020/21,2020-09-27,Tottenham Hotspur FC,Newcastle United FC,1,1,D,1,0,H,23,6,12,1,10,4,15,9,1,4,0,0
2020/21,2020-09-27,Manchester City FC,Leicester City FC,2,5,A,1,1,D,16,7,5,7,3,4,13,8,1,3,0,0
2020/21,2020-09-27,West Ham United FC,Wolverhampton Wanderers FC,4,0,H,1,0,H,15,11,7,2,1,3,7,11,0,1,0,0
2020/21,2020-09-28,Fulham FC,Aston Villa FC,0,3,A,0,2,A,16,12,3,5,5,3,18,14,6,3,0,0
2020/21,2020-09-28,Liverpool FC,Arsenal FC,3,1,H,2,1,H,21,4,8,3,7,3,11,7,2,2,0,0
2020/21,2020-10-03,Chelsea FC,Crystal Palace FC,4,0,H,0,0,D,17,4,6,0,8,5,17,13,2,0,0,0
2020/21,2020-10-03,Everton FC,Brighton & Hove Albion FC,4,2,H,2,1,H,11,11,6,3,3,10,13,14,0,1,0,0
2020/21,2020-10-03,Leeds United FC,Manchester City FC,1,1,D,0,1,A,12,23,7,2,7,10,11,12,2,1,0,0
2020/21,2020-10-03,Newcastle United FC,Burnley FC,3,1,H,1,0,H,10,7,5,3,3,4,13,17,2,3,0,0
2020/21,2020-10-04,Leicester City FC,West Ham United FC,0,3,A,0,2,A,4,14,0,6,6,4,11,8,2,2,0,0
2020/21,2020-10-04,Southampton FC,West Bromwich Albion FC,2,0,H,1,0,H,13,5,7,2,5,1,19,10,2,1,0,0
2020/21,2020-10-04,Arsenal FC,Sheffield United FC,2,1,H,0,0,D,6,6,5,2,2,4,3,9,0,1,0,0
2020/21,2020-10-04,Wolverhampton Wanderers FC,Fulham FC,1,0,H,0,0,D,14,10,5,2,6,2,15,8,1,1,0,0
2020/21,2020-10-04,Manchester United FC,Tottenham Hotspur FC,1,6,A,1,4,A,5,22,2,8,2,4,14,10,2,1,1,0
2020/21,2020-10-04,Aston Villa FC,Liverpool FC,7,2,H,4,1,H,18,14,11,8,2,7,7,10,2,1,0,0
2020/21,2020-10-17,Everton FC,Liverpool FC,2,2,D,1,1,D,11,22,5,8,2,5,15,9,3,2,1,0
2020/21,2020-10-17,Chelsea FC,Southampton FC,3,3,D,2,1,H,11,13,5,6,6,2,11,9,1,1,0,0
2020/21,2020-10-17,Manchester City FC,Arsenal FC,1,0,H,1,0,H,13,11,5,3,6,6,15,10,4,1,0,0
2020/21,2020-10-17,Newcastle United FC,Manchester United FC,1,4,A,1,1,D,7,28,4,14,0,7,9,12,1,1,0,0
2020/21,2020-10-18,Sheffield United FC,Fulham FC,1,1,D,0,0,D,10,15,6,6,2,5,5,9,0,2,0,0
2020/21,2020-10-18,Crystal Palace FC,Brighton & Hove Albion FC,1,1,D,1,0,H,1,20,1,3,2,5,13,12,3,2,0,1
2020/21,2020-10-18,Tottenham Hotspur FC,West Ham United FC,3,3,D,3,0,H,11,13,6,4,3,7,13,12,0,5,0,0
2020/21,2020-10-18,Leicester City FC,Aston Villa FC,0,1,A,0,0,D,11,10,5,4,2,7,18,18,4,3,0,0
2020/21,2020-10-19,West Bromwich Albion FC,Burnley FC,0,0,D,0,0,D,13,9,6,4,8,2,15,17,2,2,0,0
2020/21,2020-10-19,Leeds United FC,Wolverhampton Wanderers FC,0,1,A,0,0,D,13,7,2,3,8,3,13,12,2,1,0,0
2020/21,2020-10-23,Aston Villa FC,Leeds United FC,0,3,A,0,0,D,12,27,4,9,6,5,14,17,2,2,0,0
2020/21,2020-10-24,West Ham United FC,Manchester City FC,1,1,D,1,0,H,6,14,2,7,2,10,14,6,2,0,0,0
2020/21,2020-10-24,Fulham FC,Crystal Palace FC,1,2,A,0,1,A,16,14,3,10,4,4,11,11,0,1,1,0
2020/21,2020-10-24,Manchester United FC,Chelsea FC,0,0,D,0,0,D,14,6,4,1,9,6,8,6,3,1,0,0
2020/21,2020-10-24,Liverpool FC,Sheffield United FC,2,1,H,1,1,D,17,13,5,2,7,3,7,15,0,3,0,0
2020/21,2020-10-25,Southampton FC,Everton FC,2,0,H,2,0,H,12,6,6,2,4,5,11,11,1,2,0,1
2020/21,2020-10-25,Wolverhampton Wanderers FC,Newcastle United FC,1,1,D,0,0,D,16,5,3,2,2,3,10,10,0,1,0,0
2020/21,2020-10-25,Arsenal FC,Leicester City FC,0,1,A,0,0,D,12,6,4,2,9,3,13,9,3,5,0,0
2020/21,2020-10-26,Brighton & Hove Albion FC,West Bromwich Albion FC,1,1,D,1,0,H,5,9,3,3,6,2,14,7,2,0,0,0
2020/21,2020-10-26,Burnley FC,Tottenham Hotspur FC,0,1,A,0,0,D,13,9,4,3,4,5,9,7,2,0,0,0
2020/21,2020-10-30,Wolverhampton Wanderers FC,Crystal Palace FC,2,0,H,2,0,H,15,11,5,2,7,6,13,4,0,2,0,1
2020/21,2020-10-31,Sheffield United FC,Manchester City FC,0,1,A,0,1,A,5,16,1,8,2,5,14,6,0,0,0,0
2020/21,2020-10-31,Burnley FC,Chelsea FC,0,3,A,0,1,A,5,14,0,9,3,4,10,15,1,0,0,0
2020/21,2020-10-31,Liverpool FC,West Ham United FC,2,1,H,1,1,D,9,4,5,3,1,2,13,14,0,1,0,0
2020/21,2020-11-01,Aston Villa FC,Southampton FC,3,4,A,0,3,A,19,9,10,4,11,1,12,17,1,2,0,0
2020/21,2020-11-01,Newcastle United FC,Everton FC,2,1,H,0,0,D,11,15,4,4,5,4,9,10,2,4,0,0
2020/21,2020-11-01,Manchester United FC,Arsenal FC,0,1,A,0,0,D,8,7,2,2,6,3,12,12,3,3,0,0
2020/21,2020-11-01,Tottenham Hotspur FC,Brighton & Hove Albion FC,2,1,H,1,0,H,9,6,3,2,4,5,14,13,2,1,0,0
2020/21,2020-11-02,Fulham FC,West Bromwich Albion FC,2,0,H,2,0,H,13,10,6,1,5,2,13,11,3,2,0,0
2020/21,2020-11-02,Leeds United FC,Leicester City FC,1,4,A,0,2,A,11,10,4,8,10,3,9,5,1,1,0,0
2020/21,2020-11-06,Brighton & Hove Albion FC,Burnley FC,0,0,D,0,0,D,19,4,3,1,5,3,11,5,1,0,0,0
2020/21,2020-11-06,Southampton FC,Newcastle United FC,2,0,H,1,0,H,15,4,8,2,8,3,12,11,1,2,0,0
2020/21,2020-11-07,Everton FC,Manchester United FC,1,3,A,1,2,A,7,13,1,5,5,2,12,19,4,2,0,0
2020/21,2020-11-07,Crystal Palace FC,Leeds United FC,4,1,H,3,1,H,10,9,6,3,3,6,9,1,0,2,0,0
2020/21,2020-11-07,Chelsea FC,Sheffield United FC,4,1,H,2,1,H,20,6,9,3,6,7,5,14,0,2,0,0
2020/21,2020-11-07,West Ham United FC,Fulham FC,1,0,H,0,0,D,16,13,7,3,9,5,10,9,2,2,0,0
2020/21,2020-11-08,West Bromwich Albion FC,Tottenham Hotspur FC,0,1,A,0,0,D,12,19,2,5,9,6,17,12,1,0,0,0
2020/21,2020-11-08,Leicester City FC,Wolverhampton Wanderers FC,1,0,H,1,0,H,10,7,3,2,6,3,12,8,2,3,0,0
2020/21,2020-11-08,Manchester City FC,Liverpool FC,1,1,D,1,1,D,7,10,2,3,1,2,19,11,3,1,0,0
2020/21,2020-11-08,Arsenal FC,Aston Villa FC,0,3,A,0,1,A,13,15,2,6,3,8,11,13,0,0,0,0
2020/21,2020-11-21,Newcastle United FC,Chelsea FC,0,2,A,0,1,A,8,14,1,3,7,4,11,12,2,0,0,0
2020/21,2020-11-21,Aston Villa FC,Brighton & Hove Albion FC,1,2,A,0,1,A,15,7,4,3,12,3,5,18,2,1,0,1
2020/21,2020-11-21,Tottenham Hotspur FC,Manchester City FC,2,0,H,1,0,H,4,22,2,5,0,10,13,19,2,2,0,0
2020/21,2020-11-21,Manchester United FC,West Bromwich Albion FC,1,0,H,0,0,D,17,7,7,2,8,2,12,17,1,1,0,0
2020/21,2020-11-22,Fulham FC,Everton FC,2,3,A,1,3,A,14,9,6,7,2,5,14,10,2,0,0,0
2020/21,2020-11-22,Sheffield United FC,West Ham United FC,0,1,A,0,0,D,9,15,5,3,2,6,7,6,0,0,0,0
2020/21,2020-11-22,Leeds United FC,Arsenal FC,0,0,D,0,0,D,25,9,4,2,5,3,9,8,3,0,0,1
2020/21,2020-11-22,Liverpool FC,Leicester City FC,3,0,H,2,0,H,24,11,13,4,10,3,15,6,0,2,0,0
2020/21,2020-11-23,Burnley FC,Crystal Palace FC,1,0,H,1,0,H,10,15,4,5,4,7,13,9,2,0,0,0
2020/21,2020-11-23,Wolverhampton Wanderers FC,Southampton FC,1,1,D,0,0,D,20,7,9,2,7,4,14,13,2,0,0,0
2020/21,2020-11-27,Crystal Palace FC,Newcastle United FC,0,2,A,0,0,D,12,14,3,7,7,3,9,10,2,2,0,0
2020/21,2020-11-28,Brighton & Hove Albion FC,Liverpool FC,1,1,D,0,0,D,11,6,3,2,4,3,9,13,2,1,0,0
2020/21,2020-11-28,Manchester City FC,Burnley FC,5,0,H,3,0,H,19,9,6,1,6,4,12,4,0,0,0,0
2020/21,2020-11-28,Everton FC,Leeds United FC,0,1,A,0,0,D,15,23,8,7,4,2,8,14,1,2,0,0
2020/21,2020-11-28,West Bromwich Albion FC,Sheffield United FC,1,0,H,1,0,H,17,21,6,5,14,9,10,9,2,3,0,0
2020/21,2020-11-29,Southampton FC,Manchester United FC,2,3,A,2,0,H,10,15,5,6,5,9,12,12,1,0,0,0
2020/21,2020-11-29,Chelsea FC,Tottenham Hotspur FC,0,0,D,0,0,D,13,5,3,1,3,3,20,9,4,2,0,0
2020/21,2020-11-29,Arsenal FC,Wolverhampton Wanderers FC,1,2,A,1,2,A,13,11,2,5,8,4,13,13,3,4,0,0
2020/21,2020-11-30,Leicester City FC,Fulham FC,1,2,A,0,2,A,16,10,3,5,6,5,9,21,0,2,0,0
2020/21,2020-11-30,West Ham United FC,Aston Villa FC,2,1,H,1,1,D,6,16,2,6,3,7,20,7,1,1,0,0
2020/21,2020-12-05,Burnley FC,Everton FC,1,1,D,1,1,D,8,13,3,6,8,4,6,9,0,0,0,0
2020/21,2020-12-05,Manchester City FC,Fulham FC,2,0,H,2,0,H,16,6,6,1,9,3,7,6,0,0,0,0
2020/21,2020-12-05,West Ham United FC,Manchester United FC,1,3,A,1,0,H,19,15,6,6,5,4,9,10,0,0,0,0
2020/21,2020-12-05,Chelsea FC,Leeds United FC,3,1,H,1,1,D,23,8,11,3,8,4,12,9,0,2,0,0
2020/21,2020-12-06,West Bromwich Albion FC,Crystal Palace FC,1,5,A,1,1,D,9,18,4,6,4,6,10,16,2,2,1,0
2020/21,2020-12-06,Sheffield United FC,Leicester City FC,1,2,A,1,1,D,4,13,1,4,6,5,13,6,1,3,0,0
2020/21,2020-12-06,Tottenham Hotspur FC,Arsenal FC,2,0,H,2,0,H,6,11,3,2,3,9,16,12,1,2,0,0
2020/21,2020-12-06,Liverpool FC,Wolverhampton Wanderers FC,4,0,H,1,0,H,11,9,6,3,4,6,8,14,1,1,0,0
2020/21,2020-12-07,Brighton & Hove Albion FC,Southampton FC,1,2,A,1,1,D,12,10,4,3,4,3,12,12,3,3,0,0
2020/21,2020-12-11,Leeds United FC,West Ham United FC,1,2,A,1,1,D,13,19,7,8,5,6,12,10,1,2,0,0
2020/21,2020-12-12,Wolverhampton Wanderers FC,Aston Villa FC,0,1,A,0,0,D,16,13,7,2,5,8,23,15,2,5,0,0
2020/21,2020-12-12,Newcastle United FC,West Bromwich Albion FC,2,1,H,1,0,H,12,13,7,3,4,3,9,12,2,3,0,0
2020/21,2020-12-12,Manchester United FC,Manchester City FC,0,0,D,0,0,D,11,9,2,2,4,3,13,6,1,1,0,0
2020/21,2020-12-12,Everton FC,Chelsea FC,1,0,H,1,0,H,9,10,4,3,6,6,10,11,2,3,0,0
2020/21,2020-12-13,Southampton FC,Sheffield United FC,3,0,H,1,0,H,16,3,6,0,8,4,8,14,0,1,0,0
2020/21,2020-12-13,Crystal Palace FC,Tottenham Hotspur FC,1,1,D,0,1,A,16,14,5,6,4,7,15,11,1,1,0,0
2020/21,2020-12-13,Fulham FC,Liverpool FC,1,1,D,1,0,H,10,12,5,6,6,8,9,5,3,1,0,0
2020/21,2020-12-13,Arsenal FC,Burnley FC,0,1,A,0,0,D,18,10,6,2,13,4,5,11,2,1,1,0
2020/21,2020-12-13,Leicester City FC,Brighton & Hove Albion FC,3,0,H,3,0,H,15,12,6,4,9,5,9,11,2,1,0,0
2020/21,2020-12-15,Wolverhampton Wanderers FC,Chelsea FC,2,1,H,0,0,D,12,13,4,3,5,6,12,12,2,2,0,0
2020/21,2020-12-15,Manchester City FC,West Bromwich Albion FC,1,1,D,1,1,D,26,5,7,1,13,2,5,8,2,3,0,0
2020/21,2020-12-16,Arsenal FC,Southampton FC,1,1,D,0,1,A,9,13,4,3,2,7,13,13,1,3,1,0
2020/21,2020-12-16,Leeds United FC,Newcastle United FC,5,2,H,1,1,D,25,10,10,4,7,4,10,13,3,1,0,0
2020/21,2020-12-16,Leicester City FC,Everton FC,0,2,A,0,1,A,14,11,2,6,4,6,12,9,2,3,0,0
2020/21,2020-12-16,Fulham FC,Brighton & Hove Albion FC,0,0,D,0,0,D,9,9,4,4,1,8,15,11,1,0,0,0
2020/21,2020-12-16,Liverpool FC,Tottenham Hotspur FC,2,1,H,1,1,D,17,8,11,2,7,4,8,9,0,2,0,0
2020/21,2020-12-16,West Ham United FC,Crystal Palace FC,1,1,D,0,1,A,9,8,2,2,5,3,8,12,0,1,0,1
2020/21,2020-12-17,Aston Villa FC,Burnley FC,0,0,D,0,0,D,27,6,7,4,11,1,17,19,1,1,0,0
2020/21,2020-12-17,Sheffield United FC,Manchester United FC,2,3,A,1,2,A,12,14,6,8,6,3,17,8,3,2,0,0
2020/21,2020-12-19,Crystal Palace FC,Liverpool FC,0,7,A,0,3,A,5,14,3,8,5,4,5,11,1,0,0,0
2020/21,2020-12-19,Southampton FC,Manchester City FC,0,1,A,0,1,A,9,11,3,5,6,6,9,11,2,2,0,0
2020/21,2020-12-19,Everton FC,Arsenal FC,2,1,H,2,1,H,9,13,2,2,4,3,9,9,1,3,0,0
2020/21,2020-12-19,Newcastle United FC,Fulham FC,1,1,D,0,1,A,12,11,5,4,2,9,7,17,1,2,0,1
2020/21,2020-12-20,Brighton & Hove Albion FC,Sheffield United FC,1,1,D,0,0,D,21,5,5,3,14,2,9,11,1,5,0,1
2020/21,2020-12-20,Tottenham Hotspur FC,Leicester City FC,0,2,A,0,1,A,8,17,3,4,5,3,15,14,2,2,0,0
2020/21,2020-12-20,Manchester United FC,Leeds United FC,6,2,H,4,1,H,26,17,14,3,11,13,6,6,1,0,0,0
2020/21,2020-12-20,West Bromwich Albion FC,Aston Villa FC,0,3,A,0,1,A,1,19,1,10,1,7,14,8,1,2,1,0
2020/21,2020-12-21,Burnley FC,Wolverhampton Wanderers FC,2,1,H,1,0,H,10,15,4,3,1,7,11,15,2,1,0,0
2020/21,2020-12-21,Chelsea FC,West Ham United FC,3,0,H,1,0,H,11,6,7,0,5,4,11,6,0,0,0,0
2020/21,2020-12-26,Leicester City FC,Manchester United FC,2,2,D,1,1,D,10,9,2,4,5,0,10,17,2,1,0,0
2020/21,2020-12-26,Aston Villa FC,Crystal Palace FC,3,0,H,1,0,H,21,13,10,6,4,4,18,16,1,4,1,0
2020/21,2020-12-26,Fulham FC,Southampton FC,0,0,D,0,0,D,10,3,1,2,6,3,15,12,2,0,0,0
2020/21,2020-12-26,Arsenal FC,Chelsea FC,3,1,H,2,0,H,15,19,7,3,7,9,13,10,2,1,0,0
2020/21,2020-12-26,Manchester City FC,Newcastle United FC,2,0,H,1,0,H,11,7,6,2,7,3,5,12,2,2,0,0
2020/21,2020-12-26,Sheffield United FC,Everton FC,0,1,A,0,0,D,10,7,2,3,6,3,11,10,2,4,0,0
2020/21,2020-12-27,Leeds United FC,Burnley FC,1,0,H,1,0,H,11,14,4,6,4,12,8,14,0,3,0,0
2020/21,2020-12-27,West Ham United FC,Brighton & Hove Albion FC,2,2,D,0,1,A,11,13,4,4,5,4,6,8,0,0,0,0
2020/21,2020-12-27,Liverpool FC,West Bromwich Albion FC,1,1,D,1,0,H,17,5,2,3,8,3,8,5,0,1,0,0
2020/21,2020-12-27,Wolverhampton Wanderers FC,Tottenham Hotspur FC,1,1,D,0,1,A,11,6,6,3,9,2,20,13,4,1,0,0
2020/21,2020-12-28,Crystal Palace FC,Leicester City FC,1,1,D,0,0,D,4,17,1,3,2,5,10,7,0,1,0,0
2020/21,2020-12-28,Chelsea FC,Aston Villa FC,1,1,D,1,0,H,16,10,5,2,11,4,16,3,3,1,0,0
2020/21,2020-12-29,Brighton & Hove Albion FC,Arsenal FC,0,1,A,0,0,D,13,11,2,3,5,4,11,4,2,0,0,0
2020/21,2020-12-29,Burnley FC,Sheffield United FC,1,0,H,1,0,H,5,7,3,3,3,5,13,17,1,2,0,0
2020/21,2020-12-29,Southampton FC,West Ham United FC,0,0,D,0,0,D,8,8,3,3,4,3,16,15,3,1,0,0
2020/21,2020-12-29,West Bromwich Albion FC,Leeds United FC,0,5,A,0,4,A,4,14,1,6,3,10,7,10,0,1,0,0
2020/21,2020-12-29,Manchester United FC,Wolverhampton Wanderers FC,1,0,H,0,0,D,11,9,3,5,2,2,11,7,1,1,0,0
2020/21,2020-12-30,Newcastle United FC,Liverpool FC,0,0,D,0,0,D,8,11,2,4,5,12,9,13,2,3,0,0
2020/21,2021-01-01,Everton FC,West Ham United FC,0,1,A,0,0,D,10,11,2,5,5,4,9,7,2,0,0,0
2020/21,2021-01-01,Manchester United FC,Aston Villa FC,2,1,H,1,0,H,19,5,9,5,5,10,22,10,4,0,0,0
2020/21,2021-01-02,Tottenham Hotspur FC,Leeds United FC,3,0,H,2,0,H,20,18,7,5,3,5,15,13,2,1,1,0
2020/21,2021-01-02,Crystal Palace FC,Sheffield United FC,2,0,H,2,0,H,9,7,4,2,3,6,8,18,1,3,0,0
2020/21,2021-01-02,Brighton & Hove Albion FC,Wolverhampton Wanderers FC,3,3,D,1,3,A,13,11,4,4,5,8,13,8,2,1,0,0
2020/21,2021-01-02,West Bromwich Albion FC,Arsenal FC,0,4,A,0,2,A,7,21,3,12,3,5,7,4,1,2,0,0
2020/21,2021-01-03,Newcastle United FC,Leicester City FC,1,2,A,0,0,D,8,9,2,3,3,6,10,11,0,2,0,0
2020/21,2021-01-03,Chelsea FC,Manchester City FC,1,3,A,0,3,A,9,18,2,6,5,3,11,10,3,1,0,0
2020/21,2021-01-04,Southampton FC,Liverpool FC,1,0,H,1,0,H,7,17,3,1,1,10,5,12,1,3,0,0
2020/21,2021-01-12,Sheffield United FC,Newcastle United FC,1,0,H,0,0,D,17,7,4,3,5,2,13,12,2,3,0,1
2020/21,2021-01-12,Burnley FC,Manchester United FC,0,1,A,0,0,D,11,13,0,7,3,4,15,13,1,2,0,0
2020/21,2021-01-12,Wolverhampton Wanderers FC,Everton FC,1,2,A,1,1,D,12,5,3,3,6,5,6,11,2,2,0,0
2020/21,2021-01-13,Manchester City FC,Brighton & Hove Albion FC,1,0,H,1,0,H,16,5,6,1,8,4,4,12,0,2,0,0
2020/21,2021-01-13,Tottenham Hotspur FC,Fulham FC,1,1,D,1,0,H,15,15,6,4,6,5,13,15,1,2,0,0
2020/21,2021-01-14,Arsenal FC,Crystal Palace FC,0,0,D,0,0,D,11,12,4,2,7,3,10,11,1,1,0,0
2020/21,2021-01-16,Wolverhampton Wanderers FC,West Bromwich Albion FC,2,3,A,2,1,H,23,12,6,5,11,0,10,14,2,1,0,0
2020/21,2021-01-16,Leeds United FC,Brighton & Hove Albion FC,0,1,A,0,1,A,7,7,2,2,5,2,8,9,1,1,0,0
2020/21,2021-01-16,West Ham United FC,Burnley FC,1,0,H,1,0,H,15,10,4,2,7,4,12,9,2,1,0,0
2020/21,2021-01-16,Fulham FC,Chelsea FC,0,1,A,0,0,D,10,21,3,6,1,12,11,10,2,3,1,0
2020/21,2021-01-16,Leicester City FC,Southampton FC,2,0,H,1,0,H,16,8,5,3,2,5,10,11,2,2,0,0
2020/21,2021-01-17,Sheffield United FC,Tottenham Hotspur FC,1,3,A,0,2,A,15,14,5,5,5,7,13,4,4,0,0,0
2020/21,2021-01-17,Liverpool FC,Manchester United FC,0,0,D,0,0,D,17,8,3,4,7,3,15,6,2,1,0,0
2020/21,2021-01-17,Manchester City FC,Crystal Palace FC,4,0,H,1,0,H,13,2,6,0,11,1,9,8,0,0,0,0
2020/21,2021-01-18,Arsenal FC,Newcastle United FC,3,0,H,0,0,D,20,4,6,1,7,2,9,8,0,0,0,0
2020/21,2021-01-19,West Ham United FC,West Bromwich Albion FC,2,1,H,1,0,H,14,6,6,2,3,1,10,10,0,1,0,0
2020/21,2021-01-19,Leicester City FC,Chelsea FC,2,0,H,2,0,H,8,9,6,5,6,3,7,16,1,3,0,0
2020/21,2021-01-20,Manchester City FC,Aston Villa FC,2,0,H,0,0,D,28,11,9,4,16,2,10,9,0,2,0,0
2020/21,2021-01-20,Fulham FC,Manchester United FC,1,2,A,1,1,D,12,15,5,5,2,8,6,10,3,1,0,0
2020/21,2021-01-21,Liverpool FC,Burnley FC,0,1,A,0,0,D,27,6,6,4,12,0,11,8,2,1,0,0
2020/21,2021-01-23,Aston Villa FC,Newcastle United FC,2,0,H,2,0,H,14,7,5,1,5,4,9,18,0,3,0,0
2020/21,2021-01-26,Crystal Palace FC,West Ham United FC,2,3,A,1,2,A,6,17,3,7,3,4,9,8,0,0,0,0
2020/21,2021-01-26,Newcastle United FC,Leeds United FC,1,2,A,0,1,A,22,9,5,2,9,5,10,15,1,3,0,0
2020/21,2021-01-26,Southampton FC,Arsenal FC,1,3,A,1,2,A,13,9,5,5,4,5,11,6,1,2,0,0
2020/21,2021-01-26,West Bromwich Albion FC,Manchester City FC,0,5,A,0,4,A,4,18,1,7,3,8,8,8,2,0,0,0
2020/21,2021-01-27,Burnley FC,Aston Villa FC,3,2,H,0,1,A,10,18,5,10,2,4,16,7,1,0,0,0
2020/21,2021-01-27,Chelsea FC,Wolverhampton Wanderers FC,0,0,D,0,0,D,14,4,5,0,13,1,14,7,1,1,0,0
2020/21,2021-01-27,Brighton & Hove Albion FC,Fulham FC,0,0,D,0,0,D,16,10,5,3,10,0,10,14,2,1,0,0
2020/21,2021-01-27,Everton FC,Leicester City FC,1,1,D,1,0,H,8,19,2,6,5,11,12,10,1,1,0,0
2020/21,2021-01-27,Manchester United FC,Sheffield United FC,1,2,A,0,1,A,16,5,4,3,7,2,10,12,1,1,0,0
2020/21,2021-01-28,Tottenham Hotspur FC,Liverpool FC,1,3,A,0,1,A,3,14,2,7,1,2,9,11,1,2,0,0
2020/21,2021-01-30,Everton FC,Newcastle United FC,0,2,A,0,0,D,11,13,3,3,7,12,13,6,3,4,0,0
2020/21,2021-01-30,Crystal Palace FC,Wolverhampton Wanderers FC,1,0,H,0,0,D,11,6,2,4,1,6,7,10,1,2,0,0
2020/21,2021-01-30,Manchester City FC,Sheffield United FC,1,0,H,1,0,H,10,4,5,1,10,0,7,10,0,3,0,0
2020/21,2021-01-30,West Bromwich Albion FC,Fulham FC,2,2,D,0,1,A,5,12,3,7,2,3,9,10,1,0,0,0
2020/21,2021-01-30,Arsenal FC,Manchester United FC,0,0,D,0,0,D,17,14,3,3,4,7,9,16,1,3,0,0
2020/21,2021-01-30,Southampton FC,Aston Villa FC,0,1,A,0,1,A,20,8,5,4,7,1,12,11,1,0,0,0
2020/21,2021-01-31,Chelsea FC,Burnley FC,2,0,H,1,0,H,19,1,8,0,4,2,7,9,0,1,0,0
2020/21,2021-01-31,Leicester City FC,Leeds United FC,1,3,A,1,1,D,18,8,8,7,6,4,17,16,0,3,0,0
2020/21,2021-01-31,West Ham United FC,Liverpool FC,1,3,A,0,0,D,8,14,2,5,6,5,7,8,2,0,0,0
2020/21,2021-01-31,Brighton & Hove Albion FC,Tottenham Hotspur FC,1,0,H,1,0,H,16,8,5,4,9,2,11,11,2,1,0,0
2020/21,2021-02-02,Sheffield United FC,West Bromwich Albion FC,2,1,H,0,1,A,14,8,6,4,9,2,11,9,2,1,0,0
2020/21,2021-02-02,Wolverhampton Wanderers FC,Arsenal FC,2,1,H,1,1,D,11,9,7,3,9,6,11,8,3,2,0,2
2020/21,2021-02-02,Manchester United FC,Southampton FC,9,0,H,4,0,H,24,3,14,1,5,3,11,6,2,3,0,2
2020/21,2021-02-02,Newcastle United FC,Crystal Palace FC,1,2,A,1,2,A,21,6,5,3,9,1,14,11,1,3,0,0
2020/21,2021-02-03,Burnley FC,Manchester City FC,0,2,A,0,2,A,2,17,0,6,1,3,8,5,2,1,0,0
2020/21,2021-02-03,Fulham FC,Leicester City FC,0,2,A,0,2,A,8,9,1,5,5,2,17,10,3,1,0,0
2020/21,2021-02-03,Leeds United FC,Everton FC,1,2,A,0,2,A,16,10,7,6,7,1,12,12,2,3,0,0
2020/21,2021-02-03,Aston Villa FC,West Ham United FC,1,3,A,0,0,D,9,20,2,10,7,3,11,15,1,1,0,0
2020/21,2021-02-03,Liverpool FC,Brighton & Hove Albion FC,0,1,A,0,0,D,11,13,1,4,6,3,12,6,1,0,0,0
2020/21,2021-02-04,Tottenham Hotspur FC,Chelsea FC,0,1,A,0,1,A,7,18,2,2,2,7,20,14,2,3,0,0
2020/21,2021-02-06,Aston Villa FC,Arsenal FC,1,0,H,1,0,H,12,14,8,3,3,7,12,12,3,2,0,0
2020/21,2021-02-06,Burnley FC,Brighton & Hove Albion FC,1,1,D,0,1,A,20,10,7,2,8,7,8,10,2,0,0,0
2020/21,2021-02-06,Newcastle United FC,Southampton FC,3,2,H,3,1,H,6,14,4,5,0,7,11,14,2,1,1,0
2020/21,2021-02-06,Fulham FC,West Ham United FC,0,0,D,0,0,D,20,8,2,1,7,3,11,10,1,2,0,1
2020/21,2021-02-06,Manchester United FC,Everton FC,3,3,D,2,0,H,14,6,5,3,5,1,14,10,2,1,0,0
2020/21,2021-02-07,Tottenham Hotspur FC,West Bromwich Albion FC,2,0,H,0,0,D,13,4,6,1,8,0,16,12,1,2,0,0
2020/21,2021-02-07,Wolverhampton Wanderers FC,Leicester City FC,0,0,D,0,0,D,13,13,1,3,8,2,11,15,1,3,0,0
2020/21,2021-02-07,Liverpool FC,Manchester City FC,1,4,A,0,0,D,8,8,3,5,6,1,13,8,2,1,0,0
2020/21,2021-02-07,Sheffield United FC,Chelsea FC,1,2,A,0,1,A,8,9,3,3,1,8,8,8,1,0,0,0
2020/21,2021-02-08,Leeds United FC,Crystal Palace FC,2,0,H,1,0,H,17,8,7,3,5,3,7,8,0,2,0,0
2020/21,2021-02-13,Leicester City FC,Liverpool FC,3,1,H,0,0,D,11,15,6,4,2,12,9,6,1,2,0,0
2020/21,2021-02-13,Crystal Palace FC,Burnley FC,0,3,A,0,2,A,13,16,3,4,7,4,15,14,0,0,0,0
2020/21,2021-02-13,Manchester City FC,Tottenham Hotspur FC,3,0,H,1,0,H,15,7,6,3,4,2,12,13,1,3,0,0
2020/21,2021-02-13,Brighton & Hove Albion FC,Aston Villa FC,0,0,D,0,0,D,26,4,9,1,9,2,16,12,2,3,0,0
2020/21,2021-02-14,Southampton FC,Wolverhampton Wanderers FC,1,2,A,1,0,H,7,10,3,4,4,6,10,9,2,2,0,0
2020/21,2021-02-14,West Bromwich Albion FC,Manchester United FC,1,1,D,1,1,D,7,10,3,7,4,5,13,10,5,0,0,0
2020/21,2021-02-14,Arsenal FC,Leeds United FC,4,2,H,3,0,H,13,9,5,5,4,5,8,17,0,2,0,0
2020/21,2021-02-14,Everton FC,Fulham FC,0,2,A,0,0,D,7,12,2,3,5,4,7,16,1,1,0,0
2020/21,2021-02-15,West Ham United FC,Sheffield United FC,3,0,H,1,0,H,13,8,9,5,7,7,11,12,0,2,0,0
2020/21,2021-02-15,Chelsea FC,Newcastle United FC,2,0,H,2,0,H,18,10,5,4,10,5,9,13,0,0,0,0
2020/21,2021-02-17,Burnley FC,Fulham FC,1,1,D,0,0,D,8,8,3,3,5,5,7,13,1,1,0,0
2020/21,2021-02-17,Everton FC,Manchester City FC,1,3,A,1,1,D,3,16,2,7,0,10,8,8,2,1,0,0
2020/21,2021-02-19,Wolverhampton Wanderers FC,Leeds United FC,1,0,H,0,0,D,15,18,5,7,7,9,13,8,1,0,0,0
2020/21,2021-02-20,Southampton FC,Chelsea FC,1,1,D,1,0,H,4,9,1,3,3,6,10,10,1,1,0,0
2020/21,2021-02-20,Burnley FC,West Bromwich Albion FC,0,0,D,0,0,D,6,10,1,3,5,5,16,10,3,0,0,1
2020/21,2021-02-20,Liverpool FC,Everton FC,0,2,A,0,1,A,15,9,6,6,7,2,10,10,2,1,0,0
2020/21,2021-02-20,Fulham FC,Sheffield United FC,1,0,H,0,0,D,15,4,7,2,6,4,11,14,1,2,0,0
2020/21,2021-02-21,West Ham United FC,Tottenham Hotspur FC,2,1,H,1,0,H,4,20,4,4,5,7,14,7,4,3,0,0
2020/21,2021-02-21,Aston Villa FC,Leicester City FC,1,2,A,0,2,A,11,16,2,7,7,8,11,12,2,1,0,0
2020/21,2021-02-21,Arsenal FC,Manchester City FC,0,1,A,0,1,A,7,15,1,3,1,3,11,9,2,2,0,0
2020/21,2021-02-21,Manchester United FC,Newcastle United FC,3,1,H,1,1,D,15,10,7,6,6,4,9,11,1,2,0,0
2020/21,2021-02-22,Brighton & Hove Albion FC,Crystal Palace FC,1,2,A,0,1,A,25,3,5,2,13,0,11,6,2,0,0,0
2020/21,2021-02-23,Leeds United FC,Southampton FC,3,0,H,0,0,D,11,13,7,5,2,4,11,13,1,2,0,0
2020/21,2021-02-27,Manchester City FC,West Ham United FC,2,1,H,1,1,D,10,9,3,3,4,2,8,11,1,1,0,0
2020/21,2021-02-27,West Bromwich Albion FC,Brighton & Hove Albion FC,1,0,H,1,0,H,6,15,2,6,7,4,11,12,0,0,0,0
2020/21,2021-02-27,Leeds United FC,Aston Villa FC,0,1,A,0,1,A,13,9,3,4,7,5,14,14,3,2,0,0
2020/21,2021-02-27,Newcastle United FC,Wolverhampton Wanderers FC,1,1,D,0,0,D,19,14,7,4,3,5,11,13,2,0,0,0
2020/21,2021-02-28,Crystal Palace FC,Fulham FC,0,0,D,0,0,D,3,16,0,4,1,3,10,14,1,1,0,0
2020/21,2021-02-28,Leicester City FC,Arsenal FC,1,3,A,1,2,A,8,12,3,4,2,7,15,3,2,1,0,0
2020/21,2021-02-28,Tottenham Hotspur FC,Burnley FC,4,0,H,3,0,H,16,10,7,3,3,4,6,10,0,0,0,0
2020/21,2021-02-28,Chelsea FC,Manchester United FC,0,0,D,0,0,D,18,11,6,4,3,4,11,12,1,2,0,0
2020/21,2021-02-28,Sheffield United FC,Liverpool FC,0,2,A,0,0,D,8,16,2,8,4,3,9,9,0,0,0,0
2020/21,2021-03-01,Everton FC,Southampton FC,1,0,H,1,0,H,7,9,1,1,4,10,13,9,0,2,0,0
2020/21,2021-03-02,Manchester City FC,Wolverhampton Wanderers FC,4,1,H,1,0,H,22,6,10,1,10,2,9,5,0,1,0,0
2020/21,2021-03-03,Burnley FC,Leicester City FC,1,1,D,1,1,D,12,15,7,4,5,8,6,12,0,2,0,0
2020/21,2021-03-03,Sheffield United FC,Aston Villa FC,1,0,H,1,0,H,9,16,2,4,2,7,13,6,1,0,1,0
2020/21,2021-03-03,Crystal Palace FC,Manchester United FC,0,0,D,0,0,D,8,11,2,1,4,6,4,13,1,0,0,0
2020/21,2021-03-04,Fulham FC,Tottenham Hotspur FC,0,1,A,0,1,A,11,9,3,2,4,1,13,9,2,1,0,0
2020/21,2021-03-04,West Bromwich Albion FC,Everton FC,0,1,A,0,0,D,11,11,3,3,3,3,9,7,3,1,0,0
2020/21,2021-03-04,Liverpool FC,Chelsea FC,0,1,A,0,1,A,7,11,1,5,5,2,9,8,0,0,0,0
2020/21,2021-03-06,Burnley FC,Arsenal FC,1,1,D,1,1,D,9,15,5,3,2,4,5,12,1,1,0,0
2020/21,2021-03-06,Sheffield United FC,Southampton FC,0,2,A,0,1,A,8,15,2,5,7,3,17,11,4,3,0,0
2020/21,2021-03-06,Aston Villa FC,Wolverhampton Wanderers FC,0,0,D,0,0,D,9,10,1,2,5,3,13,13,1,0,0,0
2020/21,2021-03-06,Brighton & Hove Albion FC,Leicester City FC,1,2,A,1,0,H,7,8,2,4,6,6,14,8,0,1,0,0
2020/21,2021-03-07,West Bromwich Albion FC,Newcastle United FC,0,0,D,0,0,D,13,9,3,5,9,7,11,10,0,0,0,0
2020/21,2021-03-07,Liverpool FC,Fulham FC,0,1,A,0,1,A,16,10,3,3,9,4,10,8,2,3,0,0
2020/21,2021-03-07,Manchester City FC,Manchester United FC,0,2,A,0,1,A,23,8,6,6,6,2,9,12,0,3,0,0
2020/21,2021-03-07,Tottenham Hotspur FC,Crystal Palace FC,4,1,H,1,1,D,12,5,5,1,1,5,8,17,2,3,0,0
2020/21,2021-03-08,Chelsea FC,Everton FC,2,0,H,1,0,H,19,7,9,1,7,3,11,12,0,3,0,0
2020/21,2021-03-08,West Ham United FC,Leeds United FC,2,0,H,2,0,H,16,17,5,2,6,6,9,9,1,1,0,0
2020/21,2021-03-10,Manchester City FC,Southampton FC,5,2,H,3,1,H,17,11,10,6,5,5,6,4,1,0,0,0
2020/21,2021-03-12,Newcastle United FC,Aston Villa FC,1,1,D,0,0,D,12,15,3,6,2,2,10,10,2,3,0,0
2020/21,2021-03-13,Leeds United FC,Chelsea FC,0,0,D,0,0,D,7,15,4,8,8,5,16,6,3,0,0,0
2020/21,2021-03-13,Crystal Palace FC,West Bromwich Albion FC,1,0,H,1,0,H,6,12,4,1,3,2,16,15,3,1,0,0
2020/21,2021-03-13,Everton FC,Burnley FC,1,2,A,1,2,A,14,14,4,5,7,4,9,6,0,4,0,0
2020/21,2021-03-13,Fulham FC,Manchester City FC,0,3,A,0,0,D,3,8,0,7,4,2,14,13,0,0,0,0
2020/21,2021-03-14,Southampton FC,Brighton & Hove Albion FC,1,2,A,1,1,D,9,8,4,6,4,5,11,10,0,0,0,0
2020/21,2021-03-14,Leicester City FC,Sheffield United FC,5,0,H,1,0,H,19,1,10,0,9,1,10,9,0,2,0,0
2020/21,2021-03-14,Arsenal FC,Tottenham Hotspur FC,2,1,H,1,1,D,13,6,3,3,6,3,12,14,1,2,0,1
2020/21,2021-03-14,Manchester United FC,West Ham United FC,1,0,H,0,0,D,15,7,4,0,6,3,12,2,4,0,0,0
2020/21,2021-03-15,Wolverhampton Wanderers FC,Liverpool FC,0,1,A,0,1,A,10,12,5,4,3,2,17,10,2,1,0,0
2020/21,2021-03-19,Fulham FC,Leeds United FC,1,2,A,1,1,D,13,13,6,4,13,7,13,12,2,2,0,0
2020/21,2021-03-20,Brighton & Hove Albion FC,Newcastle United FC,3,0,H,1,0,H,11,3,6,1,3,1,12,5,0,1,0,0
2020/21,2021-03-21,West Ham United FC,Arsenal FC,3,3,D,3,1,H,15,16,5,7,3,5,18,8,3,1,0,0
2020/21,2021-03-21,Aston Villa FC,Tottenham Hotspur FC,0,2,A,0,1,A,8,9,1,3,5,8,18,13,3,2,0,0
2020/21,2021-04-03,Chelsea FC,West Bromwich Albion FC,2,5,A,1,2,A,18,14,8,7,10,3,11,6,1,1,1,0
2020/21,2021-04-03,Leeds United FC,Sheffield United FC,2,1,H,1,1,D,23,9,8,1,5,7,12,13,1,2,0,0
2020/21,2021-04-03,Leicester City FC,Manchester City FC,0,2,A,0,0,D,5,11,2,4,1,1,13,12,2,3,0,0
2020/21,2021-04-03,Arsenal FC,Liverpool FC,0,3,A,0,0,D,3,16,2,7,1,2,10,10,1,1,0,0
2020/21,2021-04-04,Southampton FC,Burnley FC,3,2,H,2,2,D,24,7,9,5,6,7,11,10,0,0,0,0
2020/21,2021-04-04,Newcastle United FC,Tottenham Hotspur FC,2,2,D,1,2,A,22,11,6,5,7,3,13,14,3,2,0,0
2020/21,2021-04-04,Aston Villa FC,Fulham FC,3,1,H,0,0,D,14,15,4,7,4,4,14,20,1,2,0,0
2020/21,2021-04-04,Manchester United FC,Brighton & Hove Albion FC,2,1,H,0,1,A,15,5,7,3,5,6,14,7,2,2,0,0
2020/21,2021-04-05,Everton FC,Crystal Palace FC,1,1,D,0,0,D,15,13,7,6,3,4,10,10,2,0,0,0
2020/21,2021-04-05,Wolverhampton Wanderers FC,West Ham United FC,2,3,A,1,3,A,20,9,5,6,4,2,9,9,1,4,0,0
2020/21,2021-04-09,Fulham FC,Wolverhampton Wanderers FC,0,1,A,0,0,D,14,7,3,3,3,4,11,8,0,0,0,0
2020/21,2021-04-10,Manchester City FC,Leeds United FC,1,2,A,0,1,A,29,2,7,2,9,3,12,15,3,1,0,1
2020/21,2021-04-10,Liverpool FC,Aston Villa FC,2,1,H,0,1,A,23,9,10,5,7,0,16,11,2,4,0,0
2020/21,2021-04-10,Crystal Palace FC,Chelsea FC,1,4,A,0,3,A,1,23,1,10,0,8,7,12,1,0,0,0
2020/21,2021-04-11,Burnley FC,Newcastle United FC,1,2,A,1,0,H,24,10,4,5,13,3,11,12,1,0,0,0
2020/21,2021-04-11,West Ham United FC,Leicester City FC,3,2,H,2,0,H,4,15,4,5,1,9,7,13,3,3,0,0
2020/21,2021-04-11,Tottenham Hotspur FC,Manchester United FC,1,3,A,1,0,H,12,12,3,7,7,5,11,15,1,5,0,0
2020/21,2021-04-11,Sheffield United FC,Arsenal FC,0,3,A,0,1,A,7,14,2,5,2,4,9,6,1,1,0,0
2020/21,2021-04-12,West Bromwich Albion FC,Southampton FC,3,0,H,2,0,H,15,14,6,4,5,10,12,11,0,1,0,0
2020/21,2021-04-12,Brighton & Hove Albion FC,Everton FC,0,0,D,0,0,D,23,8,3,1,10,3,12,7,1,2,0,0
2020/21,2021-04-16,Everton FC,Tottenham Hotspur FC,2,2,D,1,1,D,18,12,7,3,6,3,8,8,1,1,0,0
2020/21,2021-04-17,Newcastle United FC,West Ham United FC,3,2,H,2,0,H,16,16,8,6,3,8,9,7,2,0,0,1
2020/21,2021-04-17,Wolverhampton Wanderers FC,Sheffield United FC,1,0,H,0,0,D,10,8,5,2,3,3,8,15,1,2,0,0
2020/21,2021-04-18,Arsenal FC,Fulham FC,1,1,D,0,0,D,18,3,5,1,11,1,9,11,0,3,0,0
2020/21,2021-04-18,Manchester United FC,Burnley FC,3,1,H,0,0,D,17,10,9,3,8,3,9,12,1,2,0,0
2020/21,2021-04-19,Leeds United FC,Liverpool FC,1,1,D,0,1,A,12,17,5,7,10,8,17,15,2,1,0,0
2020/21,2021-04-20,Chelsea FC,Brighton & Hove Albion FC,0,0,D,0,0,D,7,11,4,2,0,3,8,9,2,0,0,1
2020/21,2021-04-21,Tottenham Hotspur FC,Southampton FC,2,1,H,0,1,A,12,10,3,5,5,5,10,14,2,1,0,0
2020/21,2021-04-21,Aston Villa FC,Manchester City FC,1,2,A,1,2,A,8,13,3,3,1,11,12,7,0,1,1,1
2020/21,2021-04-22,Leicester City FC,West Bromwich Albion FC,3,0,H,3,0,H,17,4,7,1,7,3,13,12,0,2,0,0
2020/21,2021-04-23,Arsenal FC,Everton FC,0,1,A,0,0,D,14,8,3,1,7,3,13,10,1,3,0,0
2020/21,2021-04-24,Liverpool FC,Newcastle United FC,1,1,D,1,0,H,22,7,9,4,6,3,9,7,2,1,0,0
2020/21,2021-04-24,West Ham United FC,Chelsea FC,0,1,A,0,1,A,9,17,2,6,4,2,9,11,0,4,1,0
2020/21,2021-04-24,Sheffield United FC,Brighton & Hove Albion FC,1,0,H,1,0,H,7,17,3,4,2,12,13,7,3,0,0,0
2020/21,2021-04-25,Wolverhampton Wanderers FC,Burnley FC,0,4,A,0,3,A,12,14,2,7,8,5,8,9,1,2,0,0
2020/21,2021-04-25,Leeds United FC,Manchester United FC,0,0,D,0,0,D,6,16,3,4,2,6,21,11,4,1,0,0
2020/21,2021-04-25,Aston Villa FC,West Bromwich Albion FC,2,2,D,1,1,D,24,10,11,4,11,4,14,9,0,2,0,0
2020/21,2021-04-26,Leicester City FC,Crystal Palace FC,2,1,H,0,1,A,13,4,5,2,7,2,13,12,0,1,0,0
2020/21,2021-04-30,Southampton FC,Leicester City FC,1,1,D,0,0,D,5,23,3,9,0,10,9,13,1,0,1,0
2020/21,2021-05-01,Crystal Palace FC,Manchester City FC,0,2,A,0,0,D,9,20,4,3,2,6,9,10,2,0,0,0
2020/21,2021-05-01,Brighton & Hove Albion FC,Leeds United FC,2,0,H,1,0,H,17,11,5,2,2,9,17,6,1,1,0,0
2020/21,2021-05-01,Chelsea FC,Fulham FC,2,0,H,1,0,H,9,10,5,3,1,8,15,8,1,1,0,0
2020/21,2021-05-01,Everton FC,Aston Villa FC,1,2,A,1,1,D,16,13,3,5,3,6,10,13,0,2,0,0
2020/21,2021-05-02,Newcastle United FC,Arsenal FC,0,2,A,0,1,A,5,19,1,5,3,7,10,9,2,1,1,0
2020/21,2021-05-02,Tottenham Hotspur FC,Sheffield United FC,4,0,H,1,0,H,20,8,11,1,6,6,8,9,1,1,0,0
2020/21,2021-05-03,West Bromwich Albion FC,Wolverhampton Wanderers FC,1,1,D,0,1,A,10,20,4,10,5,6,17,11,2,0,0,0
2020/21,2021-05-03,Burnley FC,West Ham United FC,1,2,A,1,2,A,8,22,3,4,5,4,4,8,2,1,0,0
2020/21,2021-05-07,Leicester City FC,Newcastle United FC,2,4,A,0,2,A,25,14,9,6,9,6,12,9,1,1,0,0
2020/21,2021-05-08,Leeds United FC,Tottenham Hotspur FC,3,1,H,2,1,H,16,11,7,3,8,6,12,10,1,2,0,0
2020/21,2021-05-08,Sheffield United FC,Crystal Palace FC,0,2,A,0,1,A,7,21,0,8,5,11,11,8,1,1,0,0
2020/21,2021-05-08,Manchester City FC,Chelsea FC,1,2,A,1,0,H,16,12,4,5,6,2,12,10,2,0,0,0
2020/21,2021-05-08,Liverpool FC,Southampton FC,2,0,H,1,0,H,14,12,6,6,8,4,10,6,0,1,0,0
2020/21,2021-05-09,Wolverhampton Wanderers FC,Brighton & Hove Albion FC,2,1,H,0,1,A,16,5,6,3,10,5,12,7,2,2,0,2
2020/21,2021-05-09,Aston Villa FC,Manchester United FC,1,3,A,1,0,H,11,18,5,7,5,6,13,18,1,1,1,0
2020/21,2021-05-09,West Ham United FC,Everton FC,0,1,A,0,1,A,11,9,0,3,5,6,8,10,2,1,0,0
2020/21,2021-05-09,Arsenal FC,West Bromwich Albion FC,3,1,H,2,0,H,15,12,7,1,6,6,7,9,1,2,0,0
2020/21,2021-05-10,Fulham FC,Burnley FC,0,2,A,0,2,A,21,14,3,5,8,4,11,10,2,0,0,0
2020/21,2021-05-11,Manchester United FC,Leicester City FC,1,2,A,1,1,D,4,12,1,3,3,4,9,12,0,0,0,0
2020/21,2021-05-11,Southampton FC,Crystal Palace FC,3,1,H,1,1,D,13,11,6,4,12,8,20,13,2,3,0,0
2020/21,2021-05-12,Chelsea FC,Arsenal FC,0,1,A,0,1,A,19,5,5,2,9,1,7,6,0,1,0,0
2020/21,2021-05-13,Aston Villa FC,Everton FC,0,0,D,0,0,D,13,15,2,5,9,1,9,12,2,0,0,0
2020/21,2021-05-13,Manchester United FC,Liverpool FC,2,4,A,1,2,A,18,17,3,8,6,4,10,12,3,0,0,0
2020/21,2021-05-14,Newcastle United FC,Manchester City FC,3,4,A,2,2,D,11,15,5,6,4,5,11,10,2,2,0,0
2020/21,2021-05-15,Burnley FC,Leeds United FC,0,4,A,0,1,A,16,16,4,6,6,8,10,10,1,1,0,0
2020/21,2021-05-15,Southampton FC,Fulham FC,3,1,H,1,0,H,11,10,7,3,6,5,9,15,0,1,0,0
2020/21,2021-05-15,Brighton & Hove Albion FC,West Ham United FC,1,1,D,0,0,D,10,15,2,3,3,3,7,5,1,1,0,0
2020/21,2021-05-16,Crystal Palace FC,Aston Villa FC,3,2,H,1,2,A,23,19,8,5,7,7,23,13,3,2,0,0
2020/21,2021-05-16,Tottenham Hotspur FC,Wolverhampton Wanderers FC,2,0,H,1,0,H,24,15,13,3,10,3,8,11,1,0,0,0
2020/21,2021-05-16,West Bromwich Albion FC,Liverpool FC,1,2,A,1,1,D,10,26,3,6,9,13,7,14,0,0,0,0
2020/21,2021-05-16,Everton FC,Sheffield United FC,0,1,A,0,1,A,16,10,6,3,11,4,8,12,1,3,0,0
2020/21,2021-05-18,Manchester United FC,Fulham FC,1,1,D,1,0,H,13,8,6,5,6,1,10,15,2,3,0,0
2020/21,2021-05-18,Southampton FC,Leeds United FC,0,2,A,0,0,D,18,15,3,7,4,5,10,12,0,3,0,0
2020/21,2021-05-18,Brighton & Hove Albion FC,Manchester City FC,3,2,H,0,1,A,19,8,6,4,5,3,13,11,3,3,0,1
2020/21,2021-05-18,Chelsea FC,Leicester City FC,2,1,H,0,0,D,17,7,6,3,6,5,15,16,2,4,0,0
2020/21,2021-05-19,Everton FC,Wolverhampton Wanderers FC,1,0,H,0,0,D,14,9,4,3,7,12,11,11,0,2,0,0
2020/21,2021-05-19,Newcastle United FC,Sheffield United FC,1,0,H,1,0,H,16,11,5,1,5,2,7,7,0,2,0,0
2020/21,2021-05-19,Tottenham Hotspur FC,Aston Villa FC,1,2,A,1,2,A,10,20,4,4,4,5,14,13,1,1,0,0
2020/21,2021-05-19,Crystal Palace FC,Arsenal FC,1,3,A,0,1,A,12,6,6,3,6,7,7,7,2,1,0,0
2020/21,2021-05-19,Burnley FC,Liverpool FC,0,3,A,0,1,A,10,20,4,3,6,7,10,7,0,0,0,0
2020/21,2021-05-19,West Bromwich Albion FC,West Ham United FC,1,3,A,1,1,D,14,21,4,9,6,8,8,11,2,2,0,0
2020/21,2021-05-23,Arsenal FC,Brighton & Hove Albion FC,2,0,H,0,0,D,16,5,5,1,11,3,10,8,0,0,0,0
2020/21,2021-05-23,Aston Villa FC,Chelsea FC,2,1,H,1,0,H,6,23,3,7,2,9,11,12,3,3,0,1
2020/21,2021-05-23,Fulham FC,Newcastle United FC,0,2,A,0,1,A,14,10,0,4,5,4,12,6,1,0,0,0
2020/21,2021-05-23,Leeds United FC,West Bromwich Albion FC,3,1,H,2,0,H,17,14,9,5,8,3,12,12,2,1,0,0
2020/21,2021-05-23,Leicester City FC,Tottenham Hotspur FC,2,4,A,1,1,D,10,11,6,4,8,7,9,8,0,2,0,0
2020/21,2021-05-23,Liverpool FC,Crystal Palace FC,2,0,H,1,0,H,19,5,5,4,14,1,10,8,2,2,0,0
2020/21,2021-05-23,Manchester City FC,Everton FC,5,0,H,2,0,H,21,8,11,3,7,5,8,10,2,2,0,0
2020/21,2021-05-23,Sheffield United FC,Burnley FC,1,0,H,1,0,H,12,10,3,3,8,9,11,1,3,1,0,0
2020/21,2021-05-23,West Ham United FC,Southampton FC,3,0,H,2,0,H,14,17,7,5,2,3,5,9,0,3,0,0
2020/21,2021-05-23,Wolverhampton Wanderers FC,Manchester United FC,1,2,A,1,2,A,14,9,4,4,6,2,14,3,4,1,0,0
2021/22,2021-08-13,Brentford FC,Arsenal FC,2,0,H,1,0,H,8,22,3,4,2,5,12,8,0,0,0,0
2021/22,2021-08-14,Manchester United FC,Leeds United FC,5,1,H,1,0,H,16,10,8,3,5,4,11,9,1,2,0,0
2021/22,2021-08-14,Burnley FC,Brighton & Hove Albion FC,1,2,A,1,0,H,14,14,3,8,7,6,10,7,2,1,0,0
2021/22,2021-08-14,Chelsea FC,Crystal Palace FC,3,0,H,2,0,H,13,4,6,1,5,2,15,11,0,0,0,0
2021/22,2021-08-14,Everton FC,Southampton FC,3,1,H,0,1,A,14,6,6,3,6,8,13,15,2,0,0,0
2021/22,2021-08-14,Leicester City FC,Wolverhampton Wanderers FC,1,0,H,1,0,H,9,17,5,3,5,4,6,10,1,2,0,0
2021/22,2021-08-14,Watford FC,Aston Villa FC,3,2,H,2,0,H,13,11,7,2,2,4,18,13,3,1,0,0
2021/22,2021-08-14,Norwich City FC,Liverpool FC,0,3,A,0,1,A,14,19,3,8,3,11,4,14,1,1,0,0
2021/22,2021-08-15,Newcastle United FC,West Ham United FC,2,4,A,2,1,H,17,8,3,9,7,6,4,3,1,0,0,0
2021/22,2021-08-15,Tottenham Hotspur FC,Manchester City FC,1,0,H,0,0,D,13,18,3,4,3,11,11,8,2,1,0,0
2021/22,2021-08-21,Liverpool FC,Burnley FC,2,0,H,1,0,H,27,9,9,3,8,4,6,12,0,0,0,0
2021/22,2021-08-21,Aston Villa FC,Newcastle United FC,2,0,H,1,0,H,10,9,2,1,3,4,8,18,3,4,0,0
2021/22,2021-08-21,Crystal Palace FC,Brentford FC,0,0,D,0,0,D,7,14,2,3,3,5,12,9,3,1,0,0
2021/22,2021-08-21,Leeds United FC,Everton FC,2,2,D,1,1,D,17,17,4,8,8,5,6,13,2,4,0,0
2021/22,2021-08-21,Manchester City FC,Norwich City FC,5,0,H,2,0,H,16,1,4,0,6,1,13,7,1,0,0,0
2021/22,2021-08-21,Brighton & Hove Albion FC,Watford FC,2,0,H,2,0,H,13,10,3,1,7,2,11,6,4,0,0,0
2021/22,2021-08-22,Southampton FC,Manchester United FC,1,1,D,1,0,H,8,15,3,4,7,7,12,10,2,3,0,0
2021/22,2021-08-22,Wolverhampton Wanderers FC,Tottenham Hotspur FC,0,1,A,0,1,A,25,8,6,6,5,4,9,7,1,4,0,0
2021/22,2021-08-22,Arsenal FC,Chelsea FC,0,2,A,0,2,A,6,22,3,5,9,8,10,4,3,0,0,0
2021/22,2021-08-23,West Ham United FC,Leicester City FC,4,1,H,1,0,H,13,5,7,1,10,0,8,8,0,1,0,1
2021/22,2021-08-28,Manchester City FC,Arsenal FC,5,0,H,3,0,H,25,1,10,0,14,0,5,7,1,2,0,1
2021/22,2021-08-28,Aston Villa FC,Brentford FC,1,1,D,1,1,D,7,9,5,2,3,2,15,14,3,3,0,0
2021/22,2021-08-28,Brighton & Hove Albion FC,Everton FC,0,2,A,0,1,A,14,14,3,5,4,5,7,9,1,2,0,0
2021/22,2021-08-28,Newcastle United FC,Southampton FC,2,2,D,0,0,D,10,22,5,6,4,4,11,6,3,3,0,0
2021/22,2021-08-28,Norwich City FC,Leicester City FC,1,2,A,1,1,D,14,9,4,3,9,9,8,9,2,1,0,0
2021/22,2021-08-28,West Ham United FC,Crystal Palace FC,2,2,D,1,0,H,14,9,4,2,5,3,10,7,1,0,0,0
2021/22,2021-08-28,Liverpool FC,Chelsea FC,1,1,D,1,1,D,24,6,7,3,12,3,13,4,0,2,0,1
2021/22,2021-08-29,Burnley FC,Leeds United FC,1,1,D,0,0,D,12,12,3,2,5,5,13,9,4,3,0,0
2021/22,2021-08-29,Tottenham Hotspur FC,Watford FC,1,0,H,1,0,H,15,9,8,2,10,3,8,14,3,3,0,0
2021/22,2021-08-29,Wolverhampton Wanderers FC,Manchester United FC,0,1,A,0,0,D,15,10,6,3,5,7,7,9,3,4,0,0
2021/22,2021-09-11,Crystal Palace FC,Tottenham Hotspur FC,3,0,H,0,0,D,18,2,4,1,8,2,13,15,2,1,0,1
2021/22,2021-09-11,Arsenal FC,Norwich City FC,1,0,H,0,0,D,30,10,7,1,8,4,9,11,1,2,0,0
2021/22,2021-09-11,Brentford FC,Brighton & Hove Albion FC,0,1,A,0,0,D,7,4,1,2,1,6,9,12,3,2,0,0
2021/22,2021-09-11,Leicester City FC,Manchester City FC,0,1,A,0,0,D,6,25,1,8,5,8,4,11,1,2,0,0
2021/22,2021-09-11,Manchester United FC,Newcastle United FC,4,1,H,1,0,H,21,12,7,3,7,3,9,2,1,0,0,0
2021/22,2021-09-11,Southampton FC,West Ham United FC,0,0,D,0,0,D,11,13,3,3,5,4,10,12,3,1,0,1
2021/22,2021-09-11,Watford FC,Wolverhampton Wanderers FC,0,2,A,0,0,D,6,14,2,5,6,8,15,13,3,3,0,0
2021/22,2021-09-11,Chelsea FC,Aston Villa FC,3,0,H,1,0,H,12,18,4,6,4,11,11,11,1,4,0,0
2021/22,2021-09-12,Leeds United FC,Liverpool FC,0,3,A,0,1,A,9,30,4,9,2,11,9,8,2,1,1,0
2021/22,2021-09-13,Everton FC,Burnley FC,3,1,H,0,0,D,14,11,6,6,4,6,3,6,1,1,0,0
2021/22,2021-09-17,Newcastle United FC,Leeds United FC,1,1,D,1,1,D,17,22,7,9,4,5,9,11,2,2,0,0
2021/22,2021-09-18,Wolverhampton Wanderers FC,Brentford FC,0,2,A,0,2,A,11,9,0,3,4,2,10,7,4,2,0,1
2021/22,2021-09-18,Burnley FC,Arsenal FC,0,1,A,0,1,A,18,13,3,3,8,3,9,8,2,1,0,0
2021/22,2021-09-18,Liverpool FC,Crystal Palace FC,3,0,H,1,0,H,25,13,10,2,10,5,17,11,3,1,0,0
2021/22,2021-09-18,Manchester City FC,Southampton FC,0,0,D,0,0,D,18,10,1,2,8,5,5,12,0,2,0,0
2021/22,2021-09-18,Norwich City FC,Watford FC,1,3,A,1,1,D,12,12,5,8,4,8,10,14,1,1,0,0
2021/22,2021-09-18,Aston Villa FC,Everton FC,3,0,H,0,0,D,15,11,3,1,5,4,7,10,1,1,0,0
2021/22,2021-09-19,Brighton & Hove Albion FC,Leicester City FC,2,1,H,1,0,H,12,14,5,3,4,9,8,10,2,1,0,0
2021/22,2021-09-19,West Ham United FC,Manchester United FC,1,2,A,1,1,D,13,17,4,10,2,11,5,8,0,0,0,0
2021/22,2021-09-19,Tottenham Hotspur FC,Chelsea FC,0,3,A,0,0,D,8,20,2,10,5,11,4,15,0,1,0,0
2021/22,2021-09-25,Chelsea FC,Manchester City FC,0,1,A,0,0,D,5,15,0,4,4,13,12,10,3,2,0,0
2021/22,2021-09-25,Manchester United FC,Aston Villa FC,0,1,A,0,0,D,28,7,4,3,5,5,9,13,2,2,0,0
2021/22,2021-09-25,Everton FC,Norwich City FC,2,0,H,1,0,H,11,10,4,2,6,4,12,9,2,3,0,0
2021/22,2021-09-25,Leeds United FC,West Ham United FC,1,2,A,1,0,H,15,20,5,7,5,7,10,6,3,2,0,0
2021/22,2021-09-25,Leicester City FC,Burnley FC,2,2,D,1,2,A,22,9,5,3,8,4,10,8,2,4,0,0
2021/22,2021-09-25,Watford FC,Newcastle United FC,1,1,D,0,1,A,15,20,4,6,5,6,19,12,4,3,0,0
2021/22,2021-09-25,Brentford FC,Liverpool FC,3,3,D,1,1,D,12,16,4,6,2,11,8,7,1,1,0,0
2021/22,2021-09-26,Southampton FC,Wolverhampton Wanderers FC,0,1,A,0,0,D,18,5,6,3,5,5,12,8,0,0,0,0
2021/22,2021-09-26,Arsenal FC,Tottenham Hotspur FC,3,1,H,3,0,H,12,10,7,4,4,4,12,13,2,1,0,0
2021/22,2021-09-27,Crystal Palace FC,Brighton & Hove Albion FC,1,1,D,1,0,H,8,8,3,4,6,5,12,10,2,3,0,0
2021/22,2021-10-02,Manchester United FC,Everton FC,1,1,D,1,0,H,13,12,6,2,10,1,10,9,1,1,0,0
2021/22,2021-10-02,Burnley FC,Norwich City FC,0,0,D,0,0,D,14,10,4,2,9,5,13,3,5,2,0,0
2021/22,2021-10-02,Chelsea FC,Southampton FC,3,1,H,1,0,H,20,6,9,2,7,2,11,13,1,3,0,1
2021/22,2021-10-02,Leeds United FC,Watford FC,1,0,H,1,0,H,20,5,4,1,6,3,10,16,0,3,0,0
2021/22,2021-10-02,Wolverhampton Wanderers FC,Newcastle United FC,2,1,H,1,1,D,7,8,3,2,0,4,15,5,0,2,0,0
2021/22,2021-10-02,Brighton & Hove Albion FC,Arsenal FC,0,0,D,0,0,D,21,8,2,2,8,5,8,5,2,1,0,0
2021/22,2021-10-03,Crystal Palace FC,Leicester City FC,2,2,D,0,2,A,18,9,4,5,1,3,15,11,2,3,0,0
2021/22,2021-10-03,Tottenham Hotspur FC,Aston Villa FC,2,1,H,1,0,H,17,14,8,3,5,8,11,14,2,1,0,0
2021/22,2021-10-03,West Ham United FC,Brentford FC,1,2,A,0,1,A,18,13,5,6,11,6,16,13,2,3,0,0
2021/22,2021-10-03,Liverpool FC,Manchester City FC,2,2,D,0,0,D,6,12,4,3,3,4,10,12,3,3,0,0
2021/22,2021-10-16,Watford FC,Liverpool FC,0,5,A,0,2,A,6,19,2,8,1,9,4,10,0,0,0,0
2021/22,2021-10-16,Aston Villa FC,Wolverhampton Wanderers FC,2,3,A,0,0,D,14,9,5,4,6,7,8,17,2,3,0,0
2021/22,2021-10-16,Leicester City FC,Manchester United FC,4,2,H,1,1,D,22,18,11,6,4,3,5,17,0,3,0,0
2021/22,2021-10-16,Manchester City FC,Burnley FC,2,0,H,1,0,H,15,7,6,2,6,2,11,5,1,0,0,0
2021/22,2021-10-16,Norwich City FC,Brighton & Hove Albion FC,0,0,D,0,0,D,15,11,3,3,8,4,5,14,3,5,0,0
2021/22,2021-10-16,Southampton FC,Leeds United FC,1,0,H,0,0,D,19,3,5,0,8,1,16,14,2,3,0,0
2021/22,2021-10-16,Brentford FC,Chelsea FC,0,1,A,0,1,A,17,5,7,1,5,5,13,8,1,1,0,0
2021/22,2021-10-17,Everton FC,West Ham United FC,0,1,A,0,0,D,15,16,2,4,7,9,3,3,0,2,0,0
2021/22,2021-10-17,Newcastle United FC,Tottenham Hotspur FC,2,3,A,1,3,A,7,14,1,4,2,9,13,4,4,1,1,0
2021/22,2021-10-18,Arsenal FC,Crystal Palace FC,2,2,D,1,0,H,17,9,6,6,6,4,7,4,1,1,0,0
2021/22,2021-10-22,Arsenal FC,Aston Villa FC,3,1,H,2,0,H,22,10,9,4,7,4,17,10,2,5,0,0
2021/22,2021-10-23,Chelsea FC,Norwich City FC,7,0,H,3,0,H,23,3,13,1,5,0,14,16,0,2,0,1
2021/22,2021-10-23,Crystal Palace FC,Newcastle United FC,1,1,D,0,0,D,15,6,3,2,3,7,13,9,3,4,0,0
2021/22,2021-10-23,Everton FC,Watford FC,2,5,A,1,1,D,15,20,4,8,3,5,9,13,4,3,0,0
2021/22,2021-10-23,Leeds United FC,Wolverhampton Wanderers FC,1,1,D,0,1,A,18,8,4,4,6,3,15,14,2,3,0,0
2021/22,2021-10-23,Southampton FC,Burnley FC,2,2,D,1,1,D,16,9,4,5,6,2,10,11,1,3,0,0
2021/22,2021-10-23,Brighton & Hove Albion FC,Manchester City FC,1,4,A,0,3,A,10,23,5,14,7,6,10,6,2,3,0,0
2021/22,2021-10-24,Brentford FC,Leicester City FC,1,2,A,0,1,A,15,10,5,6,9,2,13,7,1,1,0,0
2021/22,2021-10-24,West Ham United FC,Tottenham Hotspur FC,1,0,H,0,0,D,13,7,4,4,2,4,11,4,2,1,0,0
2021/22,2021-10-24,Manchester United FC,Liverpool FC,0,5,A,0,4,A,12,19,4,8,6,3,10,8,6,0,1,0
2021/22,2021-10-30,Leicester City FC,Arsenal FC,0,2,A,0,2,A,16,9,8,5,7,6,8,11,2,0,0,0
2021/22,2021-10-30,Burnley FC,Brentford FC,3,1,H,3,0,H,15,12,6,5,4,2,7,10,1,1,0,0
2021/22,2021-10-30,Liverpool FC,Brighton & Hove Albion FC,2,2,D,2,1,H,14,9,3,6,5,3,8,5,2,2,0,0
2021/22,2021-10-30,Manchester City FC,Crystal Palace FC,0,2,A,0,1,A,14,8,3,3,7,1,11,11,2,3,1,0
2021/22,2021-10-30,Newcastle United FC,Chelsea FC,0,3,A,0,0,D,6,19,1,6,0,2,14,12,3,2,0,0
2021/22,2021-10-30,Watford FC,Southampton FC,0,1,A,0,1,A,10,12,4,1,5,8,16,6,2,2,0,0
2021/22,2021-10-30,Tottenham Hotspur FC,Manchester United FC,0,3,A,0,1,A,9,10,0,4,10,2,12,14,2,3,0,0
2021/22,2021-10-31,Norwich City FC,Leeds United FC,1,2,A,0,0,D,14,13,3,6,5,0,14,23,1,4,0,0
2021/22,2021-10-31,Aston Villa FC,West Ham United FC,1,4,A,1,2,A,9,21,3,9,3,6,7,13,1,2,1,0
2021/22,2021-11-01,Wolverhampton Wanderers FC,Everton FC,2,1,H,2,0,H,10,14,4,5,4,3,10,8,1,1,0,0
2021/22,2021-11-05,Southampton FC,Aston Villa FC,1,0,H,1,0,H,9,14,3,3,10,8,12,12,2,2,0,0
2021/22,2021-11-06,Manchester United FC,Manchester City FC,0,2,A,0,2,A,5,16,1,5,1,9,9,12,1,2,0,0
2021/22,2021-11-06,Brentford FC,Norwich City FC,1,2,A,0,2,A,19,9,7,5,6,2,12,13,2,3,0,0
2021/22,2021-11-06,Chelsea FC,Burnley FC,1,1,D,1,0,H,25,5,4,2,14,2,6,9,1,4,0,0
2021/22,2021-11-06,Crystal Palace FC,Wolverhampton Wanderers FC,2,0,H,0,0,D,13,4,6,2,4,6,14,13,2,1,0,0
2021/22,2021-11-06,Brighton & Hove Albion FC,Newcastle United FC,1,1,D,1,0,H,14,6,5,1,2,5,16,10,3,4,1,0
2021/22,2021-11-07,Arsenal FC,Watford FC,1,0,H,0,0,D,14,7,6,1,4,2,6,19,4,2,0,1
2021/22,2021-11-07,Everton FC,Tottenham Hotspur FC,0,0,D,0,0,D,12,8,2,0,4,2,13,17,2,4,1,0
2021/22,2021-11-07,Leeds United FC,Leicester City FC,1,1,D,1,1,D,18,9,5,3,10,5,12,5,1,1,0,0
2021/22,2021-11-07,West Ham United FC,Liverpool FC,3,2,H,1,1,D,7,16,3,5,3,2,11,6,1,1,0,0
2021/22,2021-11-20,Leicester City FC,Chelsea FC,0,3,A,0,2,A,4,16,3,7,3,5,15,8,3,1,0,0
2021/22,2021-11-20,Aston Villa FC,Brighton & Hove Albion FC,2,0,H,0,0,D,9,6,5,2,5,7,7,13,3,3,0,0
2021/22,2021-11-20,Burnley FC,Crystal Palace FC,3,3,D,2,3,A,15,18,9,8,3,6,14,15,2,3,0,0
2021/22,2021-11-20,Newcastle United FC,Brentford FC,3,3,D,2,2,D,23,10,9,4,8,2,13,11,2,2,0,0
2021/22,2021-11-20,Norwich City FC,Southampton FC,2,1,H,1,1,D,8,17,4,5,5,7,8,9,3,2,0,0
2021/22,2021-11-20,Watford FC,Manchester United FC,4,1,H,2,0,H,20,9,7,3,9,3,7,5,2,1,0,1
2021/22,2021-11-20,Wolverhampton Wanderers FC,West Ham United FC,1,0,H,0,0,D,15,8,5,3,7,3,6,9,1,1,0,0
2021/22,2021-11-20,Liverpool FC,Arsenal FC,4,0,H,1,0,H,19,5,9,3,6,1,15,12,2,0,0,0
2021/22,2021-11-21,Manchester City FC,Everton FC,3,0,H,1,0,H,17,4,7,1,7,1,5,7,1,1,0,0
2021/22,2021-11-21,Tottenham Hotspur FC,Leeds United FC,2,1,H,0,1,A,13,18,4,7,4,8,11,12,1,4,0,0
2021/22,2021-11-27,Arsenal FC,Newcastle United FC,2,0,H,0,0,D,24,9,6,5,4,4,6,12,1,3,0,0
2021/22,2021-11-27,Crystal Palace FC,Aston Villa FC,1,2,A,0,1,A,8,10,3,3,7,3,12,10,3,3,0,0
2021/22,2021-11-27,Liverpool FC,Southampton FC,4,0,H,3,0,H,20,7,6,3,5,7,7,14,0,1,0,0
2021/22,2021-11-27,Norwich City FC,Wolverhampton Wanderers FC,0,0,D,0,0,D,14,5,4,2,4,3,11,10,2,2,0,0
2021/22,2021-11-27,Brighton & Hove Albion FC,Leeds United FC,0,0,D,0,0,D,20,11,4,4,6,1,12,14,1,3,0,0
2021/22,2021-11-28,Brentford FC,Everton FC,1,0,H,1,0,H,6,14,4,5,3,3,8,11,4,3,0,0
2021/22,2021-11-28,Leicester City FC,Watford FC,4,2,H,3,1,H,18,16,8,5,8,6,5,19,0,0,0,0
2021/22,2021-11-28,Manchester City FC,West Ham United FC,2,1,H,1,0,H,19,5,9,3,8,4,7,6,2,0,0,0
2021/22,2021-11-28,Chelsea FC,Manchester United FC,1,1,D,0,0,D,24,3,6,2,15,2,13,14,2,5,0,0
2021/22,2021-11-30,Newcastle United FC,Norwich City FC,1,1,D,0,0,D,9,16,1,6,2,5,8,11,0,0,0,1
2021/22,2021-11-30,Leeds United FC,Crystal Palace FC,1,0,H,0,0,D,15,9,3,1,7,4,15,15,5,3,0,0
2021/22,2021-12-01,Southampton FC,Leicester City FC,2,2,D,2,1,H,15,15,7,6,2,4,14,11,1,3,0,0
2021/22,2021-12-01,Watford FC,Chelsea FC,1,2,A,1,1,D,13,8,6,4,6,0,18,16,4,3,0,0
2021/22,2021-12-01,West Ham United FC,Brighton & Hove Albion FC,1,1,D,1,0,H,14,9,6,3,9,5,10,8,1,1,0,0
2021/22,2021-12-01,Wolverhampton Wanderers FC,Burnley FC,0,0,D,0,0,D,16,6,2,1,5,5,5,7,2,3,0,0
2021/22,2021-12-01,Aston Villa FC,Manchester City FC,1,2,A,0,2,A,9,17,3,7,4,11,8,12,0,0,0,0
2021/22,2021-12-01,Everton FC,Liverpool FC,1,4,A,1,2,A,8,16,2,7,3,11,8,16,4,3,0,0
2021/22,2021-12-02,Tottenham Hotspur FC,Brentford FC,2,0,H,1,0,H,11,6,6,2,11,5,13,11,0,0,0,0
2021/22,2021-12-02,Manchester United FC,Arsenal FC,3,2,H,1,1,D,14,17,10,8,3,8,9,10,1,0,0,0
2021/22,2021-12-04,West Ham United FC,Chelsea FC,3,2,H,1,2,A,11,19,5,7,1,9,10,10,1,3,0,0
2021/22,2021-12-04,Newcastle United FC,Burnley FC,1,0,H,1,0,H,19,10,4,1,10,3,11,9,1,1,0,0
2021/22,2021-12-04,Southampton FC,Brighton & Hove Albion FC,1,1,D,1,0,H,14,14,4,4,6,2,15,12,4,2,0,0
2021/22,2021-12-04,Wolverhampton Wanderers FC,Liverpool FC,0,1,A,0,0,D,3,17,1,5,2,8,4,7,2,2,0,0
2021/22,2021-12-04,Watford FC,Manchester City FC,1,3,A,0,2,A,11,26,4,13,5,11,10,7,3,0,0,0
2021/22,2021-12-05,Leeds United FC,Brentford FC,2,2,D,1,0,H,13,9,6,3,5,1,11,9,5,3,0,0
2021/22,2021-12-05,Manchester United FC,Crystal Palace FC,1,0,H,0,0,D,16,8,3,2,9,6,16,9,2,2,0,0
2021/22,2021-12-05,Tottenham Hotspur FC,Norwich City FC,3,0,H,1,0,H,17,10,7,1,6,4,11,4,1,2,0,0
2021/22,2021-12-05,Aston Villa FC,Leicester City FC,2,1,H,1,1,D,13,12,4,5,3,6,8,25,1,1,0,0
2021/22,2021-12-06,Everton FC,Arsenal FC,2,1,H,0,1,A,11,10,5,3,3,3,8,12,2,2,0,0
2021/22,2021-12-10,Brentford FC,Watford FC,2,1,H,0,1,A,14,6,5,2,8,2,12,18,4,0,0,0
2021/22,2021-12-11,Manchester City FC,Wolverhampton Wanderers FC,1,0,H,0,0,D,24,2,10,1,14,1,12,5,3,2,0,1
2021/22,2021-12-11,Arsenal FC,Southampton FC,3,0,H,2,0,H,15,11,5,6,9,8,5,9,2,0,0,0
2021/22,2021-12-11,Chelsea FC,Leeds United FC,3,2,H,1,1,D,16,12,6,5,5,2,9,15,2,5,0,0
2021/22,2021-12-11,Liverpool FC,Aston Villa FC,1,0,H,0,0,D,20,4,5,0,11,3,13,6,1,2,0,0
2021/22,2021-12-11,Norwich City FC,Manchester United FC,0,1,A,0,0,D,11,13,5,5,8,6,6,17,1,1,0,0
2021/22,2021-12-12,Burnley FC,West Ham United FC,0,0,D,0,0,D,9,16,1,3,6,4,13,11,2,1,0,0
2021/22,2021-12-12,Leicester City FC,Newcastle United FC,4,0,H,1,0,H,8,12,5,3,4,6,9,16,2,3,0,0
2021/22,2021-12-12,Crystal Palace FC,Everton FC,3,1,H,1,0,H,17,12,6,6,8,2,15,14,0,2,0,0
2021/22,2021-12-14,Norwich City FC,Aston Villa FC,0,2,A,0,1,A,7,17,3,6,7,10,12,9,3,1,0,0
2021/22,2021-12-14,Manchester City FC,Leeds United FC,7,0,H,3,0,H,31,6,15,3,6,2,5,9,1,1,0,0
2021/22,2021-12-15,Brighton & Hove Albion FC,Wolverhampton Wanderers FC,0,1,A,0,1,A,12,8,2,5,7,4,11,14,2,0,0,0
2021/22,2021-12-15,Crystal Palace FC,Southampton FC,2,2,D,1,2,A,9,15,6,4,4,6,16,20,2,4,0,0
2021/22,2021-12-15,Arsenal FC,West Ham United FC,2,0,H,0,0,D,21,7,8,1,5,2,8,9,2,0,0,1
2021/22,2021-12-16,Chelsea FC,Everton FC,1,1,D,0,0,D,23,5,10,3,7,1,11,11,2,3,0,0
2021/22,2021-12-16,Liverpool FC,Newcastle United FC,3,1,H,2,1,H,23,4,8,2,11,0,9,4,1,3,0,0
2021/22,2021-12-18,Leeds United FC,Arsenal FC,1,4,A,0,3,A,9,21,2,12,1,4,11,7,3,1,0,0
2021/22,2021-12-19,Newcastle United FC,Manchester City FC,0,4,A,0,2,A,5,18,1,7,3,6,9,6,1,2,0,0
2021/22,2021-12-19,Wolverhampton Wanderers FC,Chelsea FC,0,0,D,0,0,D,4,8,1,1,4,9,9,7,0,2,0,0
2021/22,2021-12-19,Tottenham Hotspur FC,Liverpool FC,2,2,D,1,1,D,10,18,5,6,6,4,12,11,4,4,0,1
2021/22,2021-12-26,Manchester City FC,Leicester City FC,6,3,H,4,0,H,17,14,9,8,14,4,11,9,1,2,0,0
2021/22,2021-12-26,Norwich City FC,Arsenal FC,0,5,A,0,2,A,4,16,2,6,3,5,13,7,1,2,0,0
2021/22,2021-12-26,Tottenham Hotspur FC,Crystal Palace FC,3,0,H,2,0,H,17,4,6,0,4,2,16,10,1,1,0,1
2021/22,2021-12-26,West Ham United FC,Southampton FC,2,3,A,0,1,A,11,11,5,6,10,2,10,9,2,3,0,0
2021/22,2021-12-26,Aston Villa FC,Chelsea FC,1,3,A,1,1,D,8,10,1,4,2,5,8,11,3,1,0,0
2021/22,2021-12-26,Brighton & Hove Albion FC,Brentford FC,2,0,H,2,0,H,15,16,5,6,6,9,8,10,1,3,0,0
2021/22,2021-12-27,Newcastle United FC,Manchester United FC,1,1,D,1,0,H,13,13,8,4,2,4,11,8,3,3,0,0
2021/22,2021-12-28,Crystal Palace FC,Norwich City FC,3,0,H,3,0,H,19,12,6,3,8,8,9,13,1,2,0,0
2021/22,2021-12-28,Southampton FC,Tottenham Hotspur FC,1,1,D,1,1,D,9,21,2,11,3,7,15,5,2,2,1,0
2021/22,2021-12-28,Watford FC,West Ham United FC,1,4,A,1,2,A,14,13,5,6,4,5,12,12,0,1,0,0
2021/22,2021-12-28,Leicester City FC,Liverpool FC,1,0,H,0,0,D,6,21,1,4,1,12,8,11,0,1,0,0
2021/22,2021-12-29,Chelsea FC,Brighton & Hove Albion FC,1,1,D,1,0,H,11,18,5,6,10,8,14,7,4,1,0,0
2021/22,2021-12-29,Brentford FC,Manchester City FC,0,1,A,0,1,A,6,12,2,3,3,5,12,10,0,0,0,0
2021/22,2021-12-30,Manchester United FC,Burnley FC,3,1,H,3,1,H,18,10,6,3,7,5,5,10,0,0,0,0
2021/22,2022-01-01,Arsenal FC,Manchester City FC,1,2,A,1,0,H,7,15,2,2,5,5,13,5,3,2,1,0
2021/22,2022-01-01,Watford FC,Tottenham Hotspur FC,0,1,A,0,0,D,6,21,4,9,3,7,6,9,0,1,0,0
2021/22,2022-01-01,Crystal Palace FC,West Ham United FC,2,3,A,0,3,A,22,10,6,5,9,1,6,16,0,2,0,0
2021/22,2022-01-02,Brentford FC,Aston Villa FC,2,1,H,1,1,D,10,16,4,5,3,7,17,11,2,2,0,0
2021/22,2022-01-02,Everton FC,Brighton & Hove Albion FC,2,3,A,0,2,A,17,12,6,5,8,5,5,12,1,1,0,0
2021/22,2022-01-02,Leeds United FC,Burnley FC,3,1,H,1,0,H,22,8,7,2,9,3,11,7,2,1,0,0
2021/22,2022-01-02,Chelsea FC,Liverpool FC,2,2,D,2,2,D,15,10,6,6,6,7,5,13,1,2,0,0
2021/22,2022-01-03,Manchester United FC,Wolverhampton Wanderers FC,0,1,A,0,0,D,9,19,2,6,3,8,9,8,3,1,0,0
2021/22,2022-01-11,Southampton FC,Brentford FC,4,1,H,2,1,H,12,5,6,4,5,2,9,8,0,1,0,0
2021/22,2022-01-12,West Ham United FC,Norwich City FC,2,0,H,1,0,H,13,7,5,3,11,2,9,8,0,0,0,0
2021/22,2022-01-14,Brighton & Hove Albion FC,Crystal Palace FC,1,1,D,0,0,D,19,3,4,1,9,0,11,7,0,2,0,0
2021/22,2022-01-15,Manchester City FC,Chelsea FC,1,0,H,0,0,D,11,4,6,1,9,1,11,6,0,2,0,0
2021/22,2022-01-15,Newcastle United FC,Watford FC,1,1,D,0,0,D,12,18,1,5,4,6,13,13,3,2,0,0
2021/22,2022-01-15,Norwich City FC,Everton FC,2,1,H,2,0,H,14,12,3,5,8,8,12,14,3,1,0,0
2021/22,2022-01-15,Wolverhampton Wanderers FC,Southampton FC,3,1,H,1,0,H,9,13,5,10,2,10,13,14,2,3,0,0
2021/22,2022-01-15,Aston Villa FC,Manchester United FC,2,2,D,0,1,A,13,13,9,6,3,6,8,13,1,2,0,0
2021/22,2022-01-16,Liverpool FC,Brentford FC,3,0,H,1,0,H,27,6,13,1,9,0,6,6,0,1,0,0
2021/22,2022-01-16,West Ham United FC,Leeds United FC,2,3,A,1,2,A,15,18,5,5,4,3,6,9,3,2,0,0
2021/22,2022-01-18,Brighton & Hove Albion FC,Chelsea FC,1,1,D,0,1,A,10,15,2,3,5,7,8,5,1,2,0,0
2021/22,2022-01-19,Leicester City FC,Tottenham Hotspur FC,2,3,A,1,1,D,14,27,4,10,3,8,6,12,1,2,0,0
2021/22,2022-01-19,Brentford FC,Manchester United FC,1,3,A,0,0,D,18,13,8,5,6,9,7,9,0,0,0,0
2021/22,2022-01-21,Watford FC,Norwich City FC,0,3,A,0,0,D,15,7,4,2,5,1,16,11,0,1,1,0
2021/22,2022-01-22,Everton FC,Aston Villa FC,0,1,A,0,1,A,15,8,1,3,9,2,14,16,5,3,0,0
2021/22,2022-01-22,Brentford FC,Wolverhampton Wanderers FC,1,2,A,0,0,D,11,7,1,2,6,3,6,7,2,3,0,0
2021/22,2022-01-22,Leeds United FC,Newcastle United FC,0,1,A,0,0,D,13,15,4,3,6,7,9,9,4,2,0,0
2021/22,2022-01-22,Manchester United FC,West Ham United FC,1,0,H,0,0,D,18,6,3,1,3,3,9,8,1,1,0,0
2021/22,2022-01-22,Southampton FC,Manchester City FC,1,1,D,1,0,H,7,20,3,5,2,11,13,5,3,0,0,0
2021/22,2022-01-23,Arsenal FC,Burnley FC,0,0,D,0,0,D,20,10,5,1,12,4,9,13,0,2,0,0
2021/22,2022-01-23,Crystal Palace FC,Liverpool FC,1,3,A,0,2,A,8,15,5,7,2,5,12,10,4,1,0,0
2021/22,2022-01-23,Leicester City FC,Brighton & Hove Albion FC,1,1,D,0,0,D,15,14,5,5,4,5,6,8,0,1,0,0
2021/22,2022-01-23,Chelsea FC,Tottenham Hotspur FC,2,0,H,0,0,D,15,6,7,3,10,3,17,14,2,1,0,0
2021/22,2022-02-05,Burnley FC,Watford FC,0,0,D,0,0,D,13,11,2,5,4,7,16,9,1,2,0,0
2021/22,2022-02-08,Newcastle United FC,Everton FC,3,1,H,1,1,D,20,11,9,3,6,2,13,13,2,3,0,0
2021/22,2022-02-08,West Ham United FC,Watford FC,1,0,H,0,0,D,9,6,3,1,5,6,1,6,1,0,0,0
2021/22,2022-02-08,Burnley FC,Manchester United FC,1,1,D,0,1,A,9,22,3,5,2,10,11,10,2,1,0,0
2021/22,2022-02-09,Manchester City FC,Brentford FC,2,0,H,1,0,H,15,6,7,2,9,3,7,13,0,0,0,0
2021/22,2022-02-09,Norwich City FC,Crystal Palace FC,1,1,D,1,0,H,5,13,1,5,4,6,11,15,1,2,0,0
2021/22,2022-02-09,Tottenham Hotspur FC,Southampton FC,2,3,A,1,1,D,8,23,3,10,2,8,7,13,2,3,0,0
2021/22,2022-02-09,Aston Villa FC,Leeds United FC,3,3,D,3,2,H,12,16,4,8,6,11,11,9,1,3,1,0
2021/22,2022-02-10,Liverpool FC,Leicester City FC,2,0,H,1,0,H,22,5,11,1,7,6,11,7,1,0,0,0
2021/22,2022-02-10,Wolverhampton Wanderers FC,Arsenal FC,0,1,A,0,1,A,15,12,4,2,7,4,12,13,2,3,0,1
2021/22,2022-02-12,Manchester United FC,Southampton FC,1,1,D,1,0,H,12,13,8,4,1,4,12,13,4,0,0,0
2021/22,2022-02-12,Brentford FC,Crystal Palace FC,0,0,D,0,0,D,9,6,2,3,3,9,10,10,1,0,0,0
2021/22,2022-02-12,Everton FC,Leeds United FC,3,0,H,2,0,H,21,7,10,0,5,3,8,9,1,1,0,0
2021/22,2022-02-12,Watford FC,Brighton & Hove Albion FC,0,2,A,0,1,A,9,11,1,6,4,5,16,9,3,2,0,0
2021/22,2022-02-12,Norwich City FC,Manchester City FC,0,4,A,0,1,A,8,22,3,9,4,12,7,8,0,2,0,0
2021/22,2022-02-13,Burnley FC,Liverpool FC,0,1,A,0,1,A,8,12,5,4,5,8,7,6,0,1,0,0
2021/22,2022-02-13,Newcastle United FC,Aston Villa FC,1,0,H,1,0,H,10,11,2,1,3,6,22,15,3,4,0,0
2021/22,2022-02-13,Tottenham Hotspur FC,Wolverhampton Wanderers FC,0,2,A,0,2,A,17,11,7,7,7,3,13,13,3,1,0,0
2021/22,2022-02-13,Leicester City FC,West Ham United FC,2,2,D,1,1,D,13,8,2,3,5,4,10,9,1,2,0,0
2021/22,2022-02-15,Manchester United FC,Brighton & Hove Albion FC,2,0,H,0,0,D,19,10,7,3,10,2,8,10,3,1,0,1
2021/22,2022-02-19,West Ham United FC,Newcastle United FC,1,1,D,1,1,D,11,14,3,3,3,7,3,7,3,3,0,0
2021/22,2022-02-19,Arsenal FC,Brentford FC,2,1,H,0,0,D,24,6,8,2,14,0,10,5,1,1,0,0
2021/22,2022-02-19,Aston Villa FC,Watford FC,0,1,A,0,0,D,20,8,1,4,10,5,12,7,1,2,0,0
2021/22,2022-02-19,Brighton & Hove Albion FC,Burnley FC,0,3,A,0,2,A,11,10,1,4,4,4,12,12,1,4,0,0
2021/22,2022-02-19,Crystal Palace FC,Chelsea FC,0,1,A,0,0,D,7,9,0,3,4,4,4,20,1,3,0,0
2021/22,2022-02-19,Liverpool FC,Norwich City FC,3,1,H,0,0,D,29,6,8,1,9,4,7,8,0,1,0,0
2021/22,2022-02-19,Southampton FC,Everton FC,2,0,H,0,0,D,19,9,11,0,4,4,6,9,0,2,0,0
2021/22,2022-02-19,Manchester City FC,Tottenham Hotspur FC,2,3,A,1,1,D,21,6,4,5,10,0,5,7,0,3,0,0
2021/22,2022-02-20,Leeds United FC,Manchester United FC,2,4,A,0,2,A,16,15,6,9,3,3,13,19,6,3,0,0
2021/22,2022-02-20,Wolverhampton Wanderers FC,Leicester City FC,2,1,H,1,1,D,11,17,3,7,7,10,12,9,4,4,0,0
2021/22,2022-02-23,Burnley FC,Tottenham Hotspur FC,1,0,H,0,0,D,15,12,4,2,3,7,8,8,0,0,0,0
2021/22,2022-02-23,Watford FC,Crystal Palace FC,1,4,A,1,2,A,8,7,1,5,6,4,12,9,2,1,0,0
2021/22,2022-02-23,Liverpool FC,Leeds United FC,6,0,H,3,0,H,23,3,15,2,4,0,5,11,0,3,0,0
2021/22,2022-02-24,Arsenal FC,Wolverhampton Wanderers FC,2,1,H,0,1,A,26,6,5,2,5,4,8,9,1,1,0,0
2021/22,2022-02-25,Southampton FC,Norwich City FC,2,0,H,1,0,H,27,8,9,1,13,6,12,9,1,2,0,0
2021/22,2022-02-26,Leeds United FC,Tottenham Hotspur FC,0,4,A,0,3,A,19,15,3,11,3,6,16,11,4,2,0,0
2021/22,2022-02-26,Brentford FC,Newcastle United FC,0,2,A,0,2,A,6,26,1,11,6,6,9,7,3,1,1,0
2021/22,2022-02-26,Crystal Palace FC,Burnley FC,1,1,D,1,0,H,11,5,4,1,5,4,5,17,0,2,0,0
2021/22,2022-02-26,Manchester United FC,Watford FC,0,0,D,0,0,D,22,10,3,2,4,3,2,7,0,0,0,0
2021/22,2022-02-26,Brighton & Hove Albion FC,Aston Villa FC,0,2,A,0,1,A,12,9,1,4,7,2,17,11,4,5,0,0
2021/22,2022-02-26,Everton FC,Manchester City FC,0,1,A,0,0,D,6,13,2,8,3,4,7,14,3,2,0,0
2021/22,2022-02-27,West Ham United FC,Wolverhampton Wanderers FC,1,0,H,0,0,D,13,14,4,1,3,5,8,2,1,0,0,0
2021/22,2022-03-01,Burnley FC,Leicester City FC,0,2,A,0,0,D,9,22,2,6,6,8,10,13,1,1,0,0
2021/22,2022-03-05,Leicester City FC,Leeds United FC,1,0,H,0,0,D,7,19,4,4,5,10,9,12,1,2,0,0
2021/22,2022-03-05,Aston Villa FC,Southampton FC,4,0,H,2,0,H,14,11,9,1,4,7,10,8,1,1,0,0
2021/22,2022-03-05,Burnley FC,Chelsea FC,0,4,A,0,0,D,6,11,1,5,5,2,12,7,2,0,0,0
2021/22,2022-03-05,Newcastle United FC,Brighton & Hove Albion FC,2,1,H,2,0,H,10,15,4,4,4,7,8,10,1,1,0,0
2021/22,2022-03-05,Norwich City FC,Brentford FC,1,3,A,0,1,A,15,10,7,6,5,5,13,18,2,5,0,0
2021/22,2022-03-05,Wolverhampton Wanderers FC,Crystal Palace FC,0,2,A,0,2,A,12,12,5,8,7,7,13,8,0,3,0,0
2021/22,2022-03-05,Liverpool FC,West Ham United FC,1,0,H,1,0,H,22,13,5,5,4,6,7,7,2,1,0,0
2021/22,2022-03-06,Watford FC,Arsenal FC,2,3,A,1,2,A,13,16,7,4,1,5,5,11,1,2,0,0
2021/22,2022-03-06,Manchester City FC,Manchester United FC,4,1,H,2,1,H,24,5,10,2,9,3,10,14,0,1,0,0
2021/22,2022-03-07,Tottenham Hotspur FC,Everton FC,5,0,H,3,0,H,14,6,7,0,5,2,15,10,2,0,0,0
2021/22,2022-03-10,Norwich City FC,Chelsea FC,1,3,A,0,2,A,9,15,3,7,3,8,8,15,0,2,0,0
2021/22,2022-03-10,Southampton FC,Newcastle United FC,1,2,A,1,1,D,14,8,5,4,12,5,6,7,1,1,0,0
2021/22,2022-03-10,Wolverhampton Wanderers FC,Watford FC,4,0,H,2,0,H,10,9,5,0,5,2,11,10,2,2,0,0
2021/22,2022-03-10,Leeds United FC,Aston Villa FC,0,3,A,0,1,A,4,15,1,9,3,5,17,11,5,3,0,0
2021/22,2022-03-12,Brighton & Hove Albion FC,Liverpool FC,0,2,A,0,1,A,8,18,3,9,7,6,12,15,3,1,0,0
2021/22,2022-03-12,Brentford FC,Burnley FC,2,0,H,0,0,D,13,7,4,1,2,9,6,10,1,1,0,1
2021/22,2022-03-12,Manchester United FC,Tottenham Hotspur FC,3,2,H,2,1,H,10,10,6,3,4,5,8,7,2,1,0,0
2021/22,2022-03-13,Chelsea FC,Newcastle United FC,1,0,H,0,0,D,8,7,3,2,7,2,17,16,4,3,0,0
2021/22,2022-03-13,Everton FC,Wolverhampton Wanderers FC,0,1,A,0,0,D,8,14,2,3,5,2,13,11,2,1,1,0
2021/22,2022-03-13,Leeds United FC,Norwich City FC,2,1,H,1,0,H,13,12,7,4,6,2,18,8,3,1,0,0
2021/22,2022-03-13,Southampton FC,Watford FC,1,2,A,1,2,A,13,9,7,5,11,3,8,12,3,2,0,0
2021/22,2022-03-13,West Ham United FC,Aston Villa FC,2,1,H,0,0,D,11,13,4,7,5,7,9,3,1,0,0,0
2021/22,2022-03-13,Arsenal FC,Leicester City FC,2,0,H,1,0,H,21,6,8,3,2,6,8,10,0,3,0,0
2021/22,2022-03-14,Crystal Palace FC,Manchester City FC,0,0,D,0,0,D,7,18,1,4,2,6,6,11,3,1,0,0
2021/22,2022-03-16,Brighton & Hove Albion FC,Tottenham Hotspur FC,0,2,A,0,1,A,15,17,0,7,6,3,11,9,2,2,0,0
2021/22,2022-03-16,Arsenal FC,Liverpool FC,0,2,A,0,0,D,9,9,2,3,1,6,9,9,0,1,0,0
2021/22,2022-03-17,Everton FC,Newcastle United FC,1,0,H,0,0,D,9,17,3,6,5,7,13,11,2,1,1,0
2021/22,2022-03-18,Wolverhampton Wanderers FC,Leeds United FC,2,3,A,2,0,H,14,15,8,6,2,5,13,14,1,4,1,0
2021/22,2022-03-19,Aston Villa FC,Arsenal FC,0,1,A,0,1,A,8,10,1,3,6,5,13,14,3,3,0,0
2021/22,2022-03-20,Leicester City FC,Brentford FC,2,1,H,2,0,H,12,15,4,6,2,5,10,10,1,2,0,0
2021/22,2022-03-20,Tottenham Hotspur FC,West Ham United FC,3,1,H,2,1,H,17,6,4,1,5,3,7,7,0,1,0,0
2021/22,2022-04-02,Liverpool FC,Watford FC,2,0,H,1,0,H,20,5,3,2,9,3,9,8,1,1,0,0
2021/22,2022-04-02,Brighton & Hove Albion FC,Norwich City FC,0,0,D,0,0,D,31,6,4,0,11,2,12,11,1,1,0,0
2021/22,2022-04-02,Burnley FC,Manchester City FC,0,2,A,0,2,A,3,18,1,6,1,8,11,6,1,0,0,0
2021/22,2022-04-02,Chelsea FC,Brentford FC,1,4,A,0,0,D,21,17,8,6,12,7,11,7,0,0,0,0
2021/22,2022-04-02,Leeds United FC,Southampton FC,1,1,D,1,0,H,12,14,3,6,4,7,14,7,1,1,0,0
2021/22,2022-04-02,Wolverhampton Wanderers FC,Aston Villa FC,2,1,H,2,0,H,11,15,5,5,4,9,15,8,4,3,0,0
2021/22,2022-04-02,Manchester United FC,Leicester City FC,1,1,D,0,0,D,11,11,5,3,6,5,13,6,2,2,0,0
2021/22,2022-04-03,West Ham United FC,Everton FC,2,1,H,1,0,H,11,13,5,2,2,4,9,12,1,1,0,1
2021/22,2022-04-03,Tottenham Hotspur FC,Newcastle United FC,5,1,H,1,1,D,19,8,6,1,2,3,10,7,2,3,0,0
2021/22,2022-04-04,Crystal Palace FC,Arsenal FC,3,0,H,2,0,H,6,12,5,3,0,2,11,15,0,2,0,0
2021/22,2022-04-06,Burnley FC,Everton FC,3,2,H,1,2,A,13,16,4,4,9,6,11,16,2,2,0,0
2021/22,2022-04-08,Newcastle United FC,Wolverhampton Wanderers FC,1,0,H,0,0,D,12,5,4,2,1,2,6,13,1,1,0,0
2021/22,2022-04-09,Everton FC,Manchester United FC,1,0,H,1,0,H,7,12,3,4,5,7,4,10,2,2,0,0
2021/22,2022-04-09,Arsenal FC,Brighton & Hove Albion FC,1,2,A,0,1,A,20,8,4,3,11,2,12,19,3,4,0,0
2021/22,2022-04-09,Southampton FC,Chelsea FC,0,6,A,0,4,A,4,24,1,14,3,3,11,10,1,0,0,0
2021/22,2022-04-09,Watford FC,Leeds United FC,0,3,A,0,1,A,8,10,1,5,3,8,8,12,2,0,0,0
2021/22,2022-04-09,Aston Villa FC,Tottenham Hotspur FC,0,4,A,0,1,A,9,11,8,5,9,3,12,14,2,3,0,0
2021/22,2022-04-10,Brentford FC,West Ham United FC,2,0,H,0,0,D,15,5,7,1,4,6,2,6,0,1,0,0
2021/22,2022-04-10,Leicester City FC,Crystal Palace FC,2,1,H,2,0,H,12,11,3,3,3,4,11,12,1,1,0,0
2021/22,2022-04-10,Norwich City FC,Burnley FC,2,0,H,1,0,H,17,18,6,4,6,7,12,10,1,1,0,0
2021/22,2022-04-10,Manchester City FC,Liverpool FC,2,2,D,2,1,H,11,6,5,4,4,1,9,11,1,4,0,0
2021/22,2022-04-16,Tottenham Hotspur FC,Brighton & Hove Albion FC,0,1,A,0,0,D,5,12,0,5,4,4,14,10,3,3,0,0
2021/22,2022-04-16,Manchester United FC,Norwich City FC,3,2,H,2,1,H,20,15,9,4,6,7,7,6,0,0,0,0
2021/22,2022-04-16,Southampton FC,Arsenal FC,1,0,H,1,0,H,9,23,3,6,6,8,6,6,2,1,0,0
2021/22,2022-04-16,Watford FC,Brentford FC,1,2,A,0,1,A,17,16,4,5,6,5,11,9,2,1,0,0
2021/22,2022-04-17,Newcastle United FC,Leicester City FC,2,1,H,1,1,D,16,8,7,2,3,5,10,10,2,2,0,0
2021/22,2022-04-17,West Ham United FC,Burnley FC,1,1,D,0,1,A,21,9,8,1,13,4,9,10,2,2,0,0
2021/22,2022-04-19,Liverpool FC,Manchester United FC,4,0,H,2,0,H,14,2,5,1,10,2,3,6,1,2,0,0
2021/22,2022-04-20,Chelsea FC,Arsenal FC,2,4,A,2,2,D,11,14,2,4,6,1,7,6,3,1,0,0
2021/22,2022-04-20,Everton FC,Leicester City FC,1,1,D,0,1,A,13,11,3,3,5,4,8,17,3,1,0,0
2021/22,2022-04-20,Newcastle United FC,Crystal Palace FC,1,0,H,1,0,H,13,10,4,2,2,5,12,12,1,1,0,0
2021/22,2022-04-20,Manchester City FC,Brighton & Hove Albion FC,3,0,H,0,0,D,17,2,5,1,7,4,12,7,0,3,0,0
2021/22,2022-04-21,Burnley FC,Southampton FC,2,0,H,2,0,H,16,11,6,3,10,10,7,7,2,2,0,0
2021/22,2022-04-23,Arsenal FC,Manchester United FC,3,1,H,2,1,H,14,14,7,5,1,7,9,12,3,4,0,0
2021/22,2022-04-23,Leicester City FC,Aston Villa FC,0,0,D,0,0,D,5,11,2,3,7,6,15,16,3,2,0,0
2021/22,2022-04-23,Manchester City FC,Watford FC,5,1,H,3,1,H,21,5,8,2,11,4,9,7,1,0,0,0
2021/22,2022-04-23,Norwich City FC,Newcastle United FC,0,3,A,0,2,A,5,13,2,7,2,3,11,10,0,2,0,0
2021/22,2022-04-23,Brentford FC,Tottenham Hotspur FC,0,0,D,0,0,D,15,9,2,0,12,8,8,7,2,1,0,0
2021/22,2022-04-24,Brighton & Hove Albion FC,Southampton FC,2,2,D,2,1,H,8,18,5,5,6,6,12,7,1,0,0,0
2021/22,2022-04-24,Burnley FC,Wolverhampton Wanderers FC,1,0,H,0,0,D,14,10,5,4,3,6,8,7,3,1,0,0
2021/22,2022-04-24,Chelsea FC,West Ham United FC,1,0,H,0,0,D,26,6,5,2,3,1,11,9,1,0,0,1
2021/22,2022-04-24,Liverpool FC,Everton FC,2,0,H,0,0,D,18,9,4,1,13,1,8,8,2,5,0,0
2021/22,2022-04-25,Crystal Palace FC,Leeds United FC,0,0,D,0,0,D,17,9,7,2,6,3,12,13,2,2,0,0
2021/22,2022-04-28,Manchester United FC,Chelsea FC,1,1,D,0,0,D,6,21,3,6,2,9,9,12,0,1,0,0
2021/22,2022-04-30,Newcastle United FC,Liverpool FC,0,1,A,0,1,A,4,24,2,10,0,6,11,11,1,3,0,0
2021/22,2022-04-30,Aston Villa FC,Norwich City FC,2,0,H,1,0,H,21,9,6,3,2,3,16,8,4,1,0,0
2021/22,2022-04-30,Southampton FC,Crystal Palace FC,1,2,A,1,0,H,8,14,3,5,6,7,13,11,1,3,0,0
2021/22,2022-04-30,Watford FC,Burnley FC,1,2,A,1,0,H,13,17,1,6,5,6,13,9,1,2,0,0
2021/22,2022-04-30,Wolverhampton Wanderers FC,Brighton & Hove Albion FC,0,3,A,0,1,A,11,17,1,9,7,3,6,4,2,1,0,0
2021/22,2022-04-30,Leeds United FC,Manchester City FC,0,4,A,0,1,A,7,19,2,6,3,6,13,3,1,2,0,0
2021/22,2022-05-01,Everton FC,Chelsea FC,1,0,H,0,0,D,9,17,4,5,3,8,9,12,3,5,0,0
2021/22,2022-05-01,Tottenham Hotspur FC,Leicester City FC,3,1,H,1,0,H,13,6,7,2,7,3,13,8,2,3,0,0
2021/22,2022-05-01,West Ham United FC,Arsenal FC,1,2,A,1,1,D,8,13,3,7,3,7,8,9,2,2,0,0
2021/22,2022-05-02,Manchester United FC,Brentford FC,3,0,H,1,0,H,9,12,5,4,3,8,4,6,1,0,0,0
2021/22,2022-05-07,Brentford FC,Southampton FC,3,0,H,2,0,H,18,19,5,4,4,7,12,9,0,1,0,0
2021/22,2022-05-07,Burnley FC,Aston Villa FC,1,3,A,0,2,A,14,12,6,7,4,5,13,11,1,2,0,0
2021/22,2022-05-07,Chelsea FC,Wolverhampton Wanderers FC,2,2,D,0,0,D,19,14,6,4,9,3,7,11,1,3,0,0
2021/22,2022-05-07,Crystal Palace FC,Watford FC,1,0,H,1,0,H,15,6,7,1,8,5,11,18,2,1,0,1
2021/22,2022-05-07,Brighton & Hove Albion FC,Manchester United FC,4,0,H,1,0,H,17,15,6,5,7,6,13,9,0,2,0,0
2021/22,2022-05-07,Liverpool FC,Tottenham Hotspur FC,1,1,D,0,0,D,22,8,3,3,11,5,12,8,3,2,0,0
2021/22,2022-05-08,Arsenal FC,Leeds United FC,2,1,H,2,0,H,19,3,9,2,8,2,13,15,2,2,0,1
2021/22,2022-05-08,Leicester City FC,Everton FC,1,2,A,1,2,A,16,10,9,4,6,1,11,6,3,0,0,0
2021/22,2022-05-08,Norwich City FC,West Ham United FC,0,4,A,0,3,A,8,13,2,5,9,5,7,7,1,1,0,0
2021/22,2022-05-08,Manchester City FC,Newcastle United FC,5,0,H,2,0,H,21,7,9,3,8,2,6,11,1,3,0,0
2021/22,2022-05-10,Aston Villa FC,Liverpool FC,1,2,A,1,1,D,9,17,4,6,2,3,10,12,0,0,0,0
2021/22,2022-05-11,Leeds United FC,Chelsea FC,0,3,A,0,1,A,5,17,0,4,1,5,10,14,1,0,1,0
2021/22,2022-05-11,Leicester City FC,Norwich City FC,3,0,H,0,0,D,20,9,8,5,10,2,10,5,0,0,0,0
2021/22,2022-05-11,Watford FC,Everton FC,0,0,D,0,0,D,6,16,0,5,1,13,5,12,1,2,0,0
2021/22,2022-05-11,Wolverhampton Wanderers FC,Manchester City FC,1,5,A,1,3,A,7,16,3,5,6,2,2,10,0,1,0,0
2021/22,2022-05-12,Tottenham Hotspur FC,Arsenal FC,3,0,H,2,0,H,16,8,6,4,2,2,8,15,1,3,0,1
2021/22,2022-05-15,Tottenham Hotspur FC,Burnley FC,1,0,H,1,0,H,21,8,8,1,8,2,12,8,3,2,0,0
2021/22,2022-05-15,Aston Villa FC,Crystal Palace FC,1,1,D,0,0,D,13,16,4,4,1,5,11,15,1,3,0,0
2021/22,2022-05-15,Leeds United FC,Brighton & Hove Albion FC,1,1,D,0,1,A,19,16,5,6,8,1,16,8,3,2,0,0
2021/22,2022-05-15,Watford FC,Leicester City FC,1,5,A,1,2,A,13,13,5,7,7,3,4,6,0,1,0,0
2021/22,2022-05-15,West Ham United FC,Manchester City FC,2,2,D,2,0,H,6,31,2,8,4,9,9,5,3,1,0,0
2021/22,2022-05-15,Wolverhampton Wanderers FC,Norwich City FC,1,1,D,0,1,A,17,11,4,2,5,3,5,10,0,3,0,0
2021/22,2022-05-15,Everton FC,Brentford FC,2,3,A,2,1,H,10,18,5,7,5,2,8,8,0,3,2,0
2021/22,2022-05-16,Newcastle United FC,Arsenal FC,2,0,H,0,0,D,16,11,4,2,12,8,11,8,0,3,0,0
2021/22,2022-05-17,Southampton FC,Liverpool FC,1,2,A,1,1,D,4,24,2,5,1,9,6,6,2,0,0,0
2021/22,2022-05-19,Everton FC,Crystal Palace FC,3,2,H,0,2,A,12,7,6,5,4,5,9,13,2,3,0,0
2021/22,2022-05-19,Aston Villa FC,Burnley FC,1,1,D,0,1,A,22,10,9,5,13,6,11,20,0,1,0,1
2021/22,2022-05-19,Chelsea FC,Leicester City FC,1,1,D,1,1,D,20,2,7,1,6,0,13,7,4,1,0,0
2021/22,2022-05-22,Arsenal FC,Everton FC,5,1,H,2,1,H,26,6,9,2,12,2,8,9,0,1,0,0
2021/22,2022-05-22,Brentford FC,Leeds United FC,1,2,A,0,0,D,14,14,5,6,3,2,11,13,2,1,1,0
2021/22,2022-05-22,Brighton & Hove Albion FC,West Ham United FC,3,1,H,0,1,A,18,7,7,2,5,6,9,9,1,1,0,0
2021/22,2022-05-22,Burnley FC,Newcastle United FC,1,2,A,0,1,A,12,8,5,6,8,2,8,9,1,0,0,0
2021/22,2022-05-22,Chelsea FC,Watford FC,2,1,H,1,0,H,19,8,8,3,3,3,9,9,0,0,0,0
2021/22,2022-05-22,Crystal Palace FC,Manchester United FC,1,0,H,1,0,H,6,10,3,4,3,6,12,22,2,4,0,0
2021/22,2022-05-22,Leicester City FC,Southampton FC,4,1,H,0,0,D,12,7,6,2,3,3,10,5,0,1,0,0
2021/22,2022-05-22,Liverpool FC,Wolverhampton Wanderers FC,3,1,H,1,1,D,29,7,8,5,5,3,6,3,1,0,0,0
2021/22,2022-05-22,Manchester City FC,Aston Villa FC,3,2,H,0,1,A,24,4,5,2,13,1,5,11,0,1,0,0
2021/22,2022-05-22,Norwich City FC,Tottenham Hotspur FC,0,5,A,0,2,A,9,19,0,13,3,2,13,7,3,1,0,0
2022/23,2022-08-05,Crystal Palace FC,Arsenal FC,0,2,A,0,1,A,10,10,2,2,3,5,16,11,1,2,0,0
2022/23,2022-08-06,Fulham FC,Liverpool FC,2,2,D,1,0,H,9,11,3,4,4,4,7,9,2,0,0,0
2022/23,2022-08-06,AFC Bournemouth,Aston Villa FC,2,0,H,1,0,H,7,15,3,2,5,5,18,16,3,3,0,0
2022/23,2022-08-06,Leeds United FC,Wolverhampton Wanderers FC,2,1,H,1,1,D,12,15,4,6,6,4,13,9,2,0,0,0
2022/23,2022-08-06,Newcastle United FC,Nottingham Forest FC,2,0,H,0,0,D,23,5,10,0,11,1,9,14,0,3,0,0
2022/23,2022-08-06,Tottenham Hotspur FC,Southampton FC,4,1,H,2,1,H,18,10,8,2,10,2,11,6,3,0,0,0
2022/23,2022-08-06,Everton FC,Chelsea FC,0,1,A,0,1,A,8,15,4,6,4,16,14,11,3,2,0,0
2022/23,2022-08-07,Leicester City FC,Brentford FC,2,2,D,1,0,H,14,8,5,3,5,6,6,5,0,0,0,0
2022/23,2022-08-07,Manchester United FC,Brighton & Hove Albion FC,1,2,A,0,2,A,17,15,5,4,6,2,7,12,4,1,0,0
2022/23,2022-08-07,West Ham United FC,Manchester City FC,0,2,A,0,1,A,6,14,1,2,1,4,8,4,0,1,0,0
2022/23,2022-08-13,Aston Villa FC,Everton FC,2,1,H,1,0,H,12,15,4,4,5,8,9,7,4,1,0,0
2022/23,2022-08-13,Arsenal FC,Leicester City FC,4,2,H,2,0,H,19,6,7,2,6,2,15,9,1,1,0,0
2022/23,2022-08-13,Brighton & Hove Albion FC,Newcastle United FC,0,0,D,0,0,D,13,4,7,1,7,3,8,6,2,3,0,0
2022/23,2022-08-13,Manchester City FC,AFC Bournemouth,4,0,H,3,0,H,19,3,7,1,11,1,9,9,0,3,0,0
2022/23,2022-08-13,Southampton FC,Leeds United FC,2,2,D,0,0,D,14,13,4,5,2,5,10,12,1,3,0,0
2022/23,2022-08-13,Wolverhampton Wanderers FC,Fulham FC,0,0,D,0,0,D,7,9,1,3,5,3,7,14,3,3,0,0
2022/23,2022-08-13,Brentford FC,Manchester United FC,4,0,H,4,0,H,13,15,7,4,8,2,6,15,0,4,0,0
2022/23,2022-08-14,Nottingham Forest FC,West Ham United FC,1,0,H,1,0,H,13,19,6,5,6,7,10,11,4,1,0,0
2022/23,2022-08-14,Chelsea FC,Tottenham Hotspur FC,2,2,D,1,0,H,16,10,3,5,8,5,9,9,3,0,0,0
2022/23,2022-08-15,Liverpool FC,Crystal Palace FC,1,1,D,0,1,A,24,7,4,3,4,2,7,8,2,4,1,0
2022/23,2022-08-20,Tottenham Hotspur FC,Wolverhampton Wanderers FC,1,0,H,0,0,D,11,20,4,3,8,6,10,8,2,2,0,0
2022/23,2022-08-20,Crystal Palace FC,Aston Villa FC,3,1,H,1,1,D,17,13,9,5,4,2,16,14,2,1,0,0
2022/23,2022-08-20,Everton FC,Nottingham Forest FC,1,1,D,0,0,D,19,14,8,5,6,2,6,9,3,2,0,0
2022/23,2022-08-20,Fulham FC,Brentford FC,3,2,H,2,1,H,18,13,9,5,6,3,13,7,3,2,0,0
2022/23,2022-08-20,Leicester City FC,Southampton FC,1,2,A,0,0,D,6,9,1,3,2,5,11,15,2,3,0,0
2022/23,2022-08-20,AFC Bournemouth,Arsenal FC,0,3,A,0,2,A,6,14,1,6,3,4,12,10,2,1,0,0
2022/23,2022-08-21,Leeds United FC,Chelsea FC,3,0,H,2,0,H,12,14,6,3,4,6,16,15,0,1,0,1
2022/23,2022-08-21,West Ham United FC,Brighton & Hove Albion FC,0,2,A,0,1,A,13,11,3,2,5,4,10,7,2,0,0,0
2022/23,2022-08-21,Newcastle United FC,Manchester City FC,3,3,D,2,1,H,12,21,6,10,5,5,14,7,4,2,0,0
2022/23,2022-08-22,Manchester United FC,Liverpool FC,2,1,H,1,0,H,12,17,4,5,6,8,11,7,3,1,0,0
2022/23,2022-08-27,Southampton FC,Manchester United FC,0,1,A,0,0,D,17,11,5,6,5,3,4,14,0,3,0,0
2022/23,2022-08-27,Brentford FC,Everton FC,1,1,D,0,1,A,19,14,5,7,8,5,8,8,2,2,0,0
2022/23,2022-08-27,Brighton & Hove Albion FC,Leeds United FC,1,0,H,0,0,D,13,10,4,2,5,3,10,14,2,3,0,0
2022/23,2022-08-27,Chelsea FC,Leicester City FC,2,1,H,0,0,D,7,17,3,5,3,11,10,7,1,2,1,0
2022/23,2022-08-27,Liverpool FC,AFC Bournemouth,9,0,H,5,0,H,19,5,12,2,8,1,6,5,0,1,0,0
2022/23,2022-08-27,Manchester City FC,Crystal Palace FC,4,2,H,0,2,A,18,2,5,2,6,1,14,8,1,2,0,0
2022/23,2022-08-27,Arsenal FC,Fulham FC,2,1,H,0,0,D,22,11,8,3,9,2,6,12,2,3,0,0
2022/23,2022-08-28,Aston Villa FC,West Ham United FC,0,1,A,0,0,D,9,7,3,2,3,2,10,10,2,0,0,0
2022/23,2022-08-28,Wolverhampton Wanderers FC,Newcastle United FC,1,1,D,1,0,H,10,21,4,6,4,13,10,11,2,1,0,0
2022/23,2022-08-28,Nottingham Forest FC,Tottenham Hotspur FC,0,2,A,0,1,A,17,18,1,7,6,1,11,13,6,1,0,0
2022/23,2022-08-30,Crystal Palace FC,Brentford FC,1,1,D,0,0,D,13,9,4,3,4,6,11,8,1,2,0,0
2022/23,2022-08-30,Fulham FC,Brighton & Hove Albion FC,2,1,H,0,0,D,10,7,3,4,3,3,9,11,2,1,0,0
2022/23,2022-08-30,Southampton FC,Chelsea FC,2,1,H,2,1,H,9,10,7,4,5,3,15,10,2,1,0,0
2022/23,2022-08-30,Leeds United FC,Everton FC,1,1,D,0,1,A,14,7,5,2,10,2,10,9,3,3,0,0
2022/23,2022-08-31,Arsenal FC,Aston Villa FC,2,1,H,1,0,H,22,4,9,3,10,3,10,14,2,3,0,0
2022/23,2022-08-31,AFC Bournemouth,Wolverhampton Wanderers FC,0,0,D,0,0,D,5,17,2,4,2,5,12,12,2,1,0,0
2022/23,2022-08-31,Manchester City FC,Nottingham Forest FC,6,0,H,3,0,H,17,8,9,1,10,1,9,7,0,1,0,0
2022/23,2022-08-31,West Ham United FC,Tottenham Hotspur FC,1,1,D,0,1,A,14,13,4,4,3,4,10,9,2,5,0,0
2022/23,2022-08-31,Liverpool FC,Newcastle United FC,2,1,H,0,1,A,23,5,6,2,13,0,9,10,0,2,0,0
2022/23,2022-09-01,Leicester City FC,Manchester United FC,0,1,A,0,1,A,10,9,2,2,1,3,7,15,1,3,0,0
2022/23,2022-09-03,Everton FC,Liverpool FC,0,0,D,0,0,D,14,23,3,8,7,9,7,11,2,2,0,0
2022/23,2022-09-03,Brentford FC,Leeds United FC,5,2,H,2,1,H,14,17,8,6,2,6,8,9,2,2,0,0
2022/23,2022-09-03,Chelsea FC,West Ham United FC,2,1,H,0,0,D,8,6,3,3,10,3,6,11,4,2,0,0
2022/23,2022-09-03,Newcastle United FC,Crystal Palace FC,0,0,D,0,0,D,23,19,6,9,13,5,19,12,2,1,0,0
2022/23,2022-09-03,Nottingham Forest FC,AFC Bournemouth,2,3,A,2,0,H,11,8,3,3,4,6,13,10,2,1,0,0
2022/23,2022-09-03,Tottenham Hotspur FC,Fulham FC,2,1,H,1,0,H,23,9,10,3,10,3,9,6,3,4,0,0
2022/23,2022-09-03,Wolverhampton Wanderers FC,Southampton FC,1,0,H,1,0,H,7,12,2,1,5,6,10,14,4,2,0,0
2022/23,2022-09-03,Aston Villa FC,Manchester City FC,1,1,D,0,0,D,3,13,1,4,1,4,7,6,2,0,0,0
2022/23,2022-09-04,Brighton & Hove Albion FC,Leicester City FC,5,2,H,2,2,D,23,6,11,4,10,1,6,8,1,1,0,0
2022/23,2022-09-04,Manchester United FC,Arsenal FC,3,1,H,1,0,H,10,16,6,3,2,5,13,9,3,3,0,0
2022/23,2022-09-16,Aston Villa FC,Southampton FC,1,0,H,1,0,H,11,7,3,1,6,3,13,13,3,1,0,0
2022/23,2022-09-16,Nottingham Forest FC,Fulham FC,2,3,A,1,0,H,11,15,3,7,2,10,11,10,2,4,0,0
2022/23,2022-09-17,Wolverhampton Wanderers FC,Manchester City FC,0,3,A,0,2,A,6,16,1,7,5,7,7,9,2,1,1,0
2022/23,2022-09-17,Newcastle United FC,AFC Bournemouth,1,1,D,0,0,D,20,10,7,3,8,1,10,11,2,2,0,0
2022/23,2022-09-17,Tottenham Hotspur FC,Leicester City FC,6,2,H,2,2,D,16,19,11,7,6,1,9,9,1,2,0,0
2022/23,2022-09-18,Brentford FC,Arsenal FC,0,3,A,0,2,A,5,13,2,7,3,3,10,10,0,2,0,0
2022/23,2022-09-18,Everton FC,West Ham United FC,1,0,H,0,0,D,7,14,2,4,5,14,8,11,3,1,0,0
2022/23,2022-10-01,Arsenal FC,Tottenham Hotspur FC,3,1,H,1,1,D,22,7,9,3,5,2,10,10,2,1,0,1
2022/23,2022-10-01,AFC Bournemouth,Brentford FC,0,0,D,0,0,D,7,13,1,4,7,8,11,10,1,2,0,0
2022/23,2022-10-01,Crystal Palace FC,Chelsea FC,1,2,A,1,1,D,7,13,3,3,5,2,11,13,1,3,0,0
2022/23,2022-10-01,Fulham FC,Newcastle United FC,1,4,A,0,3,A,3,19,1,10,1,8,9,10,2,0,1,0
2022/23,2022-10-01,Liverpool FC,Brighton & Hove Albion FC,3,3,D,1,2,A,15,6,7,6,9,2,9,13,1,1,0,0
2022/23,2022-10-01,Southampton FC,Everton FC,1,2,A,0,0,D,22,12,6,5,7,6,11,10,2,2,0,0
2022/23,2022-10-01,West Ham United FC,Wolverhampton Wanderers FC,2,0,H,1,0,H,18,15,5,4,1,6,8,6,2,2,0,0
2022/23,2022-10-02,Manchester City FC,Manchester United FC,6,3,H,4,0,H,22,12,10,8,5,1,3,9,0,3,0,0
2022/23,2022-10-02,Leeds United FC,Aston Villa FC,0,0,D,0,0,D,9,19,1,7,2,9,23,12,3,2,1,0
2022/23,2022-10-03,Leicester City FC,Nottingham Forest FC,4,0,H,3,0,H,17,10,7,3,6,6,13,12,2,4,0,0
2022/23,2022-10-08,AFC Bournemouth,Leicester City FC,2,1,H,0,1,A,10,9,4,5,7,2,8,16,1,2,0,0
2022/23,2022-10-08,Chelsea FC,Wolverhampton Wanderers FC,3,0,H,1,0,H,20,8,7,2,4,2,8,8,2,0,0,0
2022/23,2022-10-08,Manchester City FC,Southampton FC,4,0,H,2,0,H,21,5,8,0,9,1,4,8,0,1,0,0
2022/23,2022-10-08,Newcastle United FC,Brentford FC,5,1,H,2,0,H,16,6,6,3,9,5,14,9,0,1,0,0
2022/23,2022-10-08,Brighton & Hove Albion FC,Tottenham Hotspur FC,0,1,A,0,1,A,14,8,4,3,6,2,9,14,1,2,0,0
2022/23,2022-10-09,Crystal Palace FC,Leeds United FC,2,1,H,1,1,D,13,10,5,4,5,3,13,23,3,3,0,0
2022/23,2022-10-09,West Ham United FC,Fulham FC,3,1,H,1,1,D,17,8,8,2,4,2,9,7,1,3,0,0
2022/23,2022-10-09,Arsenal FC,Liverpool FC,3,2,H,2,1,H,11,8,7,3,4,3,11,11,1,2,0,0
2022/23,2022-10-09,Everton FC,Manchester United FC,1,2,A,1,2,A,11,12,2,4,5,4,7,13,2,1,0,0
2022/23,2022-10-10,Nottingham Forest FC,Aston Villa FC,1,1,D,1,1,D,6,12,3,2,1,4,13,19,3,3,0,0
2022/23,2022-10-14,Brentford FC,Brighton & Hove Albion FC,2,0,H,1,0,H,7,21,3,7,2,11,12,15,3,1,0,0
2022/23,2022-10-15,Leicester City FC,Crystal Palace FC,0,0,D,0,0,D,14,8,5,1,9,2,18,13,2,2,0,0
2022/23,2022-10-15,Fulham FC,AFC Bournemouth,2,2,D,1,2,A,19,10,4,6,5,6,9,11,2,0,0,0
2022/23,2022-10-15,Wolverhampton Wanderers FC,Nottingham Forest FC,1,0,H,0,0,D,9,10,2,2,4,5,17,13,2,2,0,0
2022/23,2022-10-15,Tottenham Hotspur FC,Everton FC,2,0,H,0,0,D,21,4,7,0,7,1,12,13,1,4,0,0
2022/23,2022-10-16,Aston Villa FC,Chelsea FC,0,2,A,0,1,A,18,8,7,4,7,1,12,11,0,3,0,0
2022/23,2022-10-16,Leeds United FC,Arsenal FC,0,1,A,0,1,A,16,9,4,4,6,3,10,11,0,2,0,0
2022/23,2022-10-16,Manchester United FC,Newcastle United FC,0,0,D,0,0,D,15,9,2,2,4,4,13,11,3,1,0,0
2022/23,2022-10-16,Southampton FC,West Ham United FC,1,1,D,1,0,H,10,25,8,4,4,14,7,3,1,1,0,0
2022/23,2022-10-16,Liverpool FC,Manchester City FC,1,0,H,0,0,D,13,16,2,6,5,6,10,7,3,1,0,0
2022/23,2022-10-18,Brighton & Hove Albion FC,Nottingham Forest FC,0,0,D,0,0,D,19,3,7,0,9,1,10,14,3,1,0,0
2022/23,2022-10-18,Crystal Palace FC,Wolverhampton Wanderers FC,2,1,H,0,1,A,14,10,4,4,4,3,14,18,3,1,0,0
2022/23,2022-10-19,AFC Bournemouth,Southampton FC,0,1,A,0,1,A,15,9,3,3,7,3,8,13,1,3,0,0
2022/23,2022-10-19,Brentford FC,Chelsea FC,0,0,D,0,0,D,8,14,5,5,6,2,7,7,0,0,0,0
2022/23,2022-10-19,Liverpool FC,West Ham United FC,1,0,H,1,0,H,22,8,7,3,8,3,9,8,0,0,0,0
2022/23,2022-10-19,Newcastle United FC,Everton FC,1,0,H,1,0,H,16,1,4,0,8,2,9,12,2,4,0,0
2022/23,2022-10-19,Manchester United FC,Tottenham Hotspur FC,2,0,H,0,0,D,28,9,10,2,8,3,7,7,1,0,0,0
2022/23,2022-10-20,Fulham FC,Aston Villa FC,3,0,H,1,0,H,18,12,8,6,9,7,11,11,0,2,0,1
2022/23,2022-10-20,Leicester City FC,Leeds United FC,2,0,H,2,0,H,5,14,1,2,2,9,15,11,2,1,0,0
2022/23,2022-10-22,Nottingham Forest FC,Liverpool FC,1,0,H,0,0,D,10,15,7,7,2,11,14,8,2,1,0,0
2022/23,2022-10-22,Everton FC,Crystal Palace FC,3,0,H,1,0,H,9,9,6,2,3,4,16,14,3,4,0,0
2022/23,2022-10-22,Manchester City FC,Brighton & Hove Albion FC,3,1,H,2,0,H,10,8,4,2,7,3,11,12,1,3,0,0
2022/23,2022-10-22,Chelsea FC,Manchester United FC,1,1,D,0,0,D,6,13,2,6,6,4,8,10,1,4,0,0
2022/23,2022-10-23,Aston Villa FC,Brentford FC,4,0,H,3,0,H,19,12,11,3,7,6,14,11,1,0,0,0
2022/23,2022-10-23,Leeds United FC,Fulham FC,2,3,A,1,1,D,14,11,5,5,3,6,12,8,1,1,0,0
2022/23,2022-10-23,Southampton FC,Arsenal FC,1,1,D,0,1,A,10,12,3,3,9,4,11,8,2,1,0,0
2022/23,2022-10-23,Wolverhampton Wanderers FC,Leicester City FC,0,4,A,0,2,A,21,5,5,4,9,2,10,13,2,1,0,0
2022/23,2022-10-23,Tottenham Hotspur FC,Newcastle United FC,1,2,A,0,2,A,17,13,5,5,6,7,12,6,4,2,0,0
2022/23,2022-10-24,West Ham United FC,AFC Bournemouth,2,0,H,1,0,H,20,5,4,3,5,0,9,11,0,2,0,0
2022/23,2022-10-29,Leicester City FC,Manchester City FC,0,1,A,0,0,D,10,15,5,5,3,10,5,10,0,0,0,0
2022/23,2022-10-29,AFC Bournemouth,Tottenham Hotspur FC,2,3,A,1,0,H,6,23,4,7,2,19,10,5,1,2,0,0
2022/23,2022-10-29,Brentford FC,Wolverhampton Wanderers FC,1,1,D,0,0,D,12,14,3,4,3,6,10,17,3,3,0,1
2022/23,2022-10-29,Brighton & Hove Albion FC,Chelsea FC,4,1,H,3,0,H,19,15,9,7,8,7,16,6,1,2,0,0
2022/23,2022-10-29,Crystal Palace FC,Southampton FC,1,0,H,1,0,H,12,14,3,4,8,4,13,12,3,3,0,0
2022/23,2022-10-29,Newcastle United FC,Aston Villa FC,4,0,H,1,0,H,20,3,7,0,3,0,11,11,1,1,0,0
2022/23,2022-10-29,Fulham FC,Everton FC,0,0,D,0,0,D,24,9,6,4,13,4,10,8,2,1,0,0
2022/23,2022-10-29,Liverpool FC,Leeds United FC,1,2,A,1,1,D,22,14,10,6,14,5,9,3,0,1,0,0
2022/23,2022-10-30,Arsenal FC,Nottingham Forest FC,5,0,H,1,0,H,24,5,10,2,9,4,9,8,0,1,0,0
2022/23,2022-10-30,Manchester United FC,West Ham United FC,1,0,H,1,0,H,16,13,3,5,5,10,12,10,1,3,0,0
2022/23,2022-11-05,Leeds United FC,AFC Bournemouth,4,3,H,1,2,A,18,9,4,6,13,3,16,10,2,2,0,0
2022/23,2022-11-05,Manchester City FC,Fulham FC,2,1,H,1,1,D,16,4,5,2,9,0,6,11,2,4,1,0
2022/23,2022-11-05,Nottingham Forest FC,Brentford FC,2,2,D,1,1,D,15,6,7,2,3,3,10,11,2,2,0,0
2022/23,2022-11-05,Wolverhampton Wanderers FC,Brighton & Hove Albion FC,2,3,A,2,2,D,8,19,5,8,4,9,15,11,2,0,1,0
2022/23,2022-11-05,Everton FC,Leicester City FC,0,2,A,0,1,A,12,22,2,8,8,3,9,5,0,0,0,0
2022/23,2022-11-06,Chelsea FC,Arsenal FC,0,1,A,0,0,D,5,14,1,2,4,6,20,13,5,2,0,0
2022/23,2022-11-06,Aston Villa FC,Manchester United FC,3,1,H,2,1,H,6,8,4,3,3,5,6,12,3,3,0,0
2022/23,2022-11-06,Southampton FC,Newcastle United FC,1,4,A,0,1,A,16,7,5,4,8,2,7,10,1,0,0,0
2022/23,2022-11-06,West Ham United FC,Crystal Palace FC,1,2,A,1,1,D,5,15,2,6,2,5,10,7,1,1,0,0
2022/23,2022-11-06,Tottenham Hotspur FC,Liverpool FC,1,2,A,0,2,A,14,13,5,6,5,3,10,8,0,0,0,0
2022/23,2022-11-12,Manchester City FC,Brentford FC,1,2,A,1,1,D,29,10,6,8,10,2,9,7,2,2,0,0
2022/23,2022-11-12,AFC Bournemouth,Everton FC,3,0,H,2,0,H,16,15,9,3,3,5,12,8,2,0,0,0
2022/23,2022-11-12,Liverpool FC,Southampton FC,3,1,H,3,1,H,15,9,7,5,6,0,8,8,0,2,0,0
2022/23,2022-11-12,Nottingham Forest FC,Crystal Palace FC,1,0,H,0,0,D,9,8,2,0,1,5,11,13,1,4,0,0
2022/23,2022-11-12,Tottenham Hotspur FC,Leeds United FC,4,3,H,1,2,A,14,12,8,5,9,2,8,7,1,1,0,1
2022/23,2022-11-12,West Ham United FC,Leicester City FC,0,2,A,0,1,A,18,9,6,6,7,2,9,8,3,1,0,0
2022/23,2022-11-12,Newcastle United FC,Chelsea FC,1,0,H,0,0,D,10,5,3,2,5,3,14,11,3,2,0,0
2022/23,2022-11-12,Wolverhampton Wanderers FC,Arsenal FC,0,2,A,0,0,D,11,14,2,4,6,4,5,6,3,2,0,0
2022/23,2022-11-13,Brighton & Hove Albion FC,Aston Villa FC,1,2,A,1,1,D,7,8,2,2,11,4,14,11,2,7,0,0
2022/23,2022-11-13,Fulham FC,Manchester United FC,1,2,A,0,1,A,14,14,7,9,10,3,9,10,1,1,0,0
2022/23,2022-12-26,Brentford FC,Tottenham Hotspur FC,2,2,D,1,0,H,9,16,5,8,6,5,11,10,3,1,0,0
2022/23,2022-12-26,Crystal Palace FC,Fulham FC,0,3,A,0,1,A,4,23,0,11,1,8,12,15,0,0,2,0
2022/23,2022-12-26,Everton FC,Wolverhampton Wanderers FC,1,2,A,1,1,D,12,7,6,4,2,2,9,22,1,6,0,0
2022/23,2022-12-26,Leicester City FC,Newcastle United FC,0,3,A,0,3,A,8,12,2,5,5,5,9,6,0,0,0,0
2022/23,2022-12-26,Southampton FC,Brighton & Hove Albion FC,1,3,A,0,2,A,14,7,4,4,4,2,9,10,1,2,0,0
2022/23,2022-12-26,Aston Villa FC,Liverpool FC,1,3,A,0,2,A,12,16,6,9,0,6,7,12,0,0,0,0
2022/23,2022-12-26,Arsenal FC,West Ham United FC,3,1,H,0,1,A,16,8,5,4,7,5,13,17,0,2,0,0
2022/23,2022-12-27,Chelsea FC,AFC Bournemouth,2,0,H,2,0,H,15,9,5,4,6,8,8,10,0,0,0,0
2022/23,2022-12-27,Manchester United FC,Nottingham Forest FC,3,0,H,2,0,H,17,8,8,3,9,9,13,4,3,1,0,0
2022/23,2022-12-28,Leeds United FC,Manchester City FC,1,3,A,0,1,A,9,26,1,9,3,5,11,14,3,3,0,0
2022/23,2022-12-30,West Ham United FC,Brentford FC,0,2,A,0,2,A,20,9,5,6,8,1,9,5,1,0,0,0
2022/23,2022-12-30,Liverpool FC,Leicester City FC,2,1,H,2,1,H,21,7,5,2,4,5,8,15,0,1,0,0
2022/23,2022-12-31,Wolverhampton Wanderers FC,Manchester United FC,0,1,A,0,0,D,10,16,3,6,7,5,11,11,1,3,0,0
2022/23,2022-12-31,AFC Bournemouth,Crystal Palace FC,0,2,A,0,2,A,6,15,2,6,2,7,17,11,4,1,0,0
2022/23,2022-12-31,Fulham FC,Southampton FC,2,1,H,1,0,H,8,9,2,3,4,4,8,13,0,1,0,0
2022/23,2022-12-31,Manchester City FC,Everton FC,1,1,D,1,0,H,16,2,3,1,7,1,13,14,3,4,0,0
2022/23,2022-12-31,Newcastle United FC,Leeds United FC,0,0,D,0,0,D,16,8,5,1,9,3,13,19,3,5,0,0
2022/23,2022-12-31,Brighton & Hove Albion FC,Arsenal FC,2,4,A,0,2,A,9,14,5,7,7,4,7,11,3,3,0,0
2022/23,2023-01-01,Tottenham Hotspur FC,Aston Villa FC,0,2,A,0,0,D,6,13,2,4,5,3,15,10,4,3,0,0
2022/23,2023-01-01,Nottingham Forest FC,Chelsea FC,1,1,D,0,1,A,12,7,5,2,1,2,16,14,2,2,0,0
2022/23,2023-01-02,Brentford FC,Liverpool FC,3,1,H,2,0,H,10,16,7,6,4,9,5,8,1,3,0,0
2022/23,2023-01-03,Arsenal FC,Newcastle United FC,0,0,D,0,0,D,17,8,4,1,5,5,10,16,4,4,0,0
2022/23,2023-01-03,Everton FC,Brighton & Hove Albion FC,1,4,A,0,1,A,10,19,4,8,5,2,8,10,3,1,0,0
2022/23,2023-01-03,Leicester City FC,Fulham FC,0,1,A,0,1,A,15,11,6,2,6,3,12,11,2,6,0,0
2022/23,2023-01-03,Manchester United FC,AFC Bournemouth,3,0,H,1,0,H,18,7,6,4,6,5,13,7,0,3,0,0
2022/23,2023-01-04,Southampton FC,Nottingham Forest FC,0,1,A,0,1,A,8,11,0,1,6,2,14,17,2,2,0,0
2022/23,2023-01-04,Leeds United FC,West Ham United FC,2,2,D,1,1,D,14,15,6,2,8,1,11,18,3,1,0,0
2022/23,2023-01-04,Aston Villa FC,Wolverhampton Wanderers FC,1,1,D,0,1,A,13,10,4,3,7,8,6,12,1,3,0,0
2022/23,2023-01-04,Crystal Palace FC,Tottenham Hotspur FC,0,4,A,0,0,D,19,14,4,6,10,4,11,8,1,2,0,0
2022/23,2023-01-05,Chelsea FC,Manchester City FC,0,1,A,0,0,D,8,12,2,3,3,2,9,9,2,0,0,0
2022/23,2023-01-12,Fulham FC,Chelsea FC,2,1,H,1,0,H,8,20,3,10,5,7,12,16,4,3,0,1
2022/23,2023-01-13,Aston Villa FC,Leeds United FC,2,1,H,1,0,H,11,16,5,4,0,11,12,8,2,2,0,0
2022/23,2023-01-14,Manchester United FC,Manchester City FC,2,1,H,0,0,D,8,5,4,1,1,2,15,5,3,0,0,0
2022/23,2023-01-14,Brighton & Hove Albion FC,Liverpool FC,3,0,H,0,0,D,16,6,9,2,7,1,8,15,1,3,0,0
2022/23,2023-01-14,Everton FC,Southampton FC,1,2,A,1,0,H,12,13,4,5,6,4,7,19,0,3,0,0
2022/23,2023-01-14,Nottingham Forest FC,Leicester City FC,2,0,H,0,0,D,15,6,5,1,3,5,11,12,1,2,0,0
2022/23,2023-01-14,Wolverhampton Wanderers FC,West Ham United FC,1,0,H,0,0,D,17,16,4,4,4,3,10,7,0,2,0,0
2022/23,2023-01-14,Brentford FC,AFC Bournemouth,2,0,H,1,0,H,12,7,4,2,5,3,5,9,1,1,0,0
2022/23,2023-01-15,Chelsea FC,Crystal Palace FC,1,0,H,0,0,D,15,10,5,5,11,7,10,17,2,5,0,0
2022/23,2023-01-15,Newcastle United FC,Fulham FC,1,0,H,0,0,D,20,5,5,0,10,5,6,14,1,3,0,0
2022/23,2023-01-15,Tottenham Hotspur FC,Arsenal FC,0,2,A,0,2,A,17,14,7,5,4,3,16,15,4,2,0,0
2022/23,2023-01-18,Crystal Palace FC,Manchester United FC,1,1,D,0,1,A,10,15,5,4,3,3,9,10,1,2,0,0
2022/23,2023-01-19,Manchester City FC,Tottenham Hotspur FC,4,2,H,0,2,A,16,9,6,3,8,3,10,14,1,2,0,0
2022/23,2023-01-21,Liverpool FC,Chelsea FC,0,0,D,0,0,D,15,11,3,2,5,5,16,9,3,1,0,0
2022/23,2023-01-21,AFC Bournemouth,Nottingham Forest FC,1,1,D,1,0,H,16,20,4,5,4,6,10,7,1,2,0,0
2022/23,2023-01-21,Leicester City FC,Brighton & Hove Albion FC,2,2,D,1,1,D,9,13,2,4,5,6,9,9,0,1,0,0
2022/23,2023-01-21,Southampton FC,Aston Villa FC,0,1,A,0,0,D,8,16,5,5,2,2,19,9,1,2,0,0
2022/23,2023-01-21,West Ham United FC,Everton FC,2,0,H,2,0,H,11,5,4,2,4,9,9,6,1,1,0,0
2022/23,2023-01-21,Crystal Palace FC,Newcastle United FC,0,0,D,0,0,D,6,16,1,7,3,15,13,7,4,2,0,0
2022/23,2023-01-22,Leeds United FC,Brentford FC,0,0,D,0,0,D,9,6,5,0,2,3,10,18,2,2,0,0
2022/23,2023-01-22,Manchester City FC,Wolverhampton Wanderers FC,3,0,H,1,0,H,13,10,7,1,5,7,10,10,1,2,0,0
2022/23,2023-01-22,Arsenal FC,Manchester United FC,3,2,H,1,1,D,25,6,5,4,12,4,8,9,1,2,0,0
2022/23,2023-01-23,Fulham FC,Tottenham Hotspur FC,0,1,A,0,1,A,10,10,5,3,3,8,10,10,1,3,0,0
2022/23,2023-02-03,Chelsea FC,Fulham FC,0,0,D,0,0,D,12,10,3,4,6,2,16,12,1,4,0,0
2022/23,2023-02-04,Everton FC,Arsenal FC,1,0,H,0,0,D,12,15,4,3,7,5,13,8,4,1,0,0
2022/23,2023-02-04,Aston Villa FC,Leicester City FC,2,4,A,2,3,A,19,9,4,5,11,3,10,10,0,2,0,0
2022/23,2023-02-04,Brentford FC,Southampton FC,3,0,H,2,0,H,14,14,4,6,4,4,10,9,1,2,0,0
2022/23,2023-02-04,Brighton & Hove Albion FC,AFC Bournemouth,1,0,H,0,0,D,20,12,6,2,7,3,14,7,3,1,0,0
2022/23,2023-02-04,Manchester United FC,Crystal Palace FC,2,1,H,1,0,H,14,10,5,3,5,5,9,9,1,2,1,0
2022/23,2023-02-04,Wolverhampton Wanderers FC,Liverpool FC,3,0,H,2,0,H,12,22,6,4,2,7,9,7,1,1,0,0
2022/23,2023-02-04,Newcastle United FC,West Ham United FC,1,1,D,1,1,D,8,10,2,1,4,2,11,13,2,1,0,0
2022/23,2023-02-05,Nottingham Forest FC,Leeds United FC,1,0,H,1,0,H,6,10,2,4,0,2,15,14,4,2,0,0
2022/23,2023-02-05,Tottenham Hotspur FC,Manchester City FC,1,0,H,1,0,H,12,15,3,5,4,6,19,14,2,3,1,0
2022/23,2023-02-08,Manchester United FC,Leeds United FC,2,2,D,0,1,A,24,8,7,2,6,5,7,11,1,3,0,0
2022/23,2023-02-11,West Ham United FC,Chelsea FC,1,1,D,1,1,D,10,12,2,4,5,6,9,11,1,1,0,0
2022/23,2023-02-11,Arsenal FC,Brentford FC,1,1,D,0,0,D,23,9,7,2,7,4,9,9,0,2,0,0
2022/23,2023-02-11,Crystal Palace FC,Brighton & Hove Albion FC,1,1,D,0,0,D,6,17,1,7,1,6,10,11,4,1,0,0
2022/23,2023-02-11,Fulham FC,Nottingham Forest FC,2,0,H,1,0,H,16,10,3,1,5,4,9,11,0,1,0,0
2022/23,2023-02-11,Leicester City FC,Tottenham Hotspur FC,4,1,H,3,1,H,15,11,7,4,1,5,14,9,5,2,0,0
2022/23,2023-02-11,Southampton FC,Wolverhampton Wanderers FC,1,2,A,1,0,H,17,11,2,2,5,2,12,14,2,2,0,1
2022/23,2023-02-11,AFC Bournemouth,Newcastle United FC,1,1,D,1,1,D,11,15,5,7,4,6,8,10,2,3,0,0
2022/23,2023-02-12,Leeds United FC,Manchester United FC,0,2,A,0,0,D,16,11,6,5,7,3,10,13,2,1,0,0
2022/23,2023-02-12,Manchester City FC,Aston Villa FC,3,1,H,3,0,H,17,6,9,2,8,4,13,14,1,2,0,0
2022/23,2023-02-13,Liverpool FC,Everton FC,2,0,H,1,0,H,15,6,6,1,3,3,8,16,1,3,0,0
2022/23,2023-02-15,Arsenal FC,Manchester City FC,1,3,A,1,1,D,10,9,1,6,1,3,11,15,2,3,0,0
2022/23,2023-02-18,Aston Villa FC,Arsenal FC,2,4,A,2,1,H,7,20,5,5,2,9,13,4,2,1,0,0
2022/23,2023-02-18,Brentford FC,Crystal Palace FC,1,1,D,0,0,D,12,10,5,4,2,6,10,8,2,2,0,0
2022/23,2023-02-18,Brighton & Hove Albion FC,Fulham FC,0,1,A,0,0,D,21,5,7,2,10,2,12,14,0,5,0,0
2022/23,2023-02-18,Chelsea FC,Southampton FC,0,1,A,0,1,A,17,8,5,5,8,2,16,24,3,6,0,0
2022/23,2023-02-18,Everton FC,Leeds United FC,1,0,H,0,0,D,15,8,6,0,6,4,8,6,2,3,0,0
2022/23,2023-02-18,Nottingham Forest FC,Manchester City FC,1,1,D,0,1,A,4,26,1,6,0,10,8,6,1,0,0,0
2022/23,2023-02-18,Wolverhampton Wanderers FC,AFC Bournemouth,0,1,A,0,0,D,15,5,4,1,12,2,12,10,3,3,0,0
2022/23,2023-02-18,Newcastle United FC,Liverpool FC,0,2,A,0,2,A,14,13,4,7,6,7,3,8,1,1,1,0
2022/23,2023-02-19,Manchester United FC,Leicester City FC,3,0,H,1,0,H,26,19,8,3,6,6,9,9,0,2,0,0
2022/23,2023-02-19,Tottenham Hotspur FC,West Ham United FC,2,0,H,0,0,D,16,6,6,1,4,7,16,10,2,1,0,0
2022/23,2023-02-24,Fulham FC,Wolverhampton Wanderers FC,1,1,D,0,1,A,10,8,5,2,4,3,12,17,2,0,0,0
2022/23,2023-02-25,Everton FC,Aston Villa FC,0,2,A,0,0,D,15,9,5,5,5,1,12,12,2,1,0,0
2022/23,2023-02-25,Leeds United FC,Southampton FC,1,0,H,0,0,D,14,8,4,2,9,2,15,13,2,4,0,0
2022/23,2023-02-25,Leicester City FC,Arsenal FC,0,1,A,0,0,D,1,10,0,2,0,8,14,9,0,1,0,0
2022/23,2023-02-25,West Ham United FC,Nottingham Forest FC,4,0,H,0,0,D,18,8,5,3,12,3,8,5,0,0,0,0
2022/23,2023-02-25,AFC Bournemouth,Manchester City FC,1,4,A,0,3,A,13,20,2,5,4,6,10,9,2,2,0,0
2022/23,2023-02-25,Crystal Palace FC,Liverpool FC,0,0,D,0,0,D,6,12,0,4,5,3,11,14,2,5,0,0
2022/23,2023-02-26,Tottenham Hotspur FC,Chelsea FC,2,0,H,0,0,D,8,10,3,2,4,4,10,10,2,3,0,0
2022/23,2023-03-01,Arsenal FC,Everton FC,4,0,H,2,0,H,15,8,5,5,5,1,5,12,0,2,0,0
2022/23,2023-03-01,Liverpool FC,Wolverhampton Wanderers FC,2,0,H,0,0,D,15,4,6,1,5,2,13,14,2,3,0,0
2022/23,2023-03-04,Manchester City FC,Newcastle United FC,2,0,H,1,0,H,11,5,3,2,8,4,8,13,2,4,0,0
2022/23,2023-03-04,Arsenal FC,AFC Bournemouth,3,2,H,0,1,A,31,4,9,4,17,1,6,8,0,2,0,0
2022/23,2023-03-04,Aston Villa FC,Crystal Palace FC,1,0,H,1,0,H,8,3,1,0,2,4,14,17,2,3,0,1
2022/23,2023-03-04,Brighton & Hove Albion FC,West Ham United FC,4,0,H,1,0,H,20,3,9,2,7,3,6,8,0,3,0,0
2022/23,2023-03-04,Chelsea FC,Leeds United FC,1,0,H,0,0,D,13,11,3,2,5,7,10,7,2,0,0,0
2022/23,2023-03-04,Wolverhampton Wanderers FC,Tottenham Hotspur FC,1,0,H,0,0,D,8,21,5,6,4,8,11,18,1,1,0,0
2022/23,2023-03-04,Southampton FC,Leicester City FC,1,0,H,1,0,H,11,11,5,0,3,4,12,11,4,2,0,0
2022/23,2023-03-05,Nottingham Forest FC,Everton FC,2,2,D,1,2,A,10,10,4,3,3,3,11,17,3,5,0,0
2022/23,2023-03-05,Liverpool FC,Manchester United FC,7,0,H,1,0,H,18,8,8,4,4,3,13,14,2,3,0,0
2022/23,2023-03-06,Brentford FC,Fulham FC,3,2,H,1,1,D,14,9,6,5,2,3,12,17,0,3,0,0
2022/23,2023-03-11,AFC Bournemouth,Liverpool FC,1,0,H,1,0,H,5,15,2,6,3,8,7,9,2,1,0,0
2022/23,2023-03-11,Everton FC,Brentford FC,1,0,H,1,0,H,13,12,6,4,5,8,11,12,2,1,0,0
2022/23,2023-03-11,Leeds United FC,Brighton & Hove Albion FC,2,2,D,1,1,D,12,14,4,2,4,7,12,9,1,1,0,0
2022/23,2023-03-11,Leicester City FC,Chelsea FC,1,3,A,1,2,A,17,12,7,6,2,5,10,11,1,2,1,0
2022/23,2023-03-11,Tottenham Hotspur FC,Nottingham Forest FC,3,1,H,2,0,H,15,9,7,5,2,10,13,13,3,1,0,0
2022/23,2023-03-11,Crystal Palace FC,Manchester City FC,0,1,A,0,0,D,4,14,0,4,2,6,11,17,2,2,0,0
2022/23,2023-03-12,Fulham FC,Arsenal FC,0,3,A,0,3,A,12,15,2,7,4,8,10,9,0,1,0,0
2022/23,2023-03-12,Manchester United FC,Southampton FC,0,0,D,0,0,D,10,17,4,4,7,8,12,9,2,0,0,0
2022/23,2023-03-12,West Ham United FC,Aston Villa FC,1,1,D,1,1,D,17,12,6,4,13,2,8,6,1,0,0,0
2022/23,2023-03-12,Newcastle United FC,Wolverhampton Wanderers FC,2,1,H,1,0,H,19,7,8,4,10,3,11,10,1,2,0,0
2022/23,2023-03-15,Brighton & Hove Albion FC,Crystal Palace FC,1,0,H,1,0,H,11,11,5,3,1,4,13,20,1,2,0,0
2022/23,2023-03-15,Southampton FC,Brentford FC,0,2,A,0,1,A,7,11,1,5,3,3,14,10,1,2,0,0
2022/23,2023-03-17,Nottingham Forest FC,Newcastle United FC,1,2,A,1,1,D,5,15,3,4,3,7,17,9,5,1,0,0
2022/23,2023-03-18,Aston Villa FC,AFC Bournemouth,3,0,H,1,0,H,20,10,9,3,9,6,8,13,1,4,0,0
2022/23,2023-03-18,Brentford FC,Leicester City FC,1,1,D,1,0,H,11,14,2,1,8,4,10,11,1,2,1,0
2022/23,2023-03-18,Southampton FC,Tottenham Hotspur FC,3,3,D,0,1,A,19,17,7,3,10,3,13,8,1,1,0,0
2022/23,2023-03-18,Wolverhampton Wanderers FC,Leeds United FC,2,4,A,0,1,A,23,11,8,4,5,4,15,9,3,5,1,0
2022/23,2023-03-18,Chelsea FC,Everton FC,2,2,D,0,0,D,20,12,7,3,8,2,8,12,2,2,0,0
2022/23,2023-03-19,Arsenal FC,Crystal Palace FC,4,1,H,2,0,H,15,8,5,4,5,4,8,10,0,1,0,0
2022/23,2023-04-01,Manchester City FC,Liverpool FC,4,1,H,1,1,D,17,4,8,1,7,1,9,12,1,1,0,0
2022/23,2023-04-01,Arsenal FC,Leeds United FC,4,1,H,1,0,H,13,7,6,5,4,3,11,13,0,2,0,0
2022/23,2023-04-01,AFC Bournemouth,Fulham FC,2,1,H,0,1,A,12,10,7,2,4,3,15,13,1,4,0,0
2022/23,2023-04-01,Brighton & Hove Albion FC,Brentford FC,3,3,D,2,2,D,33,7,15,5,14,0,16,10,2,1,0,0
2022/23,2023-04-01,Crystal Palace FC,Leicester City FC,2,1,H,0,0,D,31,3,9,2,10,1,12,16,3,4,0,0
2022/23,2023-04-01,Nottingham Forest FC,Wolverhampton Wanderers FC,1,1,D,1,0,H,17,8,7,1,4,3,14,13,3,5,0,0
2022/23,2023-04-01,Chelsea FC,Aston Villa FC,0,2,A,0,1,A,27,5,8,2,13,2,14,16,3,3,0,0
2022/23,2023-04-02,West Ham United FC,Southampton FC,1,0,H,1,0,H,12,9,2,3,5,3,10,11,0,2,0,0
2022/23,2023-04-02,Newcastle United FC,Manchester United FC,2,0,H,0,0,D,22,6,6,1,7,4,8,12,0,0,0,0
2022/23,2023-04-03,Everton FC,Tottenham Hotspur FC,1,1,D,0,0,D,15,8,6,2,3,3,10,14,0,3,1,1
2022/23,2023-04-04,AFC Bournemouth,Brighton & Hove Albion FC,0,2,A,0,1,A,14,16,3,6,5,5,11,5,1,1,0,0
2022/23,2023-04-04,Leeds United FC,Nottingham Forest FC,2,1,H,2,1,H,21,13,6,1,11,4,11,13,1,4,0,0
2022/23,2023-04-04,Leicester City FC,Aston Villa FC,1,2,A,1,1,D,9,15,4,5,4,8,10,14,2,0,1,0
2022/23,2023-04-04,Chelsea FC,Liverpool FC,0,0,D,0,0,D,12,7,3,4,3,5,6,17,1,4,0,0
2022/23,2023-04-05,Manchester United FC,Brentford FC,1,0,H,1,0,H,18,6,3,1,12,3,8,13,3,2,0,0
2022/23,2023-04-05,West Ham United FC,Newcastle United FC,1,5,A,1,2,A,7,15,2,8,7,6,11,12,2,1,0,0
2022/23,2023-04-08,Manchester United FC,Everton FC,2,0,H,1,0,H,29,15,11,1,10,4,10,9,0,0,0,0
2022/23,2023-04-08,Aston Villa FC,Nottingham Forest FC,2,0,H,0,0,D,8,6,3,2,1,8,7,17,3,4,0,0
2022/23,2023-04-08,Brentford FC,Newcastle United FC,1,2,A,1,0,H,12,10,6,4,6,5,10,15,0,0,0,0
2022/23,2023-04-08,Fulham FC,West Ham United FC,0,1,A,0,1,A,16,9,3,5,11,4,10,12,1,1,0,0
2022/23,2023-04-08,Leicester City FC,AFC Bournemouth,0,1,A,0,1,A,14,19,4,7,6,6,10,13,0,3,0,0
2022/23,2023-04-08,Tottenham Hotspur FC,Brighton & Hove Albion FC,2,1,H,1,1,D,9,17,3,4,3,7,15,15,3,1,0,0
2022/23,2023-04-08,Wolverhampton Wanderers FC,Chelsea FC,1,0,H,1,0,H,9,13,4,1,8,8,14,10,2,5,0,0
2022/23,2023-04-08,Southampton FC,Manchester City FC,1,4,A,0,1,A,4,13,1,8,0,10,6,10,0,2,0,0
2022/23,2023-04-09,Leeds United FC,Crystal Palace FC,1,5,A,1,1,D,11,16,7,8,2,4,11,8,3,1,0,0
2022/23,2023-04-09,Liverpool FC,Arsenal FC,2,2,D,1,2,A,21,9,6,5,5,4,11,11,4,4,0,0
2022/23,2023-04-15,Aston Villa FC,Newcastle United FC,3,0,H,1,0,H,16,8,6,2,7,2,13,15,1,1,0,0
2022/23,2023-04-15,Chelsea FC,Brighton & Hove Albion FC,1,2,A,1,1,D,8,26,2,10,2,8,11,11,2,2,0,0
2022/23,2023-04-15,Everton FC,Fulham FC,1,3,A,1,1,D,15,21,7,7,4,8,10,6,3,2,0,0
2022/23,2023-04-15,Southampton FC,Crystal Palace FC,0,2,A,0,0,D,11,9,4,2,6,2,6,13,3,1,0,0
2022/23,2023-04-15,Tottenham Hotspur FC,AFC Bournemouth,2,3,A,1,1,D,24,6,8,6,8,1,8,9,1,2,0,0
2022/23,2023-04-15,Wolverhampton Wanderers FC,Brentford FC,2,0,H,1,0,H,11,10,9,3,5,2,12,8,1,1,0,0
2022/23,2023-04-15,Manchester City FC,Leicester City FC,3,1,H,3,0,H,12,10,4,4,6,2,8,8,1,1,0,0
2022/23,2023-04-16,West Ham United FC,Arsenal FC,2,2,D,1,2,A,16,11,3,5,7,2,11,8,1,2,0,0
2022/23,2023-04-16,Nottingham Forest FC,Manchester United FC,0,2,A,0,1,A,6,22,0,8,4,9,9,9,2,2,0,0
2022/23,2023-04-17,Leeds United FC,Liverpool FC,1,6,A,0,2,A,13,13,3,7,4,2,6,12,0,1,0,0
2022/23,2023-04-21,Arsenal FC,Southampton FC,3,3,D,1,2,A,25,8,6,6,7,2,10,14,1,5,0,0
2022/23,2023-04-22,Fulham FC,Leeds United FC,2,1,H,0,0,D,12,10,5,2,8,6,10,15,1,4,0,0
2022/23,2023-04-22,Brentford FC,Aston Villa FC,1,1,D,0,0,D,6,14,5,2,8,4,12,8,3,2,0,0
2022/23,2023-04-22,Crystal Palace FC,Everton FC,0,0,D,0,0,D,12,10,2,5,8,1,12,14,1,1,0,1
2022/23,2023-04-22,Leicester City FC,Wolverhampton Wanderers FC,2,1,H,1,1,D,15,16,8,3,1,7,17,16,1,3,0,0
2022/23,2023-04-22,Liverpool FC,Nottingham Forest FC,3,2,H,0,0,D,18,11,6,5,9,3,9,12,0,1,0,0
2022/23,2023-04-23,AFC Bournemouth,West Ham United FC,0,4,A,0,3,A,17,18,5,10,8,5,7,8,1,2,0,0
2022/23,2023-04-23,Newcastle United FC,Tottenham Hotspur FC,6,1,H,5,0,H,25,11,8,3,9,3,7,13,0,3,0,0
2022/23,2023-04-25,Wolverhampton Wanderers FC,Crystal Palace FC,2,0,H,1,0,H,9,14,3,4,6,11,13,14,5,4,0,0
2022/23,2023-04-25,Aston Villa FC,Fulham FC,1,0,H,1,0,H,14,1,3,0,8,2,6,18,3,2,0,0
2022/23,2023-04-25,Leeds United FC,Leicester City FC,1,1,D,1,0,H,13,15,3,3,3,6,14,15,4,2,0,0
2022/23,2023-04-26,Nottingham Forest FC,Brighton & Hove Albion FC,3,1,H,1,1,D,12,17,5,7,2,7,7,8,2,0,0,0
2022/23,2023-04-26,Chelsea FC,Brentford FC,0,2,A,0,1,A,15,7,4,1,5,2,5,13,1,2,0,0
2022/23,2023-04-26,West Ham United FC,Liverpool FC,1,2,A,1,1,D,7,20,2,4,3,6,6,8,0,0,0,0
2022/23,2023-04-26,Manchester City FC,Arsenal FC,4,1,H,2,0,H,14,8,9,2,1,3,13,13,3,1,0,0
2022/23,2023-04-27,Everton FC,Newcastle United FC,1,4,A,0,1,A,13,15,5,8,3,14,8,6,2,1,0,0
2022/23,2023-04-27,Southampton FC,AFC Bournemouth,0,1,A,0,0,D,11,16,2,2,6,4,9,11,0,3,0,0
2022/23,2023-04-27,Tottenham Hotspur FC,Manchester United FC,2,2,D,0,2,A,18,17,7,8,6,8,8,7,1,2,0,0
2022/23,2023-04-29,Crystal Palace FC,West Ham United FC,4,3,H,3,2,H,16,8,6,4,8,5,9,17,1,2,0,0
2022/23,2023-04-29,Brentford FC,Nottingham Forest FC,2,1,H,0,1,A,14,5,8,3,6,0,6,13,1,2,0,0
2022/23,2023-04-29,Brighton & Hove Albion FC,Wolverhampton Wanderers FC,6,0,H,4,0,H,22,10,8,2,2,5,14,11,1,1,0,0
2022/23,2023-04-30,AFC Bournemouth,Leeds United FC,4,1,H,2,1,H,12,15,7,6,2,6,12,14,1,0,0,0
2022/23,2023-04-30,Fulham FC,Manchester City FC,1,2,A,1,2,A,4,12,1,9,2,5,9,10,1,3,0,0
2022/23,2023-04-30,Manchester United FC,Aston Villa FC,1,0,H,1,0,H,14,7,6,1,1,4,16,7,2,0,0,0
2022/23,2023-04-30,Newcastle United FC,Southampton FC,3,1,H,0,1,A,22,4,5,3,11,2,7,10,1,4,0,0
2022/23,2023-04-30,Liverpool FC,Tottenham Hotspur FC,4,3,H,3,1,H,12,10,4,7,5,2,12,6,3,2,0,0
2022/23,2023-05-01,Leicester City FC,Everton FC,2,2,D,2,1,H,15,23,6,8,2,9,10,12,4,1,0,0
2022/23,2023-05-02,Arsenal FC,Chelsea FC,3,1,H,3,0,H,16,7,10,4,7,2,10,10,0,2,0,0
2022/23,2023-05-03,Liverpool FC,Fulham FC,1,0,H,1,0,H,15,9,3,3,7,5,10,8,0,0,0,0
2022/23,2023-05-03,Manchester City FC,West Ham United FC,3,0,H,0,0,D,16,6,7,2,6,3,8,8,0,1,0,0
2022/23,2023-05-04,Brighton & Hove Albion FC,Manchester United FC,1,0,H,0,0,D,22,16,6,5,8,6,10,14,4,4,0,0
2022/23,2023-05-06,AFC Bournemouth,Chelsea FC,1,3,A,1,1,D,10,11,4,5,7,7,9,11,1,3,0,0
2022/23,2023-05-06,Manchester City FC,Leeds United FC,2,1,H,2,0,H,18,4,6,2,10,1,3,16,0,3,0,0
2022/23,2023-05-06,Tottenham Hotspur FC,Crystal Palace FC,1,0,H,1,0,H,8,7,3,2,8,4,15,14,3,5,0,0
2022/23,2023-05-06,Wolverhampton Wanderers FC,Aston Villa FC,1,0,H,1,0,H,6,16,2,3,5,6,20,9,3,3,0,0
2022/23,2023-05-06,Liverpool FC,Brentford FC,1,0,H,1,0,H,15,5,5,1,7,3,19,10,4,2,0,0
2022/23,2023-05-07,Newcastle United FC,Arsenal FC,0,2,A,0,1,A,12,10,5,6,9,4,16,12,2,1,0,0
2022/23,2023-05-07,West Ham United FC,Manchester United FC,1,0,H,1,0,H,15,19,4,4,5,6,4,9,0,2,0,0
2022/23,2023-05-08,Fulham FC,Leicester City FC,5,3,H,3,0,H,17,18,7,9,2,7,13,15,0,3,0,0
2022/23,2023-05-08,Brighton & Hove Albion FC,Everton FC,1,5,A,0,3,A,23,10,5,5,15,1,11,13,1,5,0,0
2022/23,2023-05-08,Nottingham Forest FC,Southampton FC,4,3,H,3,1,H,9,19,4,5,2,11,16,10,1,0,0,0
2022/23,2023-05-13,Leeds United FC,Newcastle United FC,2,2,D,1,1,D,9,18,4,5,2,6,16,14,3,2,1,0
2022/23,2023-05-13,Aston Villa FC,Tottenham Hotspur FC,2,1,H,1,0,H,8,5,4,2,8,3,9,14,3,3,0,0
2022/23,2023-05-13,Chelsea FC,Nottingham Forest FC,2,2,D,0,1,A,14,11,6,2,2,5,13,15,3,1,0,0
2022/23,2023-05-13,Crystal Palace FC,AFC Bournemouth,2,0,H,1,0,H,17,5,5,0,11,2,5,12,0,2,0,0
2022/23,2023-05-13,Manchester United FC,Wolverhampton Wanderers FC,2,0,H,1,0,H,27,5,9,0,11,7,9,9,3,2,0,0
2022/23,2023-05-13,Southampton FC,Fulham FC,0,2,A,0,0,D,5,9,1,4,1,8,17,12,2,0,0,0
2022/23,2023-05-14,Brentford FC,West Ham United FC,2,0,H,2,0,H,24,4,10,4,7,5,5,5,1,0,0,0
2022/23,2023-05-14,Everton FC,Manchester City FC,0,3,A,0,2,A,7,9,3,4,8,6,12,4,1,0,0,0
2022/23,2023-05-14,Arsenal FC,Brighton & Hove Albion FC,0,3,A,0,0,D,14,12,2,6,5,2,13,17,1,2,0,0
2022/23,2023-05-15,Leicester City FC,Liverpool FC,0,3,A,0,2,A,4,16,4,5,4,4,11,17,2,1,0,0
2022/23,2023-05-18,Newcastle United FC,Brighton & Hove Albion FC,4,1,H,2,0,H,22,8,9,2,6,1,17,16,2,4,0,0
2022/23,2023-05-20,Tottenham Hotspur FC,Brentford FC,1,3,A,1,0,H,22,11,8,4,8,2,11,9,1,1,0,0
2022/23,2023-05-20,AFC Bournemouth,Manchester United FC,0,1,A,0,1,A,10,20,4,5,3,6,6,7,1,0,0,0
2022/23,2023-05-20,Fulham FC,Crystal Palace FC,2,2,D,1,1,D,11,11,4,5,7,4,13,12,3,0,0,0
2022/23,2023-05-20,Liverpool FC,Aston Villa FC,1,1,D,0,1,A,10,6,5,3,9,4,16,13,3,5,0,0
2022/23,2023-05-20,Wolverhampton Wanderers FC,Everton FC,1,1,D,1,0,H,13,19,5,4,1,7,18,10,5,1,0,0
2022/23,2023-05-20,Nottingham Forest FC,Arsenal FC,1,0,H,1,0,H,6,11,2,3,3,6,11,12,3,2,0,0
2022/23,2023-05-21,West Ham United FC,Leeds United FC,3,1,H,1,1,D,19,12,9,3,9,5,6,11,1,3,0,0
2022/23,2023-05-21,Brighton & Hove Albion FC,Southampton FC,3,1,H,2,0,H,26,5,8,1,4,3,8,9,2,5,0,0
2022/23,2023-05-21,Manchester City FC,Chelsea FC,1,0,H,1,0,H,15,13,2,6,5,2,12,9,0,2,0,0
2022/23,2023-05-22,Newcastle United FC,Leicester City FC,0,0,D,0,0,D,23,1,4,1,12,1,9,5,2,0,0,0
2022/23,2023-05-24,Brighton & Hove Albion FC,Manchester City FC,1,1,D,1,1,D,20,13,7,4,5,1,16,11,2,1,0,0
2022/23,2023-05-25,Manchester United FC,Chelsea FC,4,1,H,2,0,H,18,14,9,5,3,4,12,6,1,1,0,0
2022/23,2023-05-28,Arsenal FC,Wolverhampton Wanderers FC,5,0,H,3,0,H,14,6,8,0,8,4,8,11,0,0,0,0
2022/23,2023-05-28,Aston Villa FC,Brighton & Hove Albion FC,2,1,H,2,1,H,12,8,5,4,4,3,15,16,4,4,0,0
2022/23,2023-05-28,Brentford FC,Manchester City FC,1,0,H,0,0,D,11,17,4,3,3,4,12,8,4,0,0,0
2022/23,2023-05-28,Chelsea FC,Newcastle United FC,1,1,D,1,1,D,22,13,5,4,10,3,9,11,0,0,0,0
2022/23,2023-05-28,Crystal Palace FC,Nottingham Forest FC,1,1,D,0,1,A,16,7,4,4,5,4,9,13,0,2,0,0
2022/23,2023-05-28,Everton FC,AFC Bournemouth,1,0,H,0,0,D,13,7,6,2,9,3,11,12,1,3,0,0
2022/23,2023-05-28,Leeds United FC,Tottenham Hotspur FC,1,4,A,0,1,A,19,11,2,7,12,3,7,5,3,0,0,0
2022/23,2023-05-28,Leicester City FC,West Ham United FC,2,1,H,1,0,H,13,16,4,3,3,5,8,10,1,1,0,0
2022/23,2023-05-28,Manchester United FC,Fulham FC,2,1,H,1,1,D,21,10,8,3,5,4,14,10,1,2,0,0
2022/23,2023-05-28,Southampton FC,Liverpool FC,4,4,D,2,2,D,15,30,10,8,2,9,4,10,0,2,0,0
2023/24,2023-08-11,Burnley FC,Manchester City FC,0,3,A,0,2,A,6,17,1,8,6,5,11,8,0,0,1,0
2023/24,2023-08-12,Arsenal FC,Nottingham Forest FC,2,1,H,2,0,H,15,6,7,2,8,3,12,12,2,2,0,0
2023/24,2023-08-12,AFC Bournemouth,West Ham United FC,1,1,D,0,0,D,14,16,5,3,10,4,9,14,1,4,0,0
2023/24,2023-08-12,Brighton & Hove Albion FC,Luton Town FC,4,1,H,1,0,H,27,9,12,3,6,7,11,12,2,2,0,0
2023/24,2023-08-12,Everton FC,Fulham FC,0,1,A,0,0,D,19,9,9,2,10,4,12,6,0,2,0,0
2023/24,2023-08-12,Sheffield United FC,Crystal Palace FC,0,1,A,0,0,D,8,24,1,8,5,5,18,11,3,0,0,0
2023/24,2023-08-12,Newcastle United FC,Aston Villa FC,5,1,H,2,1,H,17,16,13,6,6,5,12,17,4,4,0,0
2023/24,2023-08-13,Brentford FC,Tottenham Hotspur FC,2,2,D,2,2,D,11,18,6,6,3,6,12,13,1,4,0,0
2023/24,2023-08-13,Chelsea FC,Liverpool FC,1,1,D,1,1,D,10,13,4,1,4,4,5,12,3,3,0,0
2023/24,2023-08-14,Manchester United FC,Wolverhampton Wanderers FC,1,0,H,0,0,D,15,23,3,6,8,7,14,10,2,3,0,0
2023/24,2023-08-18,Nottingham Forest FC,Sheffield United FC,2,1,H,1,0,H,16,7,4,3,6,7,5,9,2,3,0,0
2023/24,2023-08-19,Fulham FC,Brentford FC,0,3,A,0,1,A,10,17,2,8,5,5,13,12,2,2,1,0
2023/24,2023-08-19,Liverpool FC,AFC Bournemouth,3,1,H,2,1,H,26,13,10,5,10,2,11,13,1,3,1,0
2023/24,2023-08-19,Wolverhampton Wanderers FC,Brighton & Hove Albion FC,1,4,A,0,1,A,16,16,5,8,5,3,14,11,3,6,1,0
2023/24,2023-08-19,Tottenham Hotspur FC,Manchester United FC,2,0,H,0,0,D,17,22,6,6,5,6,9,8,1,3,0,0
2023/24,2023-08-19,Manchester City FC,Newcastle United FC,1,0,H,1,0,H,14,7,4,1,3,0,12,11,1,5,0,0
2023/24,2023-08-20,Aston Villa FC,Everton FC,4,0,H,2,0,H,13,9,7,2,7,6,8,12,3,4,0,0
2023/24,2023-08-20,West Ham United FC,Chelsea FC,3,1,H,1,1,D,12,17,6,4,3,9,12,9,2,3,1,0
2023/24,2023-08-21,Crystal Palace FC,Arsenal FC,0,1,A,0,0,D,14,14,2,3,1,8,14,10,2,1,0,1
2023/24,2023-08-25,Chelsea FC,Luton Town FC,3,0,H,1,0,H,19,11,8,1,6,4,15,12,2,3,0,0
2023/24,2023-08-26,AFC Bournemouth,Tottenham Hotspur FC,0,2,A,0,1,A,11,17,3,6,6,2,18,11,1,3,0,0
2023/24,2023-08-26,Arsenal FC,Fulham FC,2,2,D,0,1,A,19,8,11,3,8,3,6,5,0,3,0,1
2023/24,2023-08-26,Brentford FC,Crystal Palace FC,1,1,D,1,0,H,12,15,1,5,8,6,9,15,0,0,0,0
2023/24,2023-08-26,Everton FC,Wolverhampton Wanderers FC,0,1,A,0,0,D,15,11,7,2,7,0,10,14,3,4,0,0
2023/24,2023-08-26,Manchester United FC,Nottingham Forest FC,3,2,H,1,2,A,18,9,9,4,11,3,13,11,4,4,0,1
2023/24,2023-08-26,Brighton & Hove Albion FC,West Ham United FC,1,3,A,0,1,A,25,12,10,3,17,4,10,9,1,3,0,0
2023/24,2023-08-27,Burnley FC,Aston Villa FC,1,3,A,0,2,A,9,16,2,6,4,6,12,11,2,0,0,0
2023/24,2023-08-27,Sheffield United FC,Manchester City FC,1,2,A,0,0,D,6,30,2,9,1,12,11,2,3,0,0,0
2023/24,2023-08-27,Newcastle United FC,Liverpool FC,1,2,A,1,0,H,23,9,8,4,5,9,16,10,1,2,0,1
2023/24,2023-09-01,Luton Town FC,West Ham United FC,1,2,A,0,1,A,16,9,1,3,9,6,8,13,1,1,0,0
2023/24,2023-09-02,Sheffield United FC,Everton FC,2,2,D,2,1,H,13,16,8,6,4,6,11,13,1,2,0,0
2023/24,2023-09-02,Brentford FC,AFC Bournemouth,2,2,D,1,1,D,21,12,7,5,5,2,6,13,1,2,0,0
2023/24,2023-09-02,Burnley FC,Tottenham Hotspur FC,2,5,A,1,2,A,16,20,4,10,7,4,15,9,4,3,0,0
2023/24,2023-09-02,Chelsea FC,Nottingham Forest FC,0,1,A,0,0,D,21,7,2,3,8,0,10,9,3,4,0,0
2023/24,2023-09-02,Manchester City FC,Fulham FC,5,1,H,2,1,H,7,6,5,4,4,5,12,12,2,4,0,0
2023/24,2023-09-02,Brighton & Hove Albion FC,Newcastle United FC,3,1,H,1,0,H,15,9,6,2,5,3,14,17,4,4,0,0
2023/24,2023-09-03,Crystal Palace FC,Wolverhampton Wanderers FC,3,2,H,0,0,D,16,12,11,4,4,2,12,12,1,3,0,0
2023/24,2023-09-03,Liverpool FC,Aston Villa FC,3,0,H,2,0,H,17,9,4,3,7,3,12,7,0,1,0,0
2023/24,2023-09-03,Arsenal FC,Manchester United FC,3,1,H,1,1,D,17,10,5,2,12,3,8,7,2,3,0,0
2023/24,2023-09-16,Wolverhampton Wanderers FC,Liverpool FC,1,3,A,1,0,H,11,16,2,6,4,4,10,4,1,3,0,0
2023/24,2023-09-16,Aston Villa FC,Crystal Palace FC,3,1,H,0,0,D,16,6,5,3,4,2,13,9,5,3,0,0
2023/24,2023-09-16,Fulham FC,Luton Town FC,1,0,H,0,0,D,13,7,2,2,6,2,6,14,2,2,0,0
2023/24,2023-09-16,Manchester United FC,Brighton & Hove Albion FC,1,3,A,0,1,A,14,10,4,8,8,1,8,9,2,2,0,0
2023/24,2023-09-16,Tottenham Hotspur FC,Sheffield United FC,2,1,H,0,0,D,28,7,10,5,15,2,13,14,6,5,0,1
2023/24,2023-09-16,West Ham United FC,Manchester City FC,1,3,A,1,0,H,6,29,3,15,4,11,7,11,3,2,0,0
2023/24,2023-09-16,Newcastle United FC,Brentford FC,1,0,H,0,0,D,9,11,2,2,8,3,8,12,3,5,0,0
2023/24,2023-09-17,AFC Bournemouth,Chelsea FC,0,0,D,0,0,D,13,14,4,6,1,7,15,20,1,5,0,0
2023/24,2023-09-17,Everton FC,Arsenal FC,0,1,A,0,0,D,8,13,1,4,1,11,12,10,1,1,0,0
2023/24,2023-09-18,Nottingham Forest FC,Burnley FC,1,1,D,0,1,A,14,10,4,3,5,4,16,10,2,3,0,1
2023/24,2023-09-23,Crystal Palace FC,Fulham FC,0,0,D,0,0,D,7,10,3,5,3,2,10,15,3,2,0,0
2023/24,2023-09-23,Luton Town FC,Wolverhampton Wanderers FC,1,1,D,0,0,D,20,3,4,3,10,1,12,17,0,2,0,1
2023/24,2023-09-23,Manchester City FC,Nottingham Forest FC,2,0,H,2,0,H,7,10,4,3,6,6,5,17,3,7,1,0
2023/24,2023-09-23,Brentford FC,Everton FC,1,3,A,1,1,D,12,18,2,6,1,4,9,12,2,2,0,0
2023/24,2023-09-23,Burnley FC,Manchester United FC,0,1,A,0,1,A,12,11,4,4,9,5,6,12,1,2,0,0
2023/24,2023-09-24,Arsenal FC,Tottenham Hotspur FC,2,2,D,1,1,D,13,13,6,5,11,4,12,19,3,4,0,0
2023/24,2023-09-24,Brighton & Hove Albion FC,AFC Bournemouth,3,1,H,1,1,D,13,12,4,4,4,4,12,17,3,3,0,0
2023/24,2023-09-24,Chelsea FC,Aston Villa FC,0,1,A,0,0,D,10,15,4,7,5,11,9,11,2,3,0,0
2023/24,2023-09-24,Liverpool FC,West Ham United FC,3,1,H,1,1,D,22,11,7,4,7,4,12,13,0,2,0,0
2023/24,2023-09-24,Sheffield United FC,Newcastle United FC,0,8,A,0,3,A,9,22,1,15,2,6,12,8,3,0,0,0
2023/24,2023-09-30,Aston Villa FC,Brighton & Hove Albion FC,6,1,H,3,0,H,19,11,9,3,1,3,19,21,4,4,0,0
2023/24,2023-09-30,AFC Bournemouth,Arsenal FC,0,4,A,0,2,A,8,15,1,8,6,6,11,10,0,1,0,0
2023/24,2023-09-30,Everton FC,Luton Town FC,1,2,A,1,2,A,23,9,5,2,3,6,8,10,0,1,0,0
2023/24,2023-09-30,Manchester United FC,Crystal Palace FC,0,1,A,0,1,A,19,8,4,2,10,4,10,8,3,2,0,0
2023/24,2023-09-30,Newcastle United FC,Burnley FC,2,0,H,1,0,H,20,8,8,2,5,3,7,15,1,3,0,0
2023/24,2023-09-30,West Ham United FC,Sheffield United FC,2,0,H,2,0,H,20,16,9,2,7,4,6,9,1,1,0,0
2023/24,2023-09-30,Wolverhampton Wanderers FC,Manchester City FC,2,1,H,1,0,H,3,23,1,8,0,6,18,12,5,4,0,0
2023/24,2023-09-30,Tottenham Hotspur FC,Liverpool FC,2,1,H,1,1,D,24,12,8,4,12,5,11,17,5,4,0,2
2023/24,2023-10-01,Nottingham Forest FC,Brentford FC,1,1,D,0,0,D,6,18,1,5,1,11,6,10,1,2,1,0
2023/24,2023-10-02,Fulham FC,Chelsea FC,0,2,A,0,2,A,10,11,3,4,8,1,15,12,1,4,0,0
2023/24,2023-10-03,Luton Town FC,Burnley FC,1,2,A,0,1,A,18,14,3,4,7,6,14,6,4,2,0,0
2023/24,2023-10-07,Luton Town FC,Tottenham Hotspur FC,0,1,A,0,0,D,12,15,2,4,5,6,16,7,2,1,0,1
2023/24,2023-10-07,Burnley FC,Chelsea FC,1,4,A,1,1,D,10,9,3,5,7,3,11,8,2,4,0,0
2023/24,2023-10-07,Everton FC,AFC Bournemouth,3,0,H,2,0,H,25,11,8,4,8,7,14,15,1,2,0,0
2023/24,2023-10-07,Fulham FC,Sheffield United FC,3,1,H,0,0,D,20,5,6,2,9,4,8,10,1,2,0,0
2023/24,2023-10-07,Manchester United FC,Brentford FC,2,1,H,0,1,A,21,11,8,3,7,5,10,17,0,5,0,0
2023/24,2023-10-07,Crystal Palace FC,Nottingham Forest FC,0,0,D,0,0,D,8,16,2,5,3,7,7,12,0,1,0,0
2023/24,2023-10-08,Brighton & Hove Albion FC,Liverpool FC,2,2,D,1,2,A,14,14,3,4,8,1,12,20,1,2,0,0
2023/24,2023-10-08,West Ham United FC,Newcastle United FC,2,2,D,1,0,H,5,10,3,3,4,2,11,18,3,3,0,0
2023/24,2023-10-08,Wolverhampton Wanderers FC,Aston Villa FC,1,1,D,0,0,D,8,18,3,4,2,10,19,9,2,2,1,0
2023/24,2023-10-08,Arsenal FC,Manchester City FC,1,0,H,0,0,D,12,4,2,1,5,4,8,7,2,3,0,0
2023/24,2023-10-21,Liverpool FC,Everton FC,2,0,H,0,0,D,26,6,6,1,12,4,9,9,1,1,0,1
2023/24,2023-10-21,AFC Bournemouth,Wolverhampton Wanderers FC,1,2,A,1,0,H,7,20,4,7,3,12,15,10,2,6,1,0
2023/24,2023-10-21,Brentford FC,Burnley FC,3,0,H,1,0,H,23,6,10,1,5,5,14,12,5,2,0,1
2023/24,2023-10-21,Manchester City FC,Brighton & Hove Albion FC,2,1,H,2,0,H,10,5,6,3,2,2,9,11,2,2,1,0
2023/24,2023-10-21,Newcastle United FC,Crystal Palace FC,4,0,H,3,0,H,10,17,7,3,6,8,7,12,2,3,0,0
2023/24,2023-10-21,Nottingham Forest FC,Luton Town FC,2,2,D,0,0,D,19,13,8,4,4,2,12,11,3,0,0,0
2023/24,2023-10-21,Chelsea FC,Arsenal FC,2,2,D,1,0,H,11,13,5,3,2,7,7,14,3,3,0,0
2023/24,2023-10-21,Sheffield United FC,Manchester United FC,1,2,A,1,1,D,12,14,6,5,5,4,12,10,3,1,0,0
2023/24,2023-10-22,Aston Villa FC,West Ham United FC,4,1,H,1,0,H,15,14,7,4,8,7,9,15,0,1,0,0
2023/24,2023-10-23,Tottenham Hotspur FC,Fulham FC,2,0,H,1,0,H,15,10,5,3,3,5,10,14,2,0,0,0
2023/24,2023-10-27,Crystal Palace FC,Tottenham Hotspur FC,1,2,A,0,0,D,13,10,3,1,11,2,19,11,2,1,0,0
2023/24,2023-10-28,Chelsea FC,Brentford FC,0,2,A,0,0,D,17,7,2,5,10,1,12,7,1,4,0,0
2023/24,2023-10-28,Arsenal FC,Sheffield United FC,5,0,H,1,0,H,13,2,8,0,6,1,9,13,0,3,0,0
2023/24,2023-10-28,AFC Bournemouth,Burnley FC,2,1,H,1,1,D,13,6,6,3,10,5,9,12,2,3,0,0
2023/24,2023-10-28,Wolverhampton Wanderers FC,Newcastle United FC,2,2,D,1,2,A,11,13,6,5,8,7,13,15,1,4,0,0
2023/24,2023-10-29,West Ham United FC,Everton FC,0,1,A,0,0,D,12,10,2,4,4,3,7,11,4,1,0,0
2023/24,2023-10-29,Aston Villa FC,Luton Town FC,3,1,H,1,0,H,17,7,6,1,6,4,11,10,3,2,0,0
2023/24,2023-10-29,Brighton & Hove Albion FC,Fulham FC,1,1,D,1,0,H,18,10,7,5,7,3,12,8,0,3,0,0
2023/24,2023-10-29,Liverpool FC,Nottingham Forest FC,3,0,H,2,0,H,21,9,8,1,8,3,9,13,2,3,0,0
2023/24,2023-10-29,Manchester United FC,Manchester City FC,0,3,A,0,1,A,7,21,3,10,7,12,9,4,4,1,0,0
2023/24,2023-11-04,Fulham FC,Manchester United FC,0,1,A,0,0,D,18,12,3,5,9,4,9,15,5,2,0,0
2023/24,2023-11-04,Brentford FC,West Ham United FC,3,2,H,1,2,A,16,12,4,2,4,3,12,14,1,4,0,0
2023/24,2023-11-04,Burnley FC,Crystal Palace FC,0,2,A,0,1,A,17,4,5,3,12,1,9,12,0,5,0,0
2023/24,2023-11-04,Everton FC,Brighton & Hove Albion FC,1,1,D,1,0,H,10,7,4,2,3,3,15,5,4,2,0,0
2023/24,2023-11-04,Manchester City FC,AFC Bournemouth,6,1,H,3,0,H,21,5,8,1,12,1,8,9,0,1,0,0
2023/24,2023-11-04,Sheffield United FC,Wolverhampton Wanderers FC,2,1,H,0,0,D,11,10,2,3,4,4,13,10,2,3,0,0
2023/24,2023-11-04,Newcastle United FC,Arsenal FC,1,0,H,0,0,D,9,14,2,1,0,11,14,9,5,1,0,0
2023/24,2023-11-05,Nottingham Forest FC,Aston Villa FC,2,0,H,1,0,H,5,13,3,3,0,10,6,9,1,1,0,0
2023/24,2023-11-05,Luton Town FC,Liverpool FC,1,1,D,0,0,D,8,24,5,6,4,7,7,13,1,1,0,0
2023/24,2023-11-06,Tottenham Hotspur FC,Chelsea FC,1,4,A,1,1,D,8,17,5,8,1,6,12,21,1,5,2,0
2023/24,2023-11-11,Wolverhampton Wanderers FC,Tottenham Hotspur FC,2,1,H,0,1,A,17,6,4,2,11,3,19,15,4,3,0,0
2023/24,2023-11-11,Arsenal FC,Burnley FC,3,1,H,1,0,H,16,8,6,5,3,3,8,9,0,1,1,0
2023/24,2023-11-11,Crystal Palace FC,Everton FC,2,3,A,1,1,D,13,8,4,4,9,2,9,18,1,4,0,0
2023/24,2023-11-11,Manchester United FC,Luton Town FC,1,0,H,0,0,D,15,10,4,4,11,3,9,11,0,2,0,0
2023/24,2023-11-11,AFC Bournemouth,Newcastle United FC,2,0,H,0,0,D,19,8,10,5,6,5,10,4,2,1,0,0
2023/24,2023-11-12,Aston Villa FC,Fulham FC,3,1,H,2,0,H,12,9,6,5,2,2,4,17,2,5,0,0
2023/24,2023-11-12,Brighton & Hove Albion FC,Sheffield United FC,1,1,D,1,0,H,11,9,6,1,6,3,13,16,3,2,1,0
2023/24,2023-11-12,Liverpool FC,Brentford FC,3,0,H,1,0,H,17,16,10,3,6,8,16,12,1,2,0,0
2023/24,2023-11-12,West Ham United FC,Nottingham Forest FC,3,2,H,1,1,D,16,10,6,5,9,4,9,12,2,2,0,0
2023/24,2023-11-12,Chelsea FC,Manchester City FC,4,4,D,2,2,D,17,15,9,10,3,3,12,15,5,3,0,0
2023/24,2023-11-25,Manchester City FC,Liverpool FC,1,1,D,1,0,H,16,8,5,3,9,6,9,11,1,3,0,0
2023/24,2023-11-25,Burnley FC,West Ham United FC,1,2,A,0,0,D,11,11,5,3,4,5,11,7,1,3,0,0
2023/24,2023-11-25,Luton Town FC,Crystal Palace FC,2,1,H,0,0,D,8,16,3,8,4,5,15,12,6,1,0,0
2023/24,2023-11-25,Newcastle United FC,Chelsea FC,4,1,H,1,1,D,14,7,5,4,4,2,13,19,4,4,0,1
2023/24,2023-11-25,Nottingham Forest FC,Brighton & Hove Albion FC,2,3,A,1,2,A,18,11,5,5,6,4,12,7,2,4,0,1
2023/24,2023-11-25,Sheffield United FC,AFC Bournemouth,1,3,A,0,2,A,10,23,2,11,4,7,6,8,4,1,0,0
2023/24,2023-11-25,Brentford FC,Arsenal FC,0,1,A,0,0,D,9,15,3,4,1,8,9,7,1,1,0,0
2023/24,2023-11-26,Tottenham Hotspur FC,Aston Villa FC,1,2,A,1,1,D,18,15,8,5,9,3,11,13,0,4,0,0
2023/24,2023-11-26,Everton FC,Manchester United FC,0,3,A,0,1,A,24,9,6,4,6,5,10,8,3,0,0,0
2023/24,2023-11-27,Fulham FC,Wolverhampton Wanderers FC,3,2,H,1,1,D,12,10,6,6,6,2,13,13,2,2,0,0
2023/24,2023-12-02,Arsenal FC,Wolverhampton Wanderers FC,2,1,H,2,0,H,19,6,6,3,4,0,10,10,1,2,0,0
2023/24,2023-12-02,Brentford FC,Luton Town FC,3,1,H,0,0,D,27,7,6,1,7,5,10,8,1,2,0,0
2023/24,2023-12-02,Burnley FC,Sheffield United FC,5,0,H,2,0,H,19,6,7,3,6,1,9,12,2,5,0,1
2023/24,2023-12-02,Nottingham Forest FC,Everton FC,0,1,A,0,0,D,13,12,2,3,4,3,15,14,1,0,0,0
2023/24,2023-12-02,Newcastle United FC,Manchester United FC,1,0,H,0,0,D,22,8,4,1,7,3,6,13,1,2,0,0
2023/24,2023-12-03,AFC Bournemouth,Aston Villa FC,2,2,D,1,1,D,15,11,7,3,7,7,16,12,5,3,0,0
2023/24,2023-12-03,Chelsea FC,Brighton & Hove Albion FC,3,2,H,2,1,H,8,18,5,9,5,8,16,12,3,5,1,0
2023/24,2023-12-03,Liverpool FC,Fulham FC,4,3,H,2,2,D,26,9,12,5,3,4,6,7,0,0,0,0
2023/24,2023-12-03,West Ham United FC,Crystal Palace FC,1,1,D,1,0,H,9,9,3,2,2,3,17,7,2,0,0,0
2023/24,2023-12-03,Manchester City FC,Tottenham Hotspur FC,3,3,D,2,1,H,18,8,4,4,10,8,14,14,4,4,0,0
2023/24,2023-12-05,Wolverhampton Wanderers FC,Burnley FC,1,0,H,1,0,H,7,12,4,3,6,8,11,15,2,4,0,0
2023/24,2023-12-05,Luton Town FC,Arsenal FC,3,4,A,1,2,A,6,23,4,9,3,8,14,7,2,1,0,0
2023/24,2023-12-06,Brighton & Hove Albion FC,Brentford FC,2,1,H,1,1,D,18,8,7,2,7,3,10,8,3,1,0,0
2023/24,2023-12-06,Crystal Palace FC,AFC Bournemouth,0,2,A,0,1,A,16,11,3,4,3,9,10,17,1,3,0,0
2023/24,2023-12-06,Fulham FC,Nottingham Forest FC,5,0,H,2,0,H,14,4,6,1,6,1,7,10,0,1,0,0
2023/24,2023-12-06,Sheffield United FC,Liverpool FC,0,2,A,0,1,A,6,15,1,8,2,12,12,8,2,3,0,0
2023/24,2023-12-06,Aston Villa FC,Manchester City FC,1,0,H,0,0,D,22,2,7,2,6,0,13,13,2,2,0,0
2023/24,2023-12-06,Manchester United FC,Chelsea FC,2,1,H,1,1,D,28,13,9,3,12,4,12,12,4,0,0,0
2023/24,2023-12-07,Everton FC,Newcastle United FC,3,0,H,0,0,D,21,13,6,3,5,2,18,8,3,0,0,0
2023/24,2023-12-07,Tottenham Hotspur FC,West Ham United FC,1,2,A,1,0,H,23,11,7,5,8,4,11,12,3,3,0,0
2023/24,2023-12-09,Crystal Palace FC,Liverpool FC,1,2,A,0,0,D,8,14,4,2,6,5,17,17,5,2,1,0
2023/24,2023-12-09,Brighton & Hove Albion FC,Burnley FC,1,1,D,0,1,A,29,6,11,3,9,1,5,8,0,4,0,0
2023/24,2023-12-09,Manchester United FC,AFC Bournemouth,0,3,A,0,1,A,20,10,3,4,10,4,7,10,3,1,0,0
2023/24,2023-12-09,Sheffield United FC,Brentford FC,1,0,H,1,0,H,9,10,4,4,3,4,14,13,5,1,0,0
2023/24,2023-12-09,Wolverhampton Wanderers FC,Nottingham Forest FC,1,1,D,1,1,D,10,8,4,2,4,3,9,11,0,1,0,0
2023/24,2023-12-09,Aston Villa FC,Arsenal FC,1,0,H,1,0,H,10,12,3,5,3,3,16,11,4,2,0,0
2023/24,2023-12-10,Everton FC,Chelsea FC,2,0,H,0,0,D,9,16,5,4,4,8,12,12,2,2,0,0
2023/24,2023-12-10,Fulham FC,West Ham United FC,5,0,H,3,0,H,14,9,8,5,3,6,5,10,2,1,0,0
2023/24,2023-12-10,Luton Town FC,Manchester City FC,1,2,A,1,0,H,4,18,2,6,6,3,16,6,2,1,0,0
2023/24,2023-12-10,Tottenham Hotspur FC,Newcastle United FC,4,1,H,2,0,H,23,9,12,3,3,6,10,12,1,3,0,0
2023/24,2023-12-15,Nottingham Forest FC,Tottenham Hotspur FC,0,2,A,0,1,A,15,12,1,6,6,4,16,11,2,4,0,1
2023/24,2023-12-16,Chelsea FC,Sheffield United FC,2,0,H,0,0,D,15,6,6,1,7,6,9,14,1,3,0,0
2023/24,2023-12-16,Manchester City FC,Crystal Palace FC,2,2,D,1,0,H,19,5,9,2,6,1,12,9,1,1,0,0
2023/24,2023-12-16,Newcastle United FC,Fulham FC,3,0,H,0,0,D,27,6,10,4,5,1,7,12,0,2,0,1
2023/24,2023-12-16,Burnley FC,Everton FC,0,2,A,0,2,A,14,9,2,6,8,6,9,8,0,1,0,0
2023/24,2023-12-17,Arsenal FC,Brighton & Hove Albion FC,2,0,H,0,0,D,26,6,9,1,10,1,11,9,1,3,0,0
2023/24,2023-12-17,Brentford FC,Aston Villa FC,1,2,A,1,0,H,4,15,3,5,7,12,19,6,6,4,1,1
2023/24,2023-12-17,West Ham United FC,Wolverhampton Wanderers FC,3,0,H,2,0,H,13,14,4,3,6,6,12,15,3,1,0,0
2023/24,2023-12-17,Liverpool FC,Manchester United FC,0,0,D,0,0,D,34,6,8,1,12,0,13,8,2,4,0,1
2023/24,2023-12-21,Crystal Palace FC,Brighton & Hove Albion FC,1,1,D,1,0,H,11,18,3,6,3,1,12,11,5,2,0,0
2023/24,2023-12-22,Aston Villa FC,Sheffield United FC,1,1,D,0,0,D,12,5,4,2,9,1,11,16,3,3,0,0
2023/24,2023-12-23,West Ham United FC,Manchester United FC,2,0,H,0,0,D,12,11,5,3,4,4,13,15,2,3,0,0
2023/24,2023-12-23,Fulham FC,Burnley FC,0,2,A,0,0,D,19,7,5,2,8,6,5,17,2,1,0,0
2023/24,2023-12-23,Luton Town FC,Newcastle United FC,1,0,H,1,0,H,16,15,5,2,6,7,11,5,2,1,0,0
2023/24,2023-12-23,Nottingham Forest FC,AFC Bournemouth,2,3,A,0,0,D,11,18,5,7,6,6,10,10,0,3,1,0
2023/24,2023-12-23,Tottenham Hotspur FC,Everton FC,2,1,H,2,0,H,13,18,6,8,3,8,6,18,1,4,0,0
2023/24,2023-12-23,Liverpool FC,Arsenal FC,1,1,D,1,1,D,13,13,3,2,4,5,13,14,2,5,0,0
2023/24,2023-12-24,Wolverhampton Wanderers FC,Chelsea FC,2,1,H,0,0,D,14,16,6,5,10,6,11,9,3,5,0,0
2023/24,2023-12-26,Newcastle United FC,Nottingham Forest FC,1,3,A,1,1,D,19,15,7,6,10,2,10,11,3,3,0,0
2023/24,2023-12-26,AFC Bournemouth,Fulham FC,3,0,H,1,0,H,16,8,4,3,6,5,10,10,0,2,0,0
2023/24,2023-12-26,Sheffield United FC,Luton Town FC,2,3,A,0,1,A,21,12,6,4,9,4,13,13,5,0,0,0
2023/24,2023-12-26,Burnley FC,Liverpool FC,0,2,A,0,1,A,9,19,0,10,4,4,7,10,2,1,0,0
2023/24,2023-12-26,Manchester United FC,Aston Villa FC,3,2,H,0,2,A,13,10,7,4,3,6,10,10,1,3,0,0
2023/24,2023-12-27,Brentford FC,Wolverhampton Wanderers FC,1,4,A,1,3,A,14,11,4,5,8,2,5,14,1,1,0,0
2023/24,2023-12-27,Chelsea FC,Crystal Palace FC,2,1,H,1,1,D,9,13,4,5,4,3,13,16,3,2,0,0
2023/24,2023-12-27,Everton FC,Manchester City FC,1,3,A,1,0,H,7,23,2,9,8,4,13,5,4,2,0,0
2023/24,2023-12-28,Brighton & Hove Albion FC,Tottenham Hotspur FC,4,2,H,2,0,H,15,19,9,3,7,6,18,6,3,2,0,0
2023/24,2023-12-28,Arsenal FC,West Ham United FC,0,2,A,0,1,A,30,6,8,3,10,3,8,8,2,0,0,0
2023/24,2023-12-30,Luton Town FC,Chelsea FC,2,3,A,0,2,A,15,12,6,8,7,2,14,21,2,2,0,0
2023/24,2023-12-30,Aston Villa FC,Burnley FC,3,2,H,2,1,H,19,9,7,5,6,2,9,14,4,1,0,1
2023/24,2023-12-30,Crystal Palace FC,Brentford FC,3,1,H,2,1,H,13,9,6,4,7,4,14,10,0,1,0,0
2023/24,2023-12-30,Manchester City FC,Sheffield United FC,2,0,H,1,0,H,18,4,4,2,12,2,5,6,1,1,0,0
2023/24,2023-12-30,Wolverhampton Wanderers FC,Everton FC,3,0,H,1,0,H,12,10,6,0,5,2,9,14,2,3,0,0
2023/24,2023-12-30,Nottingham Forest FC,Manchester United FC,2,1,H,0,0,D,8,10,2,5,4,5,9,11,2,4,0,0
2023/24,2023-12-31,Fulham FC,Arsenal FC,2,1,H,1,1,D,15,13,4,3,5,4,11,10,4,1,0,0
2023/24,2023-12-31,Tottenham Hotspur FC,AFC Bournemouth,3,1,H,1,0,H,12,24,6,4,4,13,9,18,3,3,0,0
2023/24,2024-01-01,Liverpool FC,Newcastle United FC,4,2,H,0,0,D,34,5,15,3,7,3,16,15,3,5,0,0
2023/24,2024-01-02,West Ham United FC,Brighton & Hove Albion FC,0,0,D,0,0,D,6,22,2,8,2,0,4,6,1,0,0,0
2023/24,2024-01-12,Burnley FC,Luton Town FC,1,1,D,1,0,H,13,14,7,5,2,8,7,12,1,0,0,0
2023/24,2024-01-13,Chelsea FC,Fulham FC,1,0,H,1,0,H,17,14,3,4,6,4,13,9,5,1,0,0
2023/24,2024-01-13,Newcastle United FC,Manchester City FC,2,3,A,2,1,H,12,27,5,11,3,13,7,7,1,2,0,0
2023/24,2024-01-14,Everton FC,Aston Villa FC,0,0,D,0,0,D,10,16,2,5,4,5,13,14,1,4,0,0
2023/24,2024-01-14,Manchester United FC,Tottenham Hotspur FC,2,2,D,2,1,H,9,16,2,6,8,13,8,5,2,1,0,0
2023/24,2024-01-20,Arsenal FC,Crystal Palace FC,5,0,H,2,0,H,21,12,6,5,6,7,8,12,0,0,0,0
2023/24,2024-01-20,Brentford FC,Nottingham Forest FC,3,2,H,1,1,D,11,12,5,3,6,4,10,14,1,3,0,0
2023/24,2024-01-21,Sheffield United FC,West Ham United FC,2,2,D,1,1,D,21,16,6,5,4,1,11,10,3,1,1,1
2023/24,2024-01-21,AFC Bournemouth,Liverpool FC,0,4,A,0,0,D,11,14,1,7,8,5,9,12,1,2,0,0
2023/24,2024-01-22,Brighton & Hove Albion FC,Wolverhampton Wanderers FC,0,0,D,0,0,D,11,8,4,3,8,2,10,13,1,4,0,0
2023/24,2024-01-30,Nottingham Forest FC,Arsenal FC,1,2,A,0,0,D,9,19,3,3,2,11,6,7,0,1,0,0
2023/24,2024-01-30,Fulham FC,Everton FC,0,0,D,0,0,D,25,21,6,4,15,6,6,13,1,2,0,0
2023/24,2024-01-30,Luton Town FC,Brighton & Hove Albion FC,4,0,H,3,0,H,18,9,8,2,7,4,13,14,2,2,0,0
2023/24,2024-01-30,Crystal Palace FC,Sheffield United FC,3,2,H,2,2,D,12,9,4,5,11,1,8,18,1,4,0,0
2023/24,2024-01-30,Aston Villa FC,Newcastle United FC,1,3,A,0,2,A,12,14,6,5,8,7,14,12,4,1,0,0
2023/24,2024-01-31,Manchester City FC,Burnley FC,3,1,H,2,0,H,14,8,4,3,7,3,3,13,2,2,0,0
2023/24,2024-01-31,Tottenham Hotspur FC,Brentford FC,3,2,H,0,1,A,19,9,5,5,5,3,13,15,2,3,0,0
2023/24,2024-01-31,Liverpool FC,Chelsea FC,4,1,H,2,0,H,28,4,13,3,8,1,15,16,2,4,0,0
2023/24,2024-02-01,West Ham United FC,AFC Bournemouth,1,1,D,0,1,A,9,9,3,4,1,5,13,11,1,3,0,0
2023/24,2024-02-01,Wolverhampton Wanderers FC,Manchester United FC,3,4,A,0,2,A,16,21,7,8,4,5,10,10,2,5,0,0
2023/24,2024-02-03,Everton FC,Tottenham Hotspur FC,2,2,D,1,2,A,14,9,5,6,9,5,8,14,3,0,0,0
2023/24,2024-02-03,Brighton & Hove Albion FC,Crystal Palace FC,4,1,H,3,0,H,13,7,6,5,3,2,8,14,1,3,0,0
2023/24,2024-02-03,Burnley FC,Fulham FC,2,2,D,0,2,A,12,15,4,7,2,13,11,7,2,2,0,0
2023/24,2024-02-03,Newcastle United FC,Luton Town FC,4,4,D,2,2,D,19,11,6,8,8,2,13,16,2,2,0,0
2023/24,2024-02-03,Sheffield United FC,Aston Villa FC,0,5,A,0,4,A,10,14,5,10,3,4,10,7,1,0,0,0
2023/24,2024-02-04,AFC Bournemouth,Nottingham Forest FC,1,1,D,1,1,D,9,8,2,6,11,6,19,12,3,2,1,0
2023/24,2024-02-04,Chelsea FC,Wolverhampton Wanderers FC,2,4,A,1,2,A,15,14,6,7,10,1,15,11,3,2,0,0
2023/24,2024-02-04,Manchester United FC,West Ham United FC,3,0,H,1,0,H,12,22,5,3,5,8,10,5,0,1,0,0
2023/24,2024-02-04,Arsenal FC,Liverpool FC,3,1,H,1,1,D,15,10,7,1,2,4,11,11,6,2,0,1
2023/24,2024-02-05,Brentford FC,Manchester City FC,1,3,A,1,1,D,9,25,3,15,8,13,2,4,1,0,0,0
2023/24,2024-02-10,Manchester City FC,Everton FC,2,0,H,0,0,D,19,5,3,1,9,0,6,11,0,2,0,0
2023/24,2024-02-10,Fulham FC,AFC Bournemouth,3,1,H,2,0,H,7,25,6,4,1,14,11,11,1,2,0,0
2023/24,2024-02-10,Liverpool FC,Burnley FC,3,1,H,1,1,D,25,9,10,4,9,3,11,13,3,2,0,0
2023/24,2024-02-10,Luton Town FC,Sheffield United FC,1,3,A,0,2,A,20,7,5,3,13,1,7,12,1,2,0,0
2023/24,2024-02-10,Tottenham Hotspur FC,Brighton & Hove Albion FC,2,1,H,0,1,A,16,6,6,3,9,6,14,13,2,3,0,0
2023/24,2024-02-10,Wolverhampton Wanderers FC,Brentford FC,0,2,A,0,1,A,17,9,5,6,7,4,11,9,2,3,0,0
2023/24,2024-02-10,Nottingham Forest FC,Newcastle United FC,2,3,A,2,2,D,13,7,3,5,4,4,9,6,1,2,0,0
2023/24,2024-02-11,West Ham United FC,Arsenal FC,0,6,A,0,4,A,5,25,1,12,2,6,17,11,4,0,0,0
2023/24,2024-02-11,Aston Villa FC,Manchester United FC,1,2,A,0,1,A,23,17,10,5,10,8,9,7,3,2,0,0
2023/24,2024-02-12,Crystal Palace FC,Chelsea FC,1,3,A,1,0,H,13,14,4,5,1,7,14,7,2,2,0,0
2023/24,2024-02-17,Brentford FC,Liverpool FC,1,4,A,0,1,A,15,15,6,8,1,6,4,18,2,1,0,0
2023/24,2024-02-17,Burnley FC,Arsenal FC,0,5,A,0,2,A,8,16,0,7,4,6,11,8,2,1,0,0
2023/24,2024-02-17,Fulham FC,Aston Villa FC,1,2,A,0,1,A,15,12,4,3,4,4,11,6,5,2,0,0
2023/24,2024-02-17,Newcastle United FC,AFC Bournemouth,2,2,D,0,0,D,17,12,5,7,4,2,9,22,1,3,0,0
2023/24,2024-02-17,Nottingham Forest FC,West Ham United FC,2,0,H,1,0,H,19,10,8,3,5,3,13,15,4,4,0,1
2023/24,2024-02-17,Tottenham Hotspur FC,Wolverhampton Wanderers FC,1,2,A,0,1,A,15,12,4,7,10,4,8,13,0,1,0,0
2023/24,2024-02-17,Manchester City FC,Chelsea FC,1,1,D,0,1,A,31,9,5,6,12,1,7,12,1,3,0,0
2023/24,2024-02-18,Sheffield United FC,Brighton & Hove Albion FC,0,5,A,0,2,A,6,24,1,10,5,10,3,5,1,4,1,0
2023/24,2024-02-18,Luton Town FC,Manchester United FC,1,2,A,1,2,A,22,21,4,9,8,6,7,21,3,5,0,0
2023/24,2024-02-19,Everton FC,Crystal Palace FC,1,1,D,0,0,D,19,10,4,4,3,6,8,12,0,2,0,0
2023/24,2024-02-20,Manchester City FC,Brentford FC,1,0,H,0,0,D,25,6,11,2,10,1,12,6,2,4,0,0
2023/24,2024-02-21,Liverpool FC,Luton Town FC,4,1,H,0,1,A,29,12,13,3,13,4,15,14,1,4,0,0
2023/24,2024-02-24,Aston Villa FC,Nottingham Forest FC,4,2,H,3,1,H,16,10,6,3,7,2,7,16,1,2,0,0
2023/24,2024-02-24,Brighton & Hove Albion FC,Everton FC,1,1,D,0,0,D,23,6,7,3,11,3,9,14,2,3,1,0
2023/24,2024-02-24,Crystal Palace FC,Burnley FC,3,0,H,0,0,D,15,2,6,0,12,3,8,13,3,1,0,1
2023/24,2024-02-24,Manchester United FC,Fulham FC,1,2,A,0,0,D,21,17,9,5,10,9,6,11,2,5,0,0
2023/24,2024-02-24,AFC Bournemouth,Manchester City FC,0,1,A,0,1,A,13,15,4,6,3,8,14,6,2,2,0,0
2023/24,2024-02-24,Arsenal FC,Newcastle United FC,4,1,H,2,0,H,18,3,8,2,9,0,15,6,1,0,0,0
2023/24,2024-02-25,Wolverhampton Wanderers FC,Sheffield United FC,1,0,H,1,0,H,13,12,2,4,5,6,8,4,2,1,0,0
2023/24,2024-02-26,West Ham United FC,Brentford FC,4,2,H,2,1,H,17,14,6,8,1,7,5,9,1,2,0,0
2023/24,2024-03-02,Brentford FC,Chelsea FC,2,2,D,0,1,A,14,17,5,6,0,6,10,9,3,1,0,0
2023/24,2024-03-02,Everton FC,West Ham United FC,1,3,A,0,0,D,22,12,11,5,4,5,9,6,1,2,0,0
2023/24,2024-03-02,Fulham FC,Brighton & Hove Albion FC,3,0,H,2,0,H,12,15,5,5,2,6,16,10,1,2,0,0
2023/24,2024-03-02,Newcastle United FC,Wolverhampton Wanderers FC,3,0,H,2,0,H,14,12,7,3,3,5,8,11,0,1,0,0
2023/24,2024-03-02,Nottingham Forest FC,Liverpool FC,0,1,A,0,0,D,8,22,2,2,3,12,11,12,2,2,0,0
2023/24,2024-03-02,Tottenham Hotspur FC,Crystal Palace FC,3,1,H,0,0,D,14,4,6,1,11,1,7,16,1,2,0,0
2023/24,2024-03-02,Luton Town FC,Aston Villa FC,2,3,A,0,2,A,13,12,5,8,8,6,8,19,1,4,0,0
2023/24,2024-03-03,Burnley FC,AFC Bournemouth,0,2,A,0,1,A,20,10,6,3,7,2,8,13,2,4,0,0
2023/24,2024-03-03,Manchester City FC,Manchester United FC,3,1,H,0,1,A,27,3,8,1,15,2,5,10,0,1,0,0
2023/24,2024-03-04,Sheffield United FC,Arsenal FC,0,6,A,0,5,A,4,22,0,10,0,7,11,4,1,0,0,0
2023/24,2024-03-09,Manchester United FC,Everton FC,2,0,H,2,0,H,15,23,8,6,5,8,13,11,1,2,0,0
2023/24,2024-03-09,AFC Bournemouth,Sheffield United FC,2,2,D,0,1,A,32,13,12,9,10,3,12,11,3,5,0,0
2023/24,2024-03-09,Crystal Palace FC,Luton Town FC,1,1,D,1,0,H,21,8,4,2,8,6,20,11,2,3,0,0
2023/24,2024-03-09,Wolverhampton Wanderers FC,Fulham FC,2,1,H,0,0,D,8,23,3,6,3,4,7,11,2,2,0,0
2023/24,2024-03-09,Arsenal FC,Brentford FC,2,1,H,1,1,D,17,9,6,4,10,4,9,10,2,4,0,0
2023/24,2024-03-10,Aston Villa FC,Tottenham Hotspur FC,0,4,A,0,0,D,10,9,1,5,6,4,11,15,0,2,1,0
2023/24,2024-03-10,Brighton & Hove Albion FC,Nottingham Forest FC,1,0,H,1,0,H,10,9,3,4,6,3,14,14,4,4,0,0
2023/24,2024-03-10,West Ham United FC,Burnley FC,2,2,D,0,2,A,22,11,4,4,4,4,11,18,2,4,0,0
2023/24,2024-03-10,Liverpool FC,Manchester City FC,1,1,D,0,1,A,19,10,6,6,7,4,6,10,0,3,0,0
2023/24,2024-03-11,Chelsea FC,Newcastle United FC,3,2,H,1,1,D,12,11,8,3,0,4,12,7,3,1,0,0
2023/24,2024-03-13,AFC Bournemouth,Luton Town FC,4,3,H,0,3,A,24,8,10,4,11,3,16,11,1,2,0,0
2023/24,2024-03-16,Burnley FC,Brentford FC,2,1,H,1,0,H,17,9,6,5,5,4,14,17,2,4,0,1
2023/24,2024-03-16,Luton Town FC,Nottingham Forest FC,1,1,D,0,1,A,10,16,4,6,6,7,10,17,1,2,0,0
2023/24,2024-03-16,Fulham FC,Tottenham Hotspur FC,3,0,H,1,0,H,16,14,7,5,4,5,9,10,2,3,0,0
2023/24,2024-03-17,West Ham United FC,Aston Villa FC,1,1,D,1,0,H,13,13,5,5,7,11,13,12,3,3,0,0
2023/24,2024-03-30,Newcastle United FC,West Ham United FC,4,3,H,1,2,A,24,10,9,4,3,4,9,8,1,1,1,0
2023/24,2024-03-30,AFC Bournemouth,Everton FC,2,1,H,0,0,D,11,7,4,3,9,8,14,11,1,2,0,0
2023/24,2024-03-30,Chelsea FC,Burnley FC,2,2,D,1,0,H,33,18,13,7,12,4,12,7,2,2,0,1
2023/24,2024-03-30,Nottingham Forest FC,Crystal Palace FC,1,1,D,0,1,A,12,10,5,3,4,6,14,12,1,1,0,0
2023/24,2024-03-30,Sheffield United FC,Fulham FC,3,3,D,0,0,D,8,24,4,9,2,15,10,13,4,1,0,0
2023/24,2024-03-30,Tottenham Hotspur FC,Luton Town FC,2,1,H,0,1,A,17,7,4,3,3,6,16,14,2,4,0,0
2023/24,2024-03-30,Aston Villa FC,Wolverhampton Wanderers FC,2,0,H,1,0,H,11,13,5,3,5,4,11,19,3,4,0,0
2023/24,2024-03-30,Brentford FC,Manchester United FC,1,1,D,0,0,D,31,11,5,5,14,4,7,14,2,2,0,0
2023/24,2024-03-31,Liverpool FC,Brighton & Hove Albion FC,2,1,H,1,1,D,30,9,8,3,8,4,20,6,5,3,0,0
2023/24,2024-03-31,Manchester City FC,Arsenal FC,0,0,D,0,0,D,12,6,1,2,7,4,9,20,0,2,0,0
2023/24,2024-04-02,Newcastle United FC,Everton FC,1,1,D,1,0,H,18,10,6,3,7,3,9,14,0,3,0,0
2023/24,2024-04-02,Nottingham Forest FC,Fulham FC,3,1,H,3,0,H,16,18,4,3,3,8,7,8,0,0,0,0
2023/24,2024-04-02,AFC Bournemouth,Crystal Palace FC,1,0,H,0,0,D,11,3,6,2,9,2,13,14,3,2,0,0
2023/24,2024-04-02,Burnley FC,Wolverhampton Wanderers FC,1,1,D,1,1,D,13,8,6,2,7,4,10,12,0,2,0,0
2023/24,2024-04-02,West Ham United FC,Tottenham Hotspur FC,1,1,D,1,1,D,11,13,4,4,9,5,13,9,1,4,0,0
2023/24,2024-04-03,Arsenal FC,Luton Town FC,2,0,H,2,0,H,13,5,4,1,3,1,12,8,1,1,0,0
2023/24,2024-04-03,Brentford FC,Brighton & Hove Albion FC,0,0,D,0,0,D,5,24,2,6,1,5,9,12,1,1,0,0
2023/24,2024-04-03,Manchester City FC,Aston Villa FC,4,1,H,2,1,H,25,8,11,3,2,3,6,13,1,2,0,0
2023/24,2024-04-04,Liverpool FC,Sheffield United FC,3,1,H,1,0,H,29,8,9,3,13,1,6,9,0,1,0,0
2023/24,2024-04-04,Chelsea FC,Manchester United FC,4,3,H,2,2,D,28,19,10,5,12,3,7,15,3,0,0,0
2023/24,2024-04-06,Crystal Palace FC,Manchester City FC,2,4,A,1,1,D,7,18,4,8,2,9,13,3,1,1,0,0
2023/24,2024-04-06,Aston Villa FC,Brentford FC,3,3,D,1,0,H,11,8,3,3,11,3,15,11,2,2,0,0
2023/24,2024-04-06,Everton FC,Burnley FC,1,0,H,1,0,H,12,6,3,1,3,5,11,13,2,1,0,1
2023/24,2024-04-06,Fulham FC,Newcastle United FC,0,1,A,0,0,D,14,12,4,5,14,3,10,13,1,2,0,0
2023/24,2024-04-06,Luton Town FC,AFC Bournemouth,2,1,H,0,0,D,19,8,9,1,7,2,7,14,0,0,0,0
2023/24,2024-04-06,Wolverhampton Wanderers FC,West Ham United FC,1,2,A,1,0,H,14,11,7,4,4,4,15,7,5,2,0,0
2023/24,2024-04-06,Brighton & Hove Albion FC,Arsenal FC,0,3,A,0,1,A,10,20,2,7,8,7,14,13,1,2,0,0
2023/24,2024-04-07,Manchester United FC,Liverpool FC,2,2,D,0,1,A,9,28,5,7,6,11,9,10,5,2,0,0
2023/24,2024-04-07,Sheffield United FC,Chelsea FC,2,2,D,1,1,D,11,6,6,3,7,6,12,10,4,2,0,0
2023/24,2024-04-07,Tottenham Hotspur FC,Nottingham Forest FC,3,1,H,1,1,D,17,13,7,6,12,2,11,12,2,3,0,0
2023/24,2024-04-13,Newcastle United FC,Tottenham Hotspur FC,4,0,H,2,0,H,18,11,5,2,16,3,14,12,0,4,0,0
2023/24,2024-04-13,Brentford FC,Sheffield United FC,2,0,H,0,0,D,9,8,5,2,3,6,8,11,3,1,0,0
2023/24,2024-04-13,Burnley FC,Brighton & Hove Albion FC,1,1,D,0,0,D,11,20,3,8,4,5,18,8,1,2,0,0
2023/24,2024-04-13,Manchester City FC,Luton Town FC,5,1,H,1,0,H,33,4,13,2,12,1,7,6,1,0,0,0
2023/24,2024-04-13,Nottingham Forest FC,Wolverhampton Wanderers FC,2,2,D,1,1,D,18,11,9,4,10,1,15,10,2,3,0,0
2023/24,2024-04-13,AFC Bournemouth,Manchester United FC,2,2,D,2,1,H,20,8,5,2,7,2,13,14,4,0,0,0
2023/24,2024-04-14,Liverpool FC,Crystal Palace FC,0,1,A,0,1,A,21,8,6,5,11,1,10,10,1,1,0,0
2023/24,2024-04-14,West Ham United FC,Fulham FC,0,2,A,0,1,A,15,18,4,10,8,3,6,13,1,2,0,0
2023/24,2024-04-14,Arsenal FC,Aston Villa FC,0,2,A,0,0,D,18,11,4,2,4,6,12,7,3,1,0,0
2023/24,2024-04-15,Chelsea FC,Everton FC,6,0,H,4,0,H,14,10,10,2,4,8,5,21,1,4,0,0
2023/24,2024-04-20,Luton Town FC,Brentford FC,1,5,A,0,2,A,6,21,3,9,4,9,13,9,1,2,0,0
2023/24,2024-04-20,Sheffield United FC,Burnley FC,1,4,A,0,2,A,18,16,11,9,11,2,10,9,1,0,0,0
2023/24,2024-04-20,Wolverhampton Wanderers FC,Arsenal FC,0,2,A,0,1,A,5,24,3,9,1,2,14,9,3,2,0,0
2023/24,2024-04-21,Everton FC,Nottingham Forest FC,2,0,H,1,0,H,7,8,4,3,6,4,15,9,3,2,0,0
2023/24,2024-04-21,Aston Villa FC,AFC Bournemouth,3,1,H,1,1,D,14,14,4,6,8,4,8,14,1,3,0,0
2023/24,2024-04-21,Crystal Palace FC,West Ham United FC,5,2,H,4,1,H,18,4,7,1,4,0,9,9,3,2,0,0
2023/24,2024-04-21,Fulham FC,Liverpool FC,1,3,A,1,1,D,12,14,5,7,1,4,5,11,3,0,0,0
2023/24,2024-04-23,Arsenal FC,Chelsea FC,5,0,H,1,0,H,27,7,10,1,4,2,12,11,2,2,0,0
2023/24,2024-04-24,Wolverhampton Wanderers FC,AFC Bournemouth,0,1,A,0,1,A,15,21,4,6,8,12,10,17,4,1,0,1
2023/24,2024-04-24,Crystal Palace FC,Newcastle United FC,2,0,H,0,0,D,20,7,7,2,7,2,10,15,3,3,0,0
2023/24,2024-04-24,Everton FC,Liverpool FC,2,0,H,1,0,H,16,23,6,7,4,13,6,13,0,3,0,0
2023/24,2024-04-24,Manchester United FC,Sheffield United FC,4,2,H,1,1,D,25,10,13,4,9,4,7,9,0,1,0,0
2023/24,2024-04-25,Brighton & Hove Albion FC,Manchester City FC,0,4,A,0,3,A,7,14,3,6,4,4,10,3,2,0,0,0
2023/24,2024-04-27,West Ham United FC,Liverpool FC,2,2,D,1,0,H,11,28,8,8,5,8,8,10,0,2,0,0
2023/24,2024-04-27,Fulham FC,Crystal Palace FC,1,1,D,0,0,D,9,14,2,4,5,9,11,15,0,2,0,0
2023/24,2024-04-27,Manchester United FC,Burnley FC,1,1,D,0,0,D,27,16,10,7,6,5,7,11,1,3,0,0
2023/24,2024-04-27,Newcastle United FC,Sheffield United FC,5,1,H,1,1,D,20,15,7,5,4,5,9,10,0,0,0,0
2023/24,2024-04-27,Wolverhampton Wanderers FC,Luton Town FC,2,1,H,1,0,H,13,9,5,6,4,4,14,14,3,1,0,0
2023/24,2024-04-27,Everton FC,Brentford FC,1,0,H,0,0,D,18,10,1,4,6,6,10,12,1,2,0,0
2023/24,2024-04-27,Aston Villa FC,Chelsea FC,2,2,D,2,0,H,9,21,4,5,2,4,13,14,3,5,0,0
2023/24,2024-04-28,AFC Bournemouth,Brighton & Hove Albion FC,3,0,H,1,0,H,15,13,6,1,8,2,14,10,2,2,0,0
2023/24,2024-04-28,Tottenham Hotspur FC,Arsenal FC,2,3,A,0,3,A,14,9,2,3,8,6,12,16,2,1,0,0
2023/24,2024-04-28,Nottingham Forest FC,Manchester City FC,0,2,A,0,1,A,14,11,2,5,4,5,8,6,0,0,0,0
2023/24,2024-05-02,Chelsea FC,Tottenham Hotspur FC,2,0,H,1,0,H,16,19,5,3,4,9,12,16,0,1,0,0
2023/24,2024-05-03,Luton Town FC,Everton FC,1,1,D,1,1,D,18,10,5,3,8,7,14,12,1,3,0,0
2023/24,2024-05-04,Arsenal FC,AFC Bournemouth,3,0,H,1,0,H,25,7,9,2,6,1,16,12,2,3,0,0
2023/24,2024-05-04,Brentford FC,Fulham FC,0,0,D,0,0,D,7,15,3,3,7,6,3,6,1,1,0,0
2023/24,2024-05-04,Burnley FC,Newcastle United FC,1,4,A,0,3,A,17,23,5,11,4,11,8,8,2,2,0,0
2023/24,2024-05-04,Sheffield United FC,Nottingham Forest FC,1,3,A,1,1,D,17,15,5,4,5,3,9,7,0,1,1,0
2023/24,2024-05-04,Manchester City FC,Wolverhampton Wanderers FC,5,1,H,3,0,H,20,2,12,1,6,0,4,17,0,4,0,0
2023/24,2024-05-05,Brighton & Hove Albion FC,Aston Villa FC,1,0,H,0,0,D,15,2,8,1,7,3,13,10,2,1,0,0
2023/24,2024-05-05,Chelsea FC,West Ham United FC,5,0,H,3,0,H,25,13,14,2,8,6,12,10,1,3,0,0
2023/24,2024-05-05,Liverpool FC,Tottenham Hotspur FC,4,2,H,2,0,H,25,11,13,6,8,3,14,12,1,4,0,0
2023/24,2024-05-06,Crystal Palace FC,Manchester United FC,4,0,H,2,0,H,18,7,10,2,6,3,12,8,1,1,0,0
2023/24,2024-05-11,Fulham FC,Manchester City FC,0,4,A,0,1,A,1,16,1,9,1,7,9,6,1,0,1,0
2023/24,2024-05-11,AFC Bournemouth,Brentford FC,1,2,A,0,0,D,13,11,4,5,3,8,16,12,2,2,0,0
2023/24,2024-05-11,Everton FC,Sheffield United FC,1,0,H,1,0,H,15,13,6,1,3,6,6,11,1,2,0,0
2023/24,2024-05-11,Newcastle United FC,Brighton & Hove Albion FC,1,1,D,1,1,D,18,15,7,4,8,4,9,16,3,4,0,0
2023/24,2024-05-11,Tottenham Hotspur FC,Burnley FC,2,1,H,1,1,D,21,7,9,3,9,3,10,14,3,5,0,0
2023/24,2024-05-11,West Ham United FC,Luton Town FC,3,1,H,0,1,A,24,4,8,1,7,6,9,15,1,3,0,0
2023/24,2024-05-11,Wolverhampton Wanderers FC,Crystal Palace FC,1,3,A,0,2,A,13,13,7,3,8,3,13,12,3,2,0,1
2023/24,2024-05-11,Nottingham Forest FC,Chelsea FC,2,3,A,1,1,D,20,12,4,5,5,6,14,8,2,3,0,0
2023/24,2024-05-12,Manchester United FC,Arsenal FC,0,1,A,0,1,A,14,11,2,5,4,7,5,6,0,2,0,0
2023/24,2024-05-13,Aston Villa FC,Liverpool FC,3,3,D,1,2,A,19,14,5,7,5,4,11,15,1,1,0,0
2023/24,2024-05-14,Tottenham Hotspur FC,Manchester City FC,0,2,A,0,0,D,10,8,5,5,7,4,14,11,3,3,0,0
2023/24,2024-05-15,Brighton & Hove Albion FC,Chelsea FC,1,2,A,0,1,A,12,13,2,6,4,6,13,14,2,2,0,1
2023/24,2024-05-15,Manchester United FC,Newcastle United FC,3,2,H,1,0,H,17,21,8,8,9,9,16,7,3,3,0,0
2023/24,2024-05-19,Arsenal FC,Everton FC,2,1,H,1,1,D,26,5,5,2,8,1,8,11,4,3,0,0
2023/24,2024-05-19,Brentford FC,Newcastle United FC,2,4,A,0,3,A,10,12,5,7,3,0,15,11,4,4,0,0
2023/24,2024-05-19,Brighton & Hove Albion FC,Manchester United FC,0,2,A,0,0,D,17,11,3,4,7,5,10,9,1,3,0,0
2023/24,2024-05-19,Burnley FC,Nottingham Forest FC,1,2,A,0,2,A,20,12,3,6,4,3,11,5,1,0,0,0
2023/24,2024-05-19,Chelsea FC,AFC Bournemouth,2,1,H,1,0,H,16,22,6,5,6,5,5,9,2,3,0,0
2023/24,2024-05-19,Crystal Palace FC,Aston Villa FC,5,0,H,2,0,H,15,8,9,2,2,4,10,8,1,4,0,0
2023/24,2024-05-19,Liverpool FC,Wolverhampton Wanderers FC,2,0,H,2,0,H,36,4,14,3,10,2,14,11,1,1,0,1
2023/24,2024-05-19,Luton Town FC,Fulham FC,2,4,A,1,2,A,15,15,6,7,4,4,15,20,5,4,0,0
2023/24,2024-05-19,Manchester City FC,West Ham United FC,3,1,H,2,1,H,28,3,12,2,11,2,3,12,0,1,0,0
2023/24,2024-05-19,Sheffield United FC,Tottenham Hotspur FC,0,3,A,0,1,A,6,18,1,9,2,6,11,9,2,0,0,0
2024/25,2024-08-16,Manchester United FC,Fulham FC,1,0,H,0,0,D,14,10,5,2,7,8,12,10,2,3,0,0
2024/25,2024-08-17,Ipswich Town FC,Liverpool FC,0,2,A,0,0,D,7,18,2,5,2,10,9,18,3,1,0,0
2024/25,2024-08-17,Arsenal FC,Wolverhampton Wanderers FC,2,0,H,1,0,H,18,9,6,3,8,2,17,14,2,2,0,0
2024/25,2024-08-17,Everton FC,Brighton & Hove Albion FC,0,3,A,0,1,A,9,10,1,5,1,5,8,8,1,1,1,0
2024/25,2024-08-17,Newcastle United FC,Southampton FC,1,0,H,1,0,H,3,19,1,4,3,12,15,16,2,4,1,0
2024/25,2024-08-17,Nottingham Forest FC,AFC Bournemouth,1,1,D,1,0,H,14,13,8,4,2,6,17,8,1,3,0,0
2024/25,2024-08-17,West Ham United FC,Aston Villa FC,1,2,A,1,1,D,14,15,3,3,5,3,18,11,1,2,0,0
2024/25,2024-08-18,Brentford FC,Crystal Palace FC,2,1,H,1,0,H,9,14,5,6,4,7,6,15,1,5,0,0
2024/25,2024-08-18,Chelsea FC,Manchester City FC,0,2,A,0,1,A,10,11,3,5,4,3,12,9,1,1,0,0
2024/25,2024-08-19,Leicester City FC,Tottenham Hotspur FC,1,1,D,0,1,A,7,15,3,7,2,13,11,12,1,1,0,0
2024/25,2024-08-24,Brighton & Hove Albion FC,Manchester United FC,2,1,H,1,0,H,14,11,5,4,4,4,9,13,1,2,0,0
2024/25,2024-08-24,Crystal Palace FC,West Ham United FC,0,2,A,0,0,D,14,18,2,3,3,3,9,17,1,1,0,0
2024/25,2024-08-24,Fulham FC,Leicester City FC,2,1,H,1,1,D,18,10,6,4,7,5,14,13,2,2,0,0
2024/25,2024-08-24,Manchester City FC,Ipswich Town FC,4,1,H,3,1,H,14,1,5,1,10,1,4,15,2,3,0,0
2024/25,2024-08-24,Southampton FC,Nottingham Forest FC,0,1,A,0,0,D,5,23,1,8,4,10,14,14,3,3,0,0
2024/25,2024-08-24,Tottenham Hotspur FC,Everton FC,4,0,H,2,0,H,13,10,7,1,12,5,11,15,0,0,0,0
2024/25,2024-08-24,Aston Villa FC,Arsenal FC,0,2,A,0,0,D,11,9,3,4,4,1,8,15,1,3,0,0
2024/25,2024-08-25,AFC Bournemouth,Newcastle United FC,1,1,D,1,0,H,16,14,4,5,8,9,19,8,2,2,0,0
2024/25,2024-08-25,Wolverhampton Wanderers FC,Chelsea FC,2,6,A,2,2,D,12,14,4,8,5,5,13,13,2,3,0,0
2024/25,2024-08-25,Liverpool FC,Brentford FC,2,0,H,1,0,H,19,8,8,2,9,4,10,7,2,3,0,0
2024/25,2024-08-31,Arsenal FC,Brighton & Hove Albion FC,1,1,D,1,0,H,11,22,7,4,3,7,12,7,3,2,1,0
2024/25,2024-08-31,Brentford FC,Southampton FC,3,1,H,1,0,H,20,18,7,6,2,8,10,7,2,1,0,0
2024/25,2024-08-31,Everton FC,AFC Bournemouth,2,3,A,0,0,D,18,17,8,7,8,4,6,1,2,1,0,0
2024/25,2024-08-31,Ipswich Town FC,Fulham FC,1,1,D,1,1,D,11,9,4,4,8,6,15,15,2,3,0,0
2024/25,2024-08-31,Leicester City FC,Aston Villa FC,1,2,A,0,1,A,9,10,3,5,1,4,13,21,4,5,0,0
2024/25,2024-08-31,Nottingham Forest FC,Wolverhampton Wanderers FC,1,1,D,1,1,D,16,11,5,3,7,3,15,18,3,4,0,0
2024/25,2024-08-31,West Ham United FC,Manchester City FC,1,3,A,1,2,A,10,23,2,8,3,11,10,3,3,2,0,0
2024/25,2024-09-01,Chelsea FC,Crystal Palace FC,1,1,D,1,0,H,13,9,7,3,4,5,9,13,4,2,0,0
2024/25,2024-09-01,Newcastle United FC,Tottenham Hotspur FC,2,1,H,1,0,H,9,20,3,6,7,12,16,13,4,4,0,0
2024/25,2024-09-01,Manchester United FC,Liverpool FC,0,3,A,0,2,A,8,11,3,3,5,2,7,7,4,1,0,0
2024/25,2024-09-14,Southampton FC,Manchester United FC,0,3,A,0,2,A,6,20,4,10,0,7,11,14,1,4,1,0
2024/25,2024-09-14,Brighton & Hove Albion FC,Ipswich Town FC,0,0,D,0,0,D,21,6,6,1,9,2,14,16,4,3,0,0
2024/25,2024-09-14,Crystal Palace FC,Leicester City FC,2,2,D,0,1,A,20,9,4,4,5,2,11,15,0,3,0,0
2024/25,2024-09-14,Fulham FC,West Ham United FC,1,1,D,1,0,H,21,11,5,3,3,2,15,18,2,3,0,0
2024/25,2024-09-14,Liverpool FC,Nottingham Forest FC,0,1,A,0,0,D,14,5,5,3,7,2,15,6,4,4,0,0
2024/25,2024-09-14,Manchester City FC,Brentford FC,2,1,H,2,1,H,18,8,7,5,12,3,9,3,3,1,0,0
2024/25,2024-09-14,Aston Villa FC,Everton FC,3,2,H,1,2,A,17,6,8,2,6,2,10,12,1,4,0,0
2024/25,2024-09-14,AFC Bournemouth,Chelsea FC,0,1,A,0,0,D,19,10,7,3,6,3,16,9,6,8,0,0
2024/25,2024-09-15,Tottenham Hotspur FC,Arsenal FC,0,1,A,0,0,D,15,7,5,4,7,6,13,10,5,3,0,0
2024/25,2024-09-15,Wolverhampton Wanderers FC,Newcastle United FC,1,2,A,1,0,H,12,14,5,6,4,7,17,6,3,3,0,0
2024/25,2024-09-21,West Ham United FC,Chelsea FC,0,3,A,0,2,A,15,12,7,5,6,5,17,9,5,2,0,0
2024/25,2024-09-21,Aston Villa FC,Wolverhampton Wanderers FC,3,1,H,0,1,A,9,10,4,4,6,5,11,16,3,6,0,0
2024/25,2024-09-21,Fulham FC,Newcastle United FC,3,1,H,2,0,H,22,15,11,4,6,0,16,8,6,0,0,0
2024/25,2024-09-21,Leicester City FC,Everton FC,1,1,D,0,1,A,12,16,2,5,6,1,11,12,1,2,0,0
2024/25,2024-09-21,Liverpool FC,AFC Bournemouth,3,0,H,3,0,H,19,19,13,6,3,9,10,12,1,4,0,0
2024/25,2024-09-21,Southampton FC,Ipswich Town FC,1,1,D,1,0,H,11,13,3,6,2,10,16,16,4,4,0,0
2024/25,2024-09-21,Tottenham Hotspur FC,Brentford FC,3,1,H,2,1,H,23,6,10,6,9,4,11,9,3,1,0,0
2024/25,2024-09-21,Crystal Palace FC,Manchester United FC,0,0,D,0,0,D,9,15,4,6,4,11,7,12,3,1,0,0
2024/25,2024-09-22,Brighton & Hove Albion FC,Nottingham Forest FC,2,2,D,2,1,H,14,4,3,3,9,1,12,11,3,4,0,1
2024/25,2024-09-22,Manchester City FC,Arsenal FC,2,2,D,1,2,A,33,5,11,3,8,2,7,10,3,4,0,1
2024/25,2024-09-28,Newcastle United FC,Manchester City FC,1,1,D,0,1,A,11,16,4,6,5,6,14,10,4,4,0,0
2024/25,2024-09-28,Arsenal FC,Leicester City FC,4,2,H,2,0,H,36,5,16,3,17,0,11,6,2,4,0,0
2024/25,2024-09-28,Brentford FC,West Ham United FC,1,1,D,1,0,H,8,19,3,3,7,7,2,11,2,3,0,0
2024/25,2024-09-28,Chelsea FC,Brighton & Hove Albion FC,4,2,H,4,2,H,15,15,7,5,8,2,11,8,3,2,0,0
2024/25,2024-09-28,Everton FC,Crystal Palace FC,2,1,H,0,1,A,8,17,2,5,5,8,13,11,2,1,0,0
2024/25,2024-09-28,Nottingham Forest FC,Fulham FC,0,1,A,0,0,D,11,14,1,2,6,5,11,15,2,4,0,0
2024/25,2024-09-28,Wolverhampton Wanderers FC,Liverpool FC,1,2,A,0,1,A,8,10,3,6,2,10,16,8,2,3,0,0
2024/25,2024-09-29,Ipswich Town FC,Aston Villa FC,2,2,D,1,2,A,15,7,5,3,10,0,10,14,4,1,0,0
2024/25,2024-09-29,Manchester United FC,Tottenham Hotspur FC,0,3,A,0,1,A,11,24,2,10,5,3,16,14,5,3,1,0
2024/25,2024-09-30,AFC Bournemouth,Southampton FC,3,1,H,3,0,H,14,9,6,3,7,4,19,12,2,5,0,0
2024/25,2024-10-05,Crystal Palace FC,Liverpool FC,0,1,A,0,1,A,9,16,5,4,3,8,7,15,4,2,0,0
2024/25,2024-10-05,Arsenal FC,Southampton FC,3,1,H,0,0,D,29,8,6,2,13,1,10,9,0,3,0,0
2024/25,2024-10-05,Brentford FC,Wolverhampton Wanderers FC,5,3,H,4,2,H,19,17,12,6,10,3,9,10,2,3,0,0
2024/25,2024-10-05,Leicester City FC,AFC Bournemouth,1,0,H,1,0,H,6,17,2,2,0,9,12,14,4,1,0,0
2024/25,2024-10-05,Manchester City FC,Fulham FC,3,2,H,1,1,D,20,11,7,4,8,3,4,10,2,1,0,0
2024/25,2024-10-05,West Ham United FC,Ipswich Town FC,4,1,H,2,1,H,23,9,13,2,5,5,12,6,0,1,0,0
2024/25,2024-10-05,Everton FC,Newcastle United FC,0,0,D,0,0,D,8,14,2,3,0,10,12,8,1,2,0,0
2024/25,2024-10-06,Aston Villa FC,Manchester United FC,0,0,D,0,0,D,11,10,1,4,6,3,12,11,1,5,0,0
2024/25,2024-10-06,Chelsea FC,Nottingham Forest FC,1,1,D,0,0,D,22,16,8,9,11,3,12,11,6,2,0,1
2024/25,2024-10-06,Brighton & Hove Albion FC,Tottenham Hotspur FC,3,2,H,0,2,A,11,13,4,3,4,7,14,10,2,2,0,0
2024/25,2024-10-19,Tottenham Hotspur FC,West Ham United FC,4,1,H,1,1,D,22,11,7,4,13,5,10,15,1,3,0,1
2024/25,2024-10-19,Fulham FC,Aston Villa FC,1,3,A,1,1,D,10,14,4,5,6,11,8,11,3,3,1,1
2024/25,2024-10-19,Ipswich Town FC,Everton FC,0,2,A,0,2,A,13,11,2,8,5,8,12,10,1,1,0,0
2024/25,2024-10-19,Manchester United FC,Brentford FC,2,1,H,0,1,A,23,8,11,2,9,2,14,5,2,2,0,0
2024/25,2024-10-19,Newcastle United FC,Brighton & Hove Albion FC,0,1,A,0,1,A,21,10,6,5,9,4,11,9,2,2,0,0
2024/25,2024-10-19,Southampton FC,Leicester City FC,2,3,A,2,0,H,14,18,7,4,10,6,10,10,5,3,1,0
2024/25,2024-10-19,AFC Bournemouth,Arsenal FC,2,0,H,0,0,D,13,6,4,1,7,4,12,11,1,1,0,1
2024/25,2024-10-20,Wolverhampton Wanderers FC,Manchester City FC,1,2,A,1,1,D,3,22,2,7,1,18,8,5,4,1,0,0
2024/25,2024-10-20,Liverpool FC,Chelsea FC,2,1,H,1,0,H,9,12,5,2,1,6,12,13,4,3,0,0
2024/25,2024-10-21,Nottingham Forest FC,Crystal Palace FC,1,0,H,0,0,D,20,20,6,7,6,6,9,12,2,3,0,0
2024/25,2024-10-25,Leicester City FC,Nottingham Forest FC,1,3,A,1,1,D,11,20,1,5,6,7,16,9,5,2,0,0
2024/25,2024-10-26,Aston Villa FC,AFC Bournemouth,1,1,D,0,0,D,18,11,8,3,9,7,12,14,7,6,0,0
2024/25,2024-10-26,Brentford FC,Ipswich Town FC,4,3,H,2,2,D,20,11,9,5,5,5,7,10,0,1,0,1
2024/25,2024-10-26,Brighton & Hove Albion FC,Wolverhampton Wanderers FC,2,2,D,1,0,H,19,14,6,7,9,6,12,10,3,3,0,0
2024/25,2024-10-26,Manchester City FC,Southampton FC,1,0,H,1,0,H,22,5,8,2,12,1,9,9,1,3,0,0
2024/25,2024-10-26,Everton FC,Fulham FC,1,1,D,0,0,D,10,14,5,3,4,2,8,8,1,0,0,0
2024/25,2024-10-27,Chelsea FC,Newcastle United FC,2,1,H,1,1,D,17,11,7,3,7,4,13,16,6,3,0,0
2024/25,2024-10-27,Crystal Palace FC,Tottenham Hotspur FC,1,0,H,1,0,H,14,11,6,3,8,8,16,12,4,4,0,0
2024/25,2024-10-27,West Ham United FC,Manchester United FC,2,1,H,0,0,D,12,18,3,5,6,5,6,7,5,1,0,0
2024/25,2024-10-27,Arsenal FC,Liverpool FC,2,2,D,2,1,H,9,9,3,4,1,3,14,14,2,2,0,0
2024/25,2024-11-02,Newcastle United FC,Arsenal FC,1,0,H,1,0,H,9,10,4,1,4,6,16,18,4,4,0,0
2024/25,2024-11-02,AFC Bournemouth,Manchester City FC,2,1,H,1,0,H,12,18,6,4,3,10,11,6,2,1,0,0
2024/25,2024-11-02,Ipswich Town FC,Leicester City FC,1,1,D,0,0,D,14,20,2,6,4,6,11,10,4,2,1,0
2024/25,2024-11-02,Liverpool FC,Brighton & Hove Albion FC,2,1,H,0,1,A,16,13,8,5,10,7,10,18,1,1,0,0
2024/25,2024-11-02,Nottingham Forest FC,West Ham United FC,3,0,H,1,0,H,19,4,6,2,11,6,7,9,1,2,0,1
2024/25,2024-11-02,Southampton FC,Everton FC,1,0,H,0,0,D,9,16,2,5,3,6,14,18,4,2,0,0
2024/25,2024-11-02,Wolverhampton Wanderers FC,Crystal Palace FC,2,2,D,0,0,D,11,19,6,7,3,6,7,9,1,2,0,0
2024/25,2024-11-03,Tottenham Hotspur FC,Aston Villa FC,4,1,H,0,1,A,16,12,6,1,6,4,14,14,2,0,0,0
2024/25,2024-11-03,Manchester United FC,Chelsea FC,1,1,D,0,0,D,11,12,4,3,4,8,19,14,6,2,0,0
2024/25,2024-11-04,Fulham FC,Brentford FC,2,1,H,0,1,A,26,5,12,2,11,3,3,10,2,1,0,0
2024/25,2024-11-09,Brentford FC,AFC Bournemouth,3,2,H,1,1,D,12,15,6,3,6,4,8,16,2,4,0,0
2024/25,2024-11-09,Crystal Palace FC,Fulham FC,0,2,A,0,1,A,13,17,5,7,1,8,10,11,1,1,1,0
2024/25,2024-11-09,West Ham United FC,Everton FC,0,0,D,0,0,D,11,18,6,4,7,6,10,9,1,2,0,0
2024/25,2024-11-09,Wolverhampton Wanderers FC,Southampton FC,2,0,H,1,0,H,8,9,4,0,1,9,14,12,1,4,0,0
2024/25,2024-11-09,Brighton & Hove Albion FC,Manchester City FC,2,1,H,0,1,A,10,15,4,6,0,4,12,10,3,3,0,0
2024/25,2024-11-09,Liverpool FC,Aston Villa FC,2,0,H,1,0,H,14,12,5,2,2,9,11,15,0,3,0,0
2024/25,2024-11-10,Manchester United FC,Leicester City FC,3,0,H,2,0,H,13,6,3,5,1,5,9,5,0,1,0,0
2024/25,2024-11-10,Nottingham Forest FC,Newcastle United FC,1,3,A,1,0,H,9,17,3,6,4,5,13,6,1,1,0,0
2024/25,2024-11-10,Tottenham Hotspur FC,Ipswich Town FC,1,2,A,0,2,A,17,8,5,3,12,2,10,19,1,5,0,0
2024/25,2024-11-10,Chelsea FC,Arsenal FC,1,1,D,0,0,D,17,13,3,3,4,3,12,12,4,2,0,0
2024/25,2024-11-23,Leicester City FC,Chelsea FC,1,2,A,0,1,A,4,16,1,7,2,9,15,12,4,3,0,0
2024/25,2024-11-23,Arsenal FC,Nottingham Forest FC,3,0,H,1,0,H,19,7,7,0,8,1,10,1,3,2,0,0
2024/25,2024-11-23,Aston Villa FC,Crystal Palace FC,2,2,D,1,2,A,17,13,5,6,10,1,10,11,3,2,0,0
2024/25,2024-11-23,AFC Bournemouth,Brighton & Hove Albion FC,1,2,A,0,1,A,19,6,5,4,7,0,13,10,2,2,0,1
2024/25,2024-11-23,Everton FC,Brentford FC,0,0,D,0,0,D,27,9,5,2,10,4,8,10,0,0,0,1
2024/25,2024-11-23,Fulham FC,Wolverhampton Wanderers FC,1,4,A,1,1,D,10,10,3,5,7,2,14,14,3,0,0,0
2024/25,2024-11-23,Manchester City FC,Tottenham Hotspur FC,0,4,A,0,2,A,23,9,5,7,9,3,19,9,4,2,0,0
2024/25,2024-11-24,Southampton FC,Liverpool FC,2,3,A,1,1,D,7,27,5,11,3,10,11,9,3,4,0,0
2024/25,2024-11-24,Ipswich Town FC,Manchester United FC,1,1,D,1,1,D,11,11,6,4,4,3,11,10,0,0,0,0
2024/25,2024-11-25,Newcastle United FC,West Ham United FC,0,2,A,0,1,A,18,15,2,6,8,3,11,8,1,0,0,0
2024/25,2024-11-29,Brighton & Hove Albion FC,Southampton FC,1,1,D,1,0,H,22,10,5,2,7,6,20,16,2,4,0,0
2024/25,2024-11-30,Brentford FC,Leicester City FC,4,1,H,3,1,H,13,7,6,3,5,4,9,10,1,1,0,0
2024/25,2024-11-30,Crystal Palace FC,Newcastle United FC,1,1,D,0,0,D,16,1,4,0,8,9,12,11,3,3,0,0
2024/25,2024-11-30,Nottingham Forest FC,Ipswich Town FC,1,0,H,0,0,D,12,7,5,3,8,7,5,16,1,3,0,0
2024/25,2024-11-30,Wolverhampton Wanderers FC,AFC Bournemouth,2,4,A,1,3,A,10,12,3,8,3,4,13,11,4,1,0,0
2024/25,2024-11-30,West Ham United FC,Arsenal FC,2,5,A,2,5,A,12,16,5,7,2,10,10,13,4,1,0,0
2024/25,2024-12-01,Chelsea FC,Aston Villa FC,3,0,H,2,0,H,17,10,8,4,3,4,21,6,2,2,0,0
2024/25,2024-12-01,Manchester United FC,Everton FC,4,0,H,2,0,H,11,8,5,2,2,2,12,12,2,3,0,0
2024/25,2024-12-01,Tottenham Hotspur FC,Fulham FC,1,1,D,0,0,D,8,14,3,6,7,11,4,14,0,1,0,1
2024/25,2024-12-01,Liverpool FC,Manchester City FC,2,0,H,1,0,H,18,8,7,2,7,4,9,8,1,3,0,0
2024/25,2024-12-03,Ipswich Town FC,Crystal Palace FC,0,1,A,0,0,D,9,13,2,3,4,7,14,13,2,4,0,0
2024/25,2024-12-03,Leicester City FC,West Ham United FC,3,1,H,1,0,H,8,31,6,10,3,9,9,7,2,2,0,0
2024/25,2024-12-04,Everton FC,Wolverhampton Wanderers FC,4,0,H,2,0,H,13,6,4,2,3,4,10,8,2,0,0,0
2024/25,2024-12-04,Manchester City FC,Nottingham Forest FC,3,0,H,2,0,H,17,12,7,3,8,2,7,15,2,4,0,0
2024/25,2024-12-04,Newcastle United FC,Liverpool FC,3,3,D,1,0,H,17,16,6,5,5,6,9,17,2,5,0,0
2024/25,2024-12-04,Southampton FC,Chelsea FC,1,5,A,1,3,A,6,26,4,13,5,7,7,14,1,0,1,0
2024/25,2024-12-04,Arsenal FC,Manchester United FC,2,0,H,0,0,D,14,5,6,2,13,0,12,8,1,3,0,0
2024/25,2024-12-04,Aston Villa FC,Brentford FC,3,1,H,3,0,H,20,9,10,1,10,5,11,15,2,2,0,0
2024/25,2024-12-05,Fulham FC,Brighton & Hove Albion FC,3,1,H,1,0,H,6,13,2,3,5,6,7,8,2,2,0,0
2024/25,2024-12-05,AFC Bournemouth,Tottenham Hotspur FC,1,0,H,1,0,H,21,12,8,4,5,9,15,8,2,2,0,0
2024/25,2024-12-07,Aston Villa FC,Southampton FC,1,0,H,1,0,H,18,4,5,0,14,1,18,15,1,3,0,0
2024/25,2024-12-07,Brentford FC,Newcastle United FC,4,2,H,2,2,D,11,16,8,3,3,4,10,7,3,0,0,0
2024/25,2024-12-07,Crystal Palace FC,Manchester City FC,2,2,D,1,1,D,12,12,3,4,6,8,4,10,1,0,0,1
2024/25,2024-12-07,Manchester United FC,Nottingham Forest FC,2,3,A,1,1,D,17,11,7,3,5,3,10,13,0,2,0,0
2024/25,2024-12-08,Fulham FC,Arsenal FC,1,1,D,1,0,H,2,12,2,4,0,6,10,9,4,2,0,0
2024/25,2024-12-08,Ipswich Town FC,AFC Bournemouth,1,2,A,1,0,H,18,22,5,6,6,13,9,13,2,1,0,0
2024/25,2024-12-08,Leicester City FC,Brighton & Hove Albion FC,2,2,D,0,1,A,10,16,3,7,5,5,9,10,1,2,0,0
2024/25,2024-12-08,Tottenham Hotspur FC,Chelsea FC,3,4,A,2,1,H,13,17,5,8,5,10,17,11,2,2,0,0
2024/25,2024-12-09,West Ham United FC,Wolverhampton Wanderers FC,2,1,H,0,0,D,19,19,4,5,11,0,12,17,5,4,0,0
2024/25,2024-12-14,Arsenal FC,Everton FC,0,0,D,0,0,D,13,2,5,0,8,2,6,9,0,3,0,0
2024/25,2024-12-14,Liverpool FC,Fulham FC,2,2,D,0,1,A,16,12,4,3,5,4,10,7,3,4,1,0
2024/25,2024-12-14,Newcastle United FC,Leicester City FC,4,0,H,1,0,H,27,4,11,1,5,2,7,16,3,3,0,0
2024/25,2024-12-14,Wolverhampton Wanderers FC,Ipswich Town FC,1,2,A,0,1,A,16,10,6,5,7,3,13,9,0,2,1,0
2024/25,2024-12-14,Nottingham Forest FC,Aston Villa FC,2,1,H,0,0,D,17,8,6,2,4,3,12,6,0,1,0,0
2024/25,2024-12-15,Brighton & Hove Albion FC,Crystal Palace FC,1,3,A,0,2,A,17,13,5,5,8,5,11,15,1,4,0,0
2024/25,2024-12-15,Manchester City FC,Manchester United FC,1,2,A,1,0,H,10,10,3,3,8,2,5,14,1,1,0,0
2024/25,2024-12-15,Chelsea FC,Brentford FC,2,1,H,1,0,H,26,9,8,4,8,5,11,7,0,2,1,0
2024/25,2024-12-15,Southampton FC,Tottenham Hotspur FC,0,5,A,0,5,A,9,18,3,9,2,5,8,15,1,3,0,0
2024/25,2024-12-16,AFC Bournemouth,West Ham United FC,1,1,D,0,0,D,29,16,9,3,12,6,6,11,0,2,0,0
2024/25,2024-12-21,Aston Villa FC,Manchester City FC,2,1,H,1,0,H,11,12,6,6,5,4,14,7,3,3,0,0
2024/25,2024-12-21,Brentford FC,Nottingham Forest FC,0,2,A,0,1,A,7,10,3,6,9,5,9,14,3,4,0,0
2024/25,2024-12-21,Ipswich Town FC,Newcastle United FC,0,4,A,0,3,A,10,15,2,7,2,1,9,7,2,0,0,0
2024/25,2024-12-21,West Ham United FC,Brighton & Hove Albion FC,1,1,D,0,0,D,11,12,4,6,8,4,14,20,2,2,0,0
2024/25,2024-12-21,Crystal Palace FC,Arsenal FC,1,5,A,1,3,A,15,14,6,6,3,3,9,8,2,2,0,0
2024/25,2024-12-22,Everton FC,Chelsea FC,0,0,D,0,0,D,5,12,4,5,2,5,20,12,4,1,0,0
2024/25,2024-12-22,Fulham FC,Southampton FC,0,0,D,0,0,D,16,5,5,1,6,5,8,15,1,3,0,0
2024/25,2024-12-22,Leicester City FC,Wolverhampton Wanderers FC,0,3,A,0,3,A,9,8,5,4,6,1,15,16,2,0,0,0
2024/25,2024-12-22,Manchester United FC,AFC Bournemouth,0,3,A,0,1,A,23,10,7,5,13,1,11,11,1,3,0,0
2024/25,2024-12-22,Tottenham Hotspur FC,Liverpool FC,3,6,A,1,3,A,9,24,5,12,7,5,7,9,1,2,0,0
2024/25,2024-12-26,Manchester City FC,Everton FC,1,1,D,1,1,D,24,8,5,3,8,5,5,10,1,4,0,0
2024/25,2024-12-26,AFC Bournemouth,Crystal Palace FC,0,0,D,0,0,D,18,10,4,4,5,2,13,12,2,2,0,0
2024/25,2024-12-26,Chelsea FC,Fulham FC,1,2,A,1,0,H,12,14,8,7,3,1,13,13,1,3,0,0
2024/25,2024-12-26,Newcastle United FC,Aston Villa FC,3,0,H,1,0,H,22,4,8,1,9,6,15,10,2,1,0,1
2024/25,2024-12-26,Nottingham Forest FC,Tottenham Hotspur FC,1,0,H,1,0,H,10,13,3,4,2,7,12,13,3,2,0,1
2024/25,2024-12-26,Southampton FC,West Ham United FC,0,1,A,0,0,D,18,16,5,2,2,2,15,8,1,2,0,0
2024/25,2024-12-26,Wolverhampton Wanderers FC,Manchester United FC,2,0,H,0,0,D,7,11,4,4,4,4,12,12,2,2,0,1
2024/25,2024-12-26,Liverpool FC,Leicester City FC,3,1,H,1,1,D,19,4,7,1,14,1,17,5,3,2,0,0
2024/25,2024-12-27,Brighton & Hove Albion FC,Brentford FC,0,0,D,0,0,D,24,8,7,3,5,3,6,12,0,2,0,0
2024/25,2024-12-27,Arsenal FC,Ipswich Town FC,1,0,H,1,0,H,13,3,5,0,5,1,7,12,1,1,0,0
2024/25,2024-12-29,Leicester City FC,Manchester City FC,0,2,A,0,1,A,11,14,4,5,4,4,11,6,2,1,0,0
2024/25,2024-12-29,Crystal Palace FC,Southampton FC,2,1,H,1,1,D,19,7,10,3,8,7,18,19,2,3,0,0
2024/25,2024-12-29,Everton FC,Nottingham Forest FC,0,2,A,0,1,A,13,11,2,7,5,4,13,10,4,1,0,0
2024/25,2024-12-29,Fulham FC,AFC Bournemouth,2,2,D,1,0,H,11,16,6,9,1,7,7,16,1,3,0,0
2024/25,2024-12-29,Tottenham Hotspur FC,Wolverhampton Wanderers FC,2,2,D,2,1,H,13,11,3,3,5,5,9,10,1,2,0,0
2024/25,2024-12-29,West Ham United FC,Liverpool FC,0,5,A,0,3,A,7,22,0,13,3,6,7,10,0,0,0,0
2024/25,2024-12-30,Aston Villa FC,Brighton & Hove Albion FC,2,2,D,1,1,D,20,13,4,4,12,3,9,14,2,3,0,0
2024/25,2024-12-30,Ipswich Town FC,Chelsea FC,2,0,H,1,0,H,9,20,6,5,4,7,9,5,4,4,0,0
2024/25,2024-12-30,Manchester United FC,Newcastle United FC,0,2,A,0,2,A,10,12,0,4,2,3,13,8,1,1,0,0
2024/25,2025-01-01,Brentford FC,Arsenal FC,1,3,A,1,1,D,5,14,2,5,4,3,6,8,1,2,0,0
2024/25,2025-01-04,Tottenham Hotspur FC,Newcastle United FC,1,2,A,1,2,A,13,14,4,4,9,10,11,15,1,4,0,0
2024/25,2025-01-04,Aston Villa FC,Leicester City FC,2,1,H,0,0,D,13,4,5,2,7,2,10,11,0,1,0,0
2024/25,2025-01-04,AFC Bournemouth,Everton FC,1,0,H,0,0,D,19,9,8,0,9,3,15,14,2,2,0,0
2024/25,2025-01-04,Crystal Palace FC,Chelsea FC,1,1,D,0,1,A,13,15,6,1,6,6,9,12,0,2,0,0
2024/25,2025-01-04,Manchester City FC,West Ham United FC,4,1,H,2,0,H,10,17,7,4,7,1,8,13,2,1,0,0
2024/25,2025-01-04,Southampton FC,Brentford FC,0,5,A,0,1,A,8,20,1,11,2,2,10,4,2,0,0,0
2024/25,2025-01-04,Brighton & Hove Albion FC,Arsenal FC,1,1,D,0,1,A,11,9,4,3,2,5,17,14,2,3,0,0
2024/25,2025-01-05,Fulham FC,Ipswich Town FC,2,2,D,0,1,A,15,7,4,3,9,2,10,14,1,5,0,0
2024/25,2025-01-05,Liverpool FC,Manchester United FC,2,2,D,0,0,D,19,13,6,4,6,9,10,13,2,4,0,0
2024/25,2025-01-06,Wolverhampton Wanderers FC,Nottingham Forest FC,0,3,A,0,2,A,13,11,6,3,5,3,10,8,1,2,0,0
2024/25,2025-01-14,Brentford FC,Manchester City FC,2,2,D,0,0,D,18,21,6,8,4,5,4,4,0,0,0,0
2024/25,2025-01-14,Chelsea FC,AFC Bournemouth,2,2,D,1,0,H,26,7,10,3,9,3,15,16,2,3,0,0
2024/25,2025-01-14,West Ham United FC,Fulham FC,3,2,H,2,0,H,4,21,3,5,0,3,9,18,3,3,0,0
2024/25,2025-01-14,Nottingham Forest FC,Liverpool FC,1,1,D,1,0,H,6,23,3,7,0,9,7,10,2,1,0,0
2024/25,2025-01-15,Everton FC,Aston Villa FC,0,1,A,0,0,D,10,11,3,3,8,5,17,10,2,1,0,0
2024/25,2025-01-15,Leicester City FC,Crystal Palace FC,0,2,A,0,0,D,21,9,4,4,4,3,7,6,0,0,0,0
2024/25,2025-01-15,Newcastle United FC,Wolverhampton Wanderers FC,3,0,H,1,0,H,17,13,5,7,4,2,10,13,0,2,0,0
2024/25,2025-01-15,Arsenal FC,Tottenham Hotspur FC,2,1,H,2,1,H,14,10,4,2,10,4,16,9,3,1,0,0
2024/25,2025-01-16,Ipswich Town FC,Brighton & Hove Albion FC,0,2,A,0,0,D,5,11,3,5,1,9,13,14,2,2,0,0
2024/25,2025-01-16,Manchester United FC,Southampton FC,3,1,H,0,1,A,23,13,9,5,5,4,7,10,1,3,0,0
2024/25,2025-01-18,Newcastle United FC,AFC Bournemouth,1,4,A,1,2,A,13,19,5,10,7,6,7,18,1,6,0,0
2024/25,2025-01-18,Brentford FC,Liverpool FC,0,2,A,0,0,D,11,37,6,8,2,15,6,14,2,3,0,0
2024/25,2025-01-18,Leicester City FC,Fulham FC,0,2,A,0,0,D,8,17,4,2,5,2,8,8,3,1,0,0
2024/25,2025-01-18,West Ham United FC,Crystal Palace FC,0,2,A,0,0,D,7,12,0,7,2,4,13,10,1,0,1,0
2024/25,2025-01-18,Arsenal FC,Aston Villa FC,2,2,D,1,0,H,18,8,6,4,10,1,10,18,2,3,0,0
2024/25,2025-01-19,Everton FC,Tottenham Hotspur FC,3,2,H,3,0,H,12,11,6,6,3,8,14,14,2,1,0,0
2024/25,2025-01-19,Manchester United FC,Brighton & Hove Albion FC,1,3,A,1,1,D,10,6,1,3,4,2,13,12,3,3,0,0
2024/25,2025-01-19,Nottingham Forest FC,Southampton FC,3,2,H,3,0,H,14,10,5,4,2,8,4,18,0,4,0,0
2024/25,2025-01-19,Ipswich Town FC,Manchester City FC,0,6,A,0,3,A,8,17,4,9,4,7,4,7,0,1,0,0
2024/25,2025-01-20,Chelsea FC,Wolverhampton Wanderers FC,3,1,H,1,1,D,19,9,7,4,3,6,8,14,4,2,0,0
2024/25,2025-01-25,AFC Bournemouth,Nottingham Forest FC,5,0,H,1,0,H,16,18,10,4,3,9,9,12,2,3,0,0
2024/25,2025-01-25,Brighton & Hove Albion FC,Everton FC,0,1,A,0,1,A,16,3,1,1,9,1,8,11,3,4,0,0
2024/25,2025-01-25,Liverpool FC,Ipswich Town FC,4,1,H,3,0,H,16,3,6,3,3,4,10,11,0,2,0,0
2024/25,2025-01-25,Southampton FC,Newcastle United FC,1,3,A,1,2,A,12,17,5,9,3,8,10,5,1,0,0,0
2024/25,2025-01-25,Wolverhampton Wanderers FC,Arsenal FC,0,1,A,0,0,D,9,9,4,3,1,5,20,10,0,1,1,1
2024/25,2025-01-25,Manchester City FC,Chelsea FC,3,1,H,1,1,D,15,10,6,4,2,4,6,8,3,2,0,0
2024/25,2025-01-26,Crystal Palace FC,Brentford FC,1,2,A,0,0,D,16,13,5,6,4,7,8,11,2,2,0,0
2024/25,2025-01-26,Tottenham Hotspur FC,Leicester City FC,1,2,A,1,0,H,15,12,6,3,6,4,6,16,1,5,0,0
2024/25,2025-01-26,Aston Villa FC,West Ham United FC,1,1,D,1,0,H,14,14,4,4,4,3,13,16,2,3,0,0
2024/25,2025-01-26,Fulham FC,Manchester United FC,0,1,A,0,0,D,9,4,3,1,3,0,7,9,0,1,0,0
2024/25,2025-02-01,Nottingham Forest FC,Brighton & Hove Albion FC,7,0,H,3,0,H,14,10,9,5,4,6,8,13,1,3,0,0
2024/25,2025-02-01,AFC Bournemouth,Liverpool FC,0,2,A,0,1,A,14,19,3,7,3,3,15,9,2,3,0,0
2024/25,2025-02-01,Everton FC,Leicester City FC,4,0,H,3,0,H,13,9,7,1,5,6,7,13,0,0,0,0
2024/25,2025-02-01,Ipswich Town FC,Southampton FC,1,2,A,1,1,D,15,9,6,4,1,2,11,14,0,3,0,0
2024/25,2025-02-01,Newcastle United FC,Fulham FC,1,2,A,1,0,H,11,15,4,4,4,7,10,15,4,4,0,0
2024/25,2025-02-01,Wolverhampton Wanderers FC,Aston Villa FC,2,0,H,1,0,H,8,10,5,3,5,8,20,13,2,3,0,0
2024/25,2025-02-02,Brentford FC,Tottenham Hotspur FC,0,2,A,0,1,A,20,13,4,2,10,3,4,11,0,1,0,0
2024/25,2025-02-02,Manchester United FC,Crystal Palace FC,0,2,A,0,0,D,17,11,2,3,11,0,12,13,3,1,0,0
2024/25,2025-02-02,Arsenal FC,Manchester City FC,5,1,H,1,0,H,12,7,7,4,5,2,6,7,2,0,0,0
2024/25,2025-02-03,Chelsea FC,West Ham United FC,2,1,H,0,1,A,22,14,3,5,4,3,11,10,3,1,0,0
2024/25,2025-02-12,Everton FC,Liverpool FC,2,2,D,1,1,D,10,6,3,4,2,3,9,20,2,2,1,1
2024/25,2025-02-14,Brighton & Hove Albion FC,Chelsea FC,3,0,H,2,0,H,13,8,5,0,2,9,12,15,1,2,0,0
2024/25,2025-02-15,Leicester City FC,Arsenal FC,0,2,A,0,0,D,6,11,2,5,3,7,9,10,2,1,0,0
2024/25,2025-02-15,Aston Villa FC,Ipswich Town FC,1,1,D,0,0,D,25,4,6,3,16,1,7,11,0,3,0,1
2024/25,2025-02-15,Fulham FC,Nottingham Forest FC,2,1,H,1,1,D,24,8,10,2,8,4,13,8,0,0,0,0
2024/25,2025-02-15,Manchester City FC,Newcastle United FC,4,0,H,3,0,H,11,3,7,1,7,4,5,13,0,1,0,0
2024/25,2025-02-15,Southampton FC,AFC Bournemouth,1,3,A,0,2,A,11,14,4,7,4,6,13,15,1,3,0,0
2024/25,2025-02-15,West Ham United FC,Brentford FC,0,1,A,0,1,A,13,14,3,5,9,2,10,13,1,1,0,0
2024/25,2025-02-15,Crystal Palace FC,Everton FC,1,2,A,0,1,A,17,11,6,6,6,2,9,12,0,1,0,0
2024/25,2025-02-16,Liverpool FC,Wolverhampton Wanderers FC,2,1,H,2,0,H,10,16,3,4,4,3,15,13,2,2,0,0
2024/25,2025-02-16,Tottenham Hotspur FC,Manchester United FC,1,0,H,1,0,H,22,16,7,6,10,5,13,9,1,2,0,0
2024/25,2025-02-19,Aston Villa FC,Liverpool FC,2,2,D,2,1,H,9,17,4,3,6,8,8,6,1,0,0,0
2024/25,2025-02-21,Leicester City FC,Brentford FC,0,4,A,0,3,A,8,14,3,6,5,6,10,10,4,0,0,0
2024/25,2025-02-22,Everton FC,Manchester United FC,2,2,D,2,0,H,9,9,8,3,7,9,12,9,4,1,0,0
2024/25,2025-02-22,Arsenal FC,West Ham United FC,0,1,A,0,1,A,20,5,2,2,2,0,16,15,1,3,1,0
2024/25,2025-02-22,AFC Bournemouth,Wolverhampton Wanderers FC,0,1,A,0,1,A,8,13,3,5,6,7,17,9,3,3,1,0
2024/25,2025-02-22,Fulham FC,Crystal Palace FC,0,2,A,0,1,A,10,10,0,5,7,7,10,7,1,3,0,0
2024/25,2025-02-22,Ipswich Town FC,Tottenham Hotspur FC,1,4,A,1,2,A,17,10,5,6,4,4,15,14,2,1,0,0
2024/25,2025-02-22,Southampton FC,Brighton & Hove Albion FC,0,4,A,0,1,A,6,18,1,12,5,6,11,12,2,0,0,0
2024/25,2025-02-22,Aston Villa FC,Chelsea FC,2,1,H,0,1,A,12,15,6,7,2,3,15,16,1,3,0,0
2024/25,2025-02-23,Newcastle United FC,Nottingham Forest FC,4,3,H,4,1,H,13,17,5,5,7,6,11,13,1,4,0,0
2024/25,2025-02-23,Manchester City FC,Liverpool FC,0,2,A,0,2,A,16,8,5,4,7,5,3,10,0,0,0,0
2024/25,2025-02-25,Brighton & Hove Albion FC,AFC Bournemouth,2,1,H,1,0,H,11,19,4,5,1,9,12,14,2,1,0,0
2024/25,2025-02-25,Crystal Palace FC,Aston Villa FC,4,1,H,1,0,H,19,6,6,2,3,8,19,10,3,1,0,0
2024/25,2025-02-25,Wolverhampton Wanderers FC,Fulham FC,1,2,A,1,1,D,18,11,5,5,7,5,8,15,1,3,0,0
2024/25,2025-02-25,Chelsea FC,Southampton FC,4,0,H,3,0,H,19,7,10,2,4,2,6,9,1,2,0,0
2024/25,2025-02-26,Brentford FC,Everton FC,1,1,D,1,0,H,12,14,3,4,2,5,3,6,2,1,0,0
2024/25,2025-02-26,Manchester United FC,Ipswich Town FC,3,2,H,2,2,D,10,12,6,3,5,6,9,16,4,4,1,0
2024/25,2025-02-26,Nottingham Forest FC,Arsenal FC,0,0,D,0,0,D,6,13,2,1,3,11,10,17,1,1,0,0
2024/25,2025-02-26,Tottenham Hotspur FC,Manchester City FC,0,1,A,0,1,A,11,12,6,5,8,3,12,15,3,0,0,0
2024/25,2025-02-26,Liverpool FC,Newcastle United FC,2,0,H,1,0,H,12,3,3,0,4,2,12,11,0,1,0,0
2024/25,2025-02-27,West Ham United FC,Leicester City FC,2,0,H,2,0,H,8,10,2,2,3,3,12,6,0,0,0,0
2024/25,2025-03-08,Nottingham Forest FC,Manchester City FC,1,0,H,0,0,D,9,14,4,3,3,2,9,7,3,2,0,0
2024/25,2025-03-08,Brighton & Hove Albion FC,Fulham FC,2,1,H,1,1,D,9,6,4,1,3,7,6,12,0,2,0,0
2024/25,2025-03-08,Crystal Palace FC,Ipswich Town FC,1,0,H,0,0,D,19,15,4,8,5,4,8,7,4,3,0,0
2024/25,2025-03-08,Liverpool FC,Southampton FC,3,1,H,0,1,A,28,6,7,4,6,4,10,9,2,1,0,0
2024/25,2025-03-08,Brentford FC,Aston Villa FC,0,1,A,0,0,D,13,12,3,4,6,5,10,5,2,2,0,0
2024/25,2025-03-08,Wolverhampton Wanderers FC,Everton FC,1,1,D,1,1,D,11,12,3,4,5,5,11,16,2,2,0,0
2024/25,2025-03-09,Chelsea FC,Leicester City FC,1,0,H,0,0,D,20,3,7,3,12,2,12,13,1,0,0,0
2024/25,2025-03-09,Tottenham Hotspur FC,AFC Bournemouth,2,2,D,0,1,A,12,17,4,8,3,6,15,16,3,3,0,0
2024/25,2025-03-09,Manchester United FC,Arsenal FC,1,1,D,1,0,H,10,17,6,6,2,9,8,11,0,1,0,0
2024/25,2025-03-10,West Ham United FC,Newcastle United FC,0,1,A,0,0,D,9,9,2,3,3,4,7,15,0,1,0,0
2024/25,2025-03-15,Everton FC,West Ham United FC,1,1,D,0,0,D,13,10,5,5,6,5,12,8,1,2,0,0
2024/25,2025-03-15,Ipswich Town FC,Nottingham Forest FC,2,4,A,0,3,A,11,11,4,6,6,3,4,13,1,1,0,0
2024/25,2025-03-15,Manchester City FC,Brighton & Hove Albion FC,2,2,D,2,1,H,11,15,3,3,4,5,10,10,2,5,0,0
2024/25,2025-03-15,Southampton FC,Wolverhampton Wanderers FC,1,2,A,0,1,A,10,5,3,3,5,1,12,13,0,0,0,0
2024/25,2025-03-15,AFC Bournemouth,Brentford FC,1,2,A,1,1,D,17,10,5,4,4,3,13,7,3,0,0,0
2024/25,2025-03-16,Arsenal FC,Chelsea FC,1,0,H,1,0,H,12,8,4,2,5,4,10,13,3,3,0,0
2024/25,2025-03-16,Fulham FC,Tottenham Hotspur FC,2,0,H,0,0,D,13,12,4,4,6,5,13,10,0,0,0,0
2024/25,2025-03-16,Leicester City FC,Manchester United FC,0,3,A,0,1,A,11,18,3,5,6,4,6,6,2,0,0,0
2024/25,2025-04-01,Arsenal FC,Fulham FC,2,1,H,1,0,H,17,9,4,3,5,4,2,10,1,2,0,0
2024/25,2025-04-01,Wolverhampton Wanderers FC,West Ham United FC,1,0,H,1,0,H,9,10,2,1,1,2,16,12,4,2,0,0
2024/25,2025-04-01,Nottingham Forest FC,Manchester United FC,1,0,H,1,0,H,8,23,2,6,3,10,5,12,1,3,0,0
2024/25,2025-04-02,AFC Bournemouth,Ipswich Town FC,1,2,A,0,1,A,24,10,7,2,8,3,14,15,1,2,0,0
2024/25,2025-04-02,Brighton & Hove Albion FC,Aston Villa FC,0,3,A,0,0,D,11,8,4,5,4,0,16,11,1,3,0,0
2024/25,2025-04-02,Manchester City FC,Leicester City FC,2,0,H,2,0,H,18,2,5,0,5,0,11,8,1,4,0,0
2024/25,2025-04-02,Newcastle United FC,Brentford FC,2,1,H,1,0,H,21,12,4,3,4,5,12,12,1,1,0,0
2024/25,2025-04-02,Southampton FC,Crystal Palace FC,1,1,D,1,0,H,8,9,2,3,2,2,14,9,2,1,0,0
2024/25,2025-04-02,Liverpool FC,Everton FC,1,0,H,0,0,D,17,5,3,0,11,5,7,11,2,2,0,0
2024/25,2025-04-03,Chelsea FC,Tottenham Hotspur FC,1,0,H,0,0,D,11,8,5,2,4,6,7,16,5,5,0,0
2024/25,2025-04-05,Everton FC,Arsenal FC,1,1,D,0,1,A,5,14,2,5,3,8,17,13,3,1,0,0
2024/25,2025-04-05,Crystal Palace FC,Brighton & Hove Albion FC,2,1,H,1,1,D,8,11,3,5,2,4,12,13,0,1,2,1
2024/25,2025-04-05,Ipswich Town FC,Wolverhampton Wanderers FC,1,2,A,1,0,H,6,22,2,7,4,8,12,16,2,2,0,0
2024/25,2025-04-05,West Ham United FC,AFC Bournemouth,2,2,D,0,1,A,9,11,3,4,4,7,13,13,2,2,0,0
2024/25,2025-04-05,Aston Villa FC,Nottingham Forest FC,2,1,H,2,0,H,17,19,8,3,4,4,7,15,2,2,0,0
2024/25,2025-04-06,Brentford FC,Chelsea FC,0,0,D,0,0,D,9,21,2,5,3,6,12,12,1,3,0,0
2024/25,2025-04-06,Fulham FC,Liverpool FC,3,2,H,3,1,H,12,14,6,6,4,4,10,9,3,0,0,0
2024/25,2025-04-06,Tottenham Hotspur FC,Southampton FC,3,1,H,2,0,H,13,12,8,4,4,1,16,20,1,1,0,0
2024/25,2025-04-06,Manchester United FC,Manchester City FC,0,0,D,0,0,D,13,9,2,5,5,3,13,9,3,2,0,0
2024/25,2025-04-07,Leicester City FC,Newcastle United FC,0,3,A,0,3,A,7,16,2,5,12,2,8,9,2,0,0,0
2024/25,2025-04-12,Manchester City FC,Crystal Palace FC,5,2,H,2,2,D,21,8,9,3,1,4,10,16,2,3,0,0
2024/25,2025-04-12,Brighton & Hove Albion FC,Leicester City FC,2,2,D,1,1,D,21,15,7,6,3,6,9,11,2,5,0,0
2024/25,2025-04-12,Nottingham Forest FC,Everton FC,0,1,A,0,0,D,10,13,5,5,1,7,9,13,0,3,0,0
2024/25,2025-04-12,Southampton FC,Aston Villa FC,0,3,A,0,0,D,7,25,2,10,2,14,11,4,3,1,0,0
2024/25,2025-04-12,Arsenal FC,Brentford FC,1,1,D,0,0,D,14,3,3,2,13,5,7,9,1,3,0,0
2024/25,2025-04-13,Chelsea FC,Ipswich Town FC,2,2,D,0,2,A,34,13,9,4,15,4,11,7,2,2,0,0
2024/25,2025-04-13,Liverpool FC,West Ham United FC,2,1,H,1,0,H,15,11,6,4,10,3,15,8,0,2,0,0
2024/25,2025-04-13,Wolverhampton Wanderers FC,Tottenham Hotspur FC,4,2,H,2,0,H,13,11,5,4,1,4,12,15,1,2,0,0
2024/25,2025-04-13,Newcastle United FC,Manchester United FC,4,1,H,1,1,D,13,9,6,5,7,2,7,9,0,2,0,0
2024/25,2025-04-14,AFC Bournemouth,Fulham FC,1,0,H,1,0,H,12,12,3,7,6,9,11,10,3,2,0,0
2024/25,2025-04-16,Newcastle United FC,Crystal Palace FC,5,0,H,4,0,H,14,11,7,4,5,4,9,15,2,3,0,0
2024/25,2025-04-19,Brentford FC,Brighton & Hove Albion FC,4,2,H,1,1,D,16,12,8,3,4,8,7,11,3,3,0,1
2024/25,2025-04-19,Crystal Palace FC,AFC Bournemouth,0,0,D,0,0,D,5,15,0,4,5,4,13,10,3,4,1,0
2024/25,2025-04-19,Everton FC,Manchester City FC,0,2,A,0,0,D,8,12,3,7,2,5,7,6,4,0,0,0
2024/25,2025-04-19,West Ham United FC,Southampton FC,1,1,D,0,0,D,12,15,4,4,2,5,14,13,2,1,0,0
2024/25,2025-04-19,Aston Villa FC,Newcastle United FC,4,1,H,1,1,D,23,10,9,3,7,7,9,12,1,3,0,0
2024/25,2025-04-20,Fulham FC,Chelsea FC,1,2,A,1,0,H,6,13,1,8,6,4,13,9,1,3,0,0
2024/25,2025-04-20,Ipswich Town FC,Arsenal FC,0,4,A,0,2,A,4,24,0,7,0,12,10,7,0,0,1,0
2024/25,2025-04-20,Manchester United FC,Wolverhampton Wanderers FC,0,1,A,0,0,D,12,4,2,2,9,2,11,18,2,3,0,0
2024/25,2025-04-20,Leicester City FC,Liverpool FC,0,1,A,0,0,D,5,28,0,10,1,13,11,7,1,2,0,0
2024/25,2025-04-21,Tottenham Hotspur FC,Nottingham Forest FC,1,2,A,0,2,A,22,4,6,3,7,1,11,12,1,4,0,0
2024/25,2025-04-22,Manchester City FC,Aston Villa FC,2,1,H,1,1,D,14,7,6,3,10,2,9,10,3,3,0,0
2024/25,2025-04-23,Arsenal FC,Crystal Palace FC,2,2,D,2,1,H,12,15,6,4,3,6,4,6,1,1,0,0
2024/25,2025-04-26,Chelsea FC,Everton FC,1,0,H,1,0,H,10,6,7,3,10,2,11,11,0,0,0,0
2024/25,2025-04-26,Brighton & Hove Albion FC,West Ham United FC,3,2,H,1,0,H,16,12,9,4,8,1,7,9,1,1,0,0
2024/25,2025-04-26,Newcastle United FC,Ipswich Town FC,3,0,H,1,0,H,25,4,5,0,11,2,9,9,1,2,0,1
2024/25,2025-04-26,Southampton FC,Fulham FC,1,2,A,1,0,H,7,26,3,5,0,13,10,12,1,1,0,0
2024/25,2025-04-26,Wolverhampton Wanderers FC,Leicester City FC,3,0,H,1,0,H,20,8,6,2,4,2,7,17,1,4,0,0
2024/25,2025-04-27,AFC Bournemouth,Manchester United FC,1,1,D,1,0,H,8,25,1,6,5,10,11,12,4,2,1,0
2024/25,2025-04-27,Liverpool FC,Tottenham Hotspur FC,5,1,H,3,1,H,25,8,8,3,8,2,16,9,2,1,0,0
2024/25,2025-05-01,Nottingham Forest FC,Brentford FC,0,2,A,0,1,A,14,11,5,3,4,5,10,12,3,5,0,0
2024/25,2025-05-02,Manchester City FC,Wolverhampton Wanderers FC,1,0,H,1,0,H,9,6,2,1,4,5,7,11,0,0,0,0
2024/25,2025-05-03,Aston Villa FC,Fulham FC,1,0,H,1,0,H,10,11,3,3,5,3,6,17,0,5,0,0
2024/25,2025-05-03,Everton FC,Ipswich Town FC,2,2,D,2,1,H,8,12,3,5,3,3,12,15,4,4,0,0
2024/25,2025-05-03,Leicester City FC,Southampton FC,2,0,H,2,0,H,14,8,4,2,7,7,12,13,1,3,0,0
2024/25,2025-05-03,Arsenal FC,AFC Bournemouth,1,2,A,1,0,H,13,9,4,2,2,3,7,16,0,2,0,0
2024/25,2025-05-04,Brentford FC,Manchester United FC,4,3,H,2,1,H,12,14,6,5,7,4,8,10,0,2,0,0
2024/25,2025-05-04,Brighton & Hove Albion FC,Newcastle United FC,1,1,D,1,0,H,5,13,2,5,1,4,15,10,2,1,0,0
2024/25,2025-05-04,West Ham United FC,Tottenham Hotspur FC,1,1,D,1,1,D,11,7,2,2,1,3,18,15,2,2,0,0
2024/25,2025-05-04,Chelsea FC,Liverpool FC,3,1,H,1,0,H,17,11,7,2,3,6,10,11,2,2,0,0
2024/25,2025-05-05,Crystal Palace FC,Nottingham Forest FC,1,1,D,0,0,D,20,12,3,4,7,4,9,15,3,8,0,0
